label_gang_mem_list,pred_gang_mem_list,jaccard,subgraph_gang_label,subgraph_node_map
[],[],0.0,0,"['779714670', '302232831', '1688111192', '3485955522', '1175565222', '1637933807', '2344790215', '2252979812', '886324565', '170206816', '740568972', '1249394571', '1138873406', '3162994362', '3113901726', '2955342110', '3132093331', '3146043563', '2295082898', '506290111', '986591528', '686768945', '1481221791', '2137372635', '2908798741', '2763363377', '54563430', '1154716735', '386292268', '1186229967', '2801749932', '3606270291', '3177438576', '1930065562', '2240705728', '920229538', '2168217137', '1735493137', '2440618677', '820967142', '3736136949', '1130500863', '2660349240', '1373002842', '2647791171', '416771001', '3031871926', '510996942', '2535072335', '535172713', '1671212184', '814339104', '2939402959', '2371899242', '3330069863', '324881793', '122211104', '1100937812', '320303942', '826728341', '2355099889', '424891724', '3419527797', '1513840608', '256210528', '1092980234', '1895205864', '330031487', '1952044133', '214902677', '734956418', '2002355176', '681250672', '1735704181', '1075342026', '1776361571', '2347747415', '1658876233', '1019811819', '2161817103', '687316023', '278717671', '2103300144', '2621283019', '2075244741', '220279305', '814698323', '2544464237', '1634605974', '3308419554', '1870259124', '3362571374', '2039715137', '3639641850', '1088587173', '3751539019', '1841558469', '1719562831', '1106341612', '2815202861', '299605687']"
"['1950893598', '1435432334', '521349783', '2246359256', '2784751172']",[],0.0,11,"['1950893598', '1435432334', '521349783', '2697550721', '972621105', '2343255903', '1922280290', '2246359256', '846948183', '871338303', '3503079134', '2905919708', '2563011327', '2784751172']"
[],[],0.0,0,"['1783013576', '1537036565', '287259719', '2315201460', '1435535014', '923136012', '3652800663', '1324472130', '2268681935', '366365728', '1801150740', '3184432244', '2344175063', '2356519562', '2695911132', '1276197885', '1262278143', '2054726302', '1465191105', '1346974696', '2484880250', '1638358688', '873872622', '1019547977', '1767789555', '1234466218', '2107179981', '2598982509', '2042815008', '705163816', '2059192842', '1330210209', '994053874', '41255504', '365675047', '1494721816', '1484006662', '3162112241', '1900342974', '383326083', '196227883', '1957006101', '800446821', '2940164331', '501812531', '2321048939', '2949384930', '2429521731', '2676528826', '133871882', '911538023', '1928544612', '1285576300', '392905800', '2779816608', '2940134781', '2956815119', '1224692005', '3323487517', '2282197007', '644726636', '1350028219', '4009506918', '3724963138', '3389725586', '2123414507', '1318927281', '1642400273', '1281024348', '4038500393', '815965042', '3176058161', '2102849327', '304243675', '927494583', '2100131818', '1987856713', '1341520684', '122541926', '1859717286', '3388234487', '3335895202', '246489499', '1093362534', '573735899', '2739155784', '1244183567', '85506052', '1390779815', '2087850931', '1148076020', '3492479528', '1853281205', '2400864018', '3340942186', '2386886824', '214306615', '659389644', '3053895297', '1052068485', '390208669']"
"['1081760976', '1147001897', '4114648170', '705632443', '2682088207', '2134800456', '2207539368', '483036490', '4102466983', '2619303310', '2652877530', '3131148714']",[],0.0,16,"['1081760976', '4133646190', '1147001897', '1998969473', '4114648170', '1121088556', '705632443', '243932462', '2682088207', '2134800456', '2207539368', '483036490', '4102466983', '2619303310', '2652877530', '3131148714']"
[],[],0.009900987148284912,0,"['1106566706', '1199499232', '1997283514', '2534997730', '1438325130', '736545638', '1046487337', '1202249320', '2523261181', '1986725419', '1171032662', '2577061006', '755557382', '1581419507', '2087341334', '2153921380', '2992581133', '1534573183', '1828734579', '1963047018', '1129762260', '2184948413', '917340036', '334619289', '628424517', '410578284', '610059785', '2276852972', '4015214627', '4095972043', '2449762280', '267258629', '1172152822', '1092005207', '3409128450', '2089483813', '3752605730', '1207269005', '3370305720', '3743261018', '1635742410', '1410255939', '379762177', '879953064', '1348547739', '114165120', '907203772', '1303134161', '1903992182', '4025137460', '199791098', '1821520062', '3103348301', '2688697915', '3188052921', '1916872411', '2861405975', '3437763967', '1499147221', '1583211780', '835696757', '905538670', '919257303', '1829265177', '2537681575', '1915180344', '2326966802', '1051610343', '2954939800', '897915015', '1005069312', '2908582643', '2103884372', '2239178807', '3154703347', '1113645939', '1209984052', '2736112515', '1848439823', '964942885', '1978753814', '4018928232', '587300475', '1340667808', '1893735518', '2002253538', '3415482503', '1356918741', '3367744365', '1734834617', '340497523', '3414513551', '4089545771', '2990447240', '2583245264', '1515622907', '2298014562', '1846572163', '2072128367', '644146226', '2608961229']"
"['1677567848', '1166585248', '3644697096', '747602056', '3661200507']",[],0.0,4,"['1677567848', '1166585248', '3644697096', '747602056', '3661200507', '2639350869', '1073803100']"
"['2198286133', '3614544735', '1561353521', '2827046813', '2556468540', '748213253', '2053085545']",[],0.0,2,"['2198286133', '3614544735', '1561353521', '2827046813', '2556468540', '571368902', '748213253', '2053085545']"
[],[],0.0,0,"['1541112519', '2446507120', '2024112320', '2014310460', '2465806335', '927838343', '784364147', '1275365006', '719287217', '2827975425', '2131084025', '2225203700', '915339401', '2360577803', '1333390921', '1676082082', '1151574990', '2596346932']"
[],[],0.0,0,"['3169584805', '3032280777', '2736507456', '2431341407', '3496692885', '2961256014', '3631997618', '391282480', '1986062773', '2603470215', '2635323007', '434229160', '419740423', '3335243820', '1118210976', '3047137236', '1353122208', '231646580', '121138980', '412215835', '841755400', '2344090564', '3128187129', '836478042', '443772969', '983319421', '3181751747', '483575006', '855297247', '2865971022', '2527052004', '1858564581', '2721829200', '2400693657', '2569822960', '903023064', '1805520141', '2205458148', '2708221081', '118532001', '1142572982', '1459889960', '3774991147', '2920153925', '1794091419', '329505967', '2173193125', '2246955718', '3353819474', '346557671', '1131813935', '110023814', '1172242101', '2998454038', '734049200', '754030541', '727093631', '30061945', '3149965513', '2624787200', '966965118', '932757494', '2669887108', '2898717240', '1147129117', '1420416725', '1738222896', '1128064338', '1696029014', '4093848162', '1458846606', '266049295', '1350120941', '346762055', '287804895', '1150547814', '2747787415', '2521575225', '1248584727', '2808865722', '3323967305', '683601674', '1827191977', '2037007334', '3670169144', '885031828', '755642568', '219819021', '3692600399', '2198638800', '1182907982', '618354175', '2673797916', '3616792228', '257197042', '2111030825', '1339850210', '989613174', '2880166583', '205603342', '2804169844']"
[],[],0.0,0,"['3648757662', '400751404', '3117402315', '33188639', '1128636791', '3339178409']"
[],[],0.009900987148284912,0,"['963883819', '2971147028', '2261251480', '754596975', '2798044317', '2808207137', '3387639096', '3405864736', '313488681', '1704007065', '2418514049', '1761893018', '2956329927', '738651114', '51343818', '2453940715', '3409458699', '1549200919', '1548637898', '616585634', '10856424', '2617807056', '370091086', '1315627233', '351959628', '1695477822', '2718323016', '1956096716', '2238159880', '1896716465', '2322181215', '853518742', '1112842411', '2345692405', '2198431941', '2886562370', '3159090969', '1524840715', '2011802228', '1705291184', '2777817322', '2855912223', '876890740', '3682229479', '1877655528', '2132555558', '1170301513', '3149171055', '2470322366', '3043052499', '1492065141', '2117354166', '1821498540', '1819293701', '916223836', '1859317966', '1394148172', '388212154', '1756294310', '1081899106', '432501799', '3363577571', '2905505327', '2232772214', '86747956', '2892294725', '4118595148', '1061442963', '2884295012', '1976087079', '2447321437', '1547715382', '2601237423', '2267421652', '2436681113', '2315541738', '395394240', '3317215022', '2624082107', '437282324', '1478960494', '619803067', '2340170246', '1613055737', '2120941882', '2933934328', '693832965', '621696383', '2276147115', '2159540286', '1551763068', '1038821940', '114420233', '2846982640', '2153956319', '982554708', '611272954', '150028377', '1230069636', '1361046465', '3311307647']"
[],[],0.0,0,"['744158450', '869929186', '1827948833', '2853886538', '1460516303', '3727116434', '2210077325', '2685730664', '1262743937', '3127047100', '1414102469', '3134964485', '107478528', '3679701969', '1768360422', '2275732712', '93060378', '823691673', '2244974053', '2791884419', '1516820201', '1434788735', '541539465', '2172527612', '1687880325', '689114822', '673220687', '90441347', '3613260921', '2372196694', '238266537', '3674612977', '714868021', '364886589', '2586876317', '3690028474', '2999847505', '1026403743', '2853575413', '3697505876', '1407227792', '2475703440', '1558055043', '2226862514', '1580280130', '2079652246', '1674259703']"
[],[],0.0,0,"['1183258220', '854160100', '1105022701', '638312083', '988645037', '940972864', '2685636531', '402426582', '2980540023', '382308515', '869260962', '2300455327', '1477682807', '2824709520', '1277334634', '2768106813', '2724790351', '1982126029', '812694700', '3644264014', '2613059101', '207439198', '1194169717', '871233526', '1590571139', '1705458143', '1574530583', '1102029867', '1532154113', '687742913', '1382351205', '4033813973', '233101954', '1013179014', '2974311511', '2722995723', '1925212417', '1525684245', '3188077065', '1316531763', '269973535', '2401892629', '3469067207', '2803034526', '1047474130', '1684904744', '1361614216']"
"['685091341', '998966809', '4120580452', '2617025730', '1492320165', '1525974243', '61550919']",[],0.0,4,"['685091341', '998966809', '4120580452', '1089648054', '2020245141', '1597949535', '1151302076', '1632644384', '2617025730', '3151783389', '1492320165', '1525974243', '3389543899', '61550919', '2988324158', '934783004', '1892977267', '1792823443', '1556256788', '1773434599', '3488953817', '3789668710']"
"['882977157', '1629834945', '2070858124', '2463510109', '1414658055', '4074328524']",[],0.0,4,"['882977157', '13354983', '1629834945', '2070858124', '2601637429', '17560810', '2463510109', '1414658055', '1560210510', '4074328524']"
"['4088018464', '2570991719', '317606423', '2773552835', '4161176699', '2169325027', '2603796271', '706244560', '2436930074']",[],0.0,4,"['4088018464', '1945730836', '2570991719', '1006110736', '1077444426', '2468985937', '317606423', '1338938495', '2773552835', '929106213', '380648174', '3417072693', '3122818423', '834881260', '667523567', '2452312727', '2351979844', '145638945', '2494193102', '817697582', '1490189178', '27662251', '4161176699', '2169325027', '212908441', '2640107542', '2371761615', '4157011040', '2603796271', '805880681', '1511466018', '1656426389', '706244560', '2436930074', '152111052', '599489776', '775351700', '1327642151']"
[],"['1045322295', '1517714542']",0.019801974296569824,0,"['880605963', '880604323', '311574186', '35738423', '1045322295', '1517714542', '46139106', '4006732448', '2525935914', '2325923130', '388404538', '359261981', '3368416702', '1323563698', '1063879030', '1498854196', '3611760416', '766857975', '2177748014', '2537698777', '2359016852', '1852413033', '2962389636', '1278227384', '2487084400', '2310882200', '2156527208', '2348832310', '3154095018', '254629016', '1847020972', '3147232730', '1028545173', '430235582', '1916531552', '864172436', '409924948', '813483070', '2315835306', '2493976062', '873553100', '2688050826', '2262161081', '3310362814', '2649592039', '2241272643', '4045600436', '1071558960', '151102710', '2629974913', '610554438', '687151881', '2878931534', '3055637362', '1089942911', '1209659919', '457070514', '1204045558', '1580076890', '3720211600', '1217123191', '780428755', '4061175081', '1646864220', '614294402', '1242931529', '2093613632', '1035179681', '3173645431', '272957340', '139232955', '255251204', '735959539', '159712712', '2222507467', '1658189203', '3389936798', '169044699', '3176318063', '2530373037', '830960827', '2770046942', '477489598', '68905151', '1095179182', '1553081641', '1336439216', '2200522261', '3113666011', '3368699787', '434740996', '2766509881', '1250210474', '919474243', '1454964419', '946387704', '632922406', '644187686', '257309070', '899014408', '2682803232']"
"['2403889122', '2871916622', '373027203', '1501179105', '3651643205', '199326624', '2749398159', '2447936264']",[],0.0,15,"['2403889122', '2871916622', '3631803858', '373027203', '2080468874', '2943696532', '2807144006', '2376433104', '1501179105', '4096584548', '3651643205', '1933927124', '846519274', '199326624', '2749398159', '1408613353', '2447936264', '2751525726']"
"['4140372785', '3431475083', '1168664111', '3673720069', '2077488894', '2778268552', '2608890946', '3656894836', '909377449', '780048542', '1942255627', '2410838469', '950313811', '2587669841', '648426244', '1394498888', '4000928362', '647264792', '691137199', '1336469310', '4129444497', '1464683155', '1378335729', '546654557', '4096310562', '1246769412', '1342573847', '1497106259', '2490920672', '1757204846']",[],0.0,8,"['4140372785', '3431475083', '1168664111', '3673720069', '220415784', '1744950406', '3759361539', '114693894', '2077488894', '1854629757', '966515293', '3703524501', '2778268552', '629975938', '4048879721', '451182012', '1980850821', '2608890946', '1940267914', '800142653', '965781159', '134040808', '751570302', '1620064563', '2697110266', '2659301775', '438001225', '3423747162', '1565303446', '956513423', '3656894836', '1371759996', '387926825', '909377449', '1364870058', '1988591463', '780048542', '1942255627', '2410838469', '950313811', '722274145', '122191331', '2587669841', '2806830179', '2452863211', '2426451763', '1986872139', '1859798558', '648426244', '2165738269', '3057209648', '1394498888', '4012580913', '2184119703', '4000928362', '4028793655', '647264792', '1896434269', '4016637583', '93110904', '1194220779', '4046624546', '1619625391', '691137199', '3613243947', '927657892', '423925487', '4073307094', '945954662', '2692462303', '1832809646', '1336469310', '4129444497', '1464683155', '303158484', '1680722731', '1378335729', '2842435381', '3324986581', '1722335922', '546654557', '3384754988', '1797108099', '4096310562', '1246769412', '591458429', '2363292404', '889427793', '4102773445', '1342573847', '1497106259', '82851802', '1954702855', '422821672', '3437270581', '2810181435', '2490920672', '4135587804', '1738219462', '1757204846', '4026110635']"
[],[],0.0,0,"['2159554165', '3388020712', '1713743762', '3312891268', '402005143', '1342052569', '1677623192', '1429832354', '3366539412', '2621804346', '55594988']"
[],[],0.009900987148284912,0,"['1226131933', '1602199473', '2113490080', '1464664006', '2745071110', '716713720', '1617108126', '411706247', '2143502127', '2851101183', '1901701643', '1494769241', '373960415', '1849876002', '1799976821', '1336879135', '2149755026', '281744520', '1385482441', '2288352416', '1493209310', '1765121701', '1501016109', '2756813221', '729213532', '2172573582', '4054278936', '1547190008', '2717556627', '579428215', '1856553706', '1001260962', '2164597738', '1203058824', '2503582182', '2455675612', '813425778', '2675320617', '2832976622', '2637928018', '2423210200', '1741066916', '1603003315', '2319148243', '569224015', '255932225', '2684072407', '1760051071', '1675941711', '152407156', '970050080', '1783519829', '2299913219', '3153177368', '1781675424', '1257293064', '2087174320', '1829724815', '2337349333', '956294701', '758669708', '1245241931', '19096055', '2059840012', '1086809500', '2117231706', '326699122', '1080685362', '1864104324', '3134453086', '2020573419', '876939784', '784131762', '757952500', '1812765334', '1045303414', '1635099069', '643584322', '2590749841', '2684264505', '967241027', '2334916438', '1101310184', '262389415', '3103002817', '2180372310', '2461235384', '1983589135', '1573016480', '638431840', '840247039', '3137135945', '562303808', '1746559535', '2713519640', '2969754080', '1047987264', '177515743', '1933356607', '2379433900', '3399616126']"
"['4094568020', '4133072837', '596909319', '1081879389', '3364826477', '4139680836', '753453958', '4140213749', '1253483785', '263357680', '1163991742', '869790596', '3757594724', '2525829053', '2859857078', '3164487741', '4133665335', '3414808615', '4038710252', '3334654529', '1426682856', '4114447779', '4162369301']",[],0.0,6,"['4094568020', '4133072837', '596909319', '3329043054', '1081879389', '4086340759', '2182844998', '4000787441', '2098831749', '3364826477', '223985153', '2827589902', '1986879666', '3054348907', '4139680836', '1316484649', '938970034', '753453958', '2607458040', '4140213749', '4008485224', '1253483785', '2981116308', '263357680', '1711246812', '4087196037', '4101616481', '1163991742', '2155861239', '310224965', '1515972254', '69999798', '869790596', '1326640380', '3757594724', '3107483091', '2525829053', '1245627234', '2859857078', '218781930', '1701385429', '3033841068', '3164487741', '4133665335', '2619685832', '1014439086', '212385972', '602616968', '4093030765', '1518273689', '2252190249', '3414808615', '960631959', '582245672', '329338769', '4038710252', '3407399741', '3334654529', '1426682856', '242607841', '2645759656', '1857368033', '2644630465', '4104713141', '700121846', '1498450946', '769945477', '1722846609', '3331935333', '4102267411', '2061835265', '2125992360', '1292612679', '1706882591', '4107391299', '217348965', '3334961685', '2669645069', '776662182', '717332464', '4114447779', '1315268528', '101398381', '532989033', '4061416537', '605728111', '4162369301', '977466998']"
"['2059157896', '3642358056', '1017815428', '4103780708', '157779949', '1722422715', '3664281206', '2172344655']",[],0.0,6,"['2059157896', '3642358056', '683974629', '2147520263', '1970793429', '290201330', '1786901499', '922832248', '1444048820', '1031536848', '1479504012', '956276822', '1387798074', '1982491410', '681171567', '530947220', '554319227', '1911323267', '1290819072', '4042860334', '1763521217', '2410783547', '174338216', '1038756654', '3362486151', '3110481749', '1124405095', '1017815428', '2655655962', '1431774621', '4103780708', '157779949', '4162066061', '2566088358', '2273970656', '1603687841', '489360076', '2526283140', '1617589578', '1722422715', '2009268343', '4118969016', '3381409053', '2171850072', '1952337282', '3664281206', '3615774080', '1037508306', '2172344655', '2545247260', '3136782350', '2303494905', '3038793492', '2985254302', '1619697062', '3441722946', '1287507121', '1934760782', '1968930180', '4034131802', '1123593273', '1637481524', '2172149665', '302613354', '1090681594', '997353184', '3062309180', '250051316', '1491941105', '828984310', '2571625738', '1361175154', '2940161542', '32410650', '2193891026', '2206643561', '1507947876', '858048778', '2361308800', '1701934408', '2178544932', '919755581', '3644539586', '204259828', '1018960354', '1620812976', '1920815950', '1970240173', '1541337741', '1141295281', '1796616039', '1502301558', '1800277257', '4019289281', '592530361', '2896714905', '811995717', '4119190427', '446411065', '284790329', '1275505383']"
"['2028381021', '3799041449', '2838032833', '3038724703', '1692848487', '222727449', '1475300559', '3314214061', '1326715012', '2152271733']","['1149218717', '3799041449', '2838032833', '222727449', '1326715012']",0.3636363744735718,3,"['2028381021', '1149218717', '546566480', '3799041449', '2838032833', '3038724703', '1475474360', '1692848487', '222727449', '1475300559', '2899735638', '2466923580', '3314214061', '1326715012', '2152271733']"
[],[],0.0,0,"['1863647369', '1187870700', '1769971580', '2821303181', '24113577', '1720247020', '1271028418', '1294759233', '549897332', '2635287208', '1478531123', '946353363', '2483475112', '2779507503', '2969299519', '1288142315', '2739398540', '2065350741', '1129347138', '1706318454', '656340721', '2414191483', '3167010490', '2257590403', '3314060815', '2811822230', '1089192302', '1352144509']"
[],"['792160209', '2183795145']",0.019801974296569824,0,"['1076679820', '1606580336', '2541656103', '792160209', '879272801', '965075310', '2183795145', '1202280200', '1286305831', '817588332', '236160910', '2315461359', '1606743416', '3626360409', '1789252848', '3689204885', '2360555427', '1496531701', '2546182022', '1997772769', '603981838', '2375792156', '296328596', '1088899244', '390090487', '2302243939', '2665324832', '1682848110', '1587357335', '4080772460', '1229393244', '374613089', '3760081246', '2316527618', '1164153267', '613479821', '438218495', '2477053725', '2463523937', '2683393521', '927456648', '2136825287', '2299010613', '2109645874', '1404871169', '2985013573', '2205251677', '2047000661', '2293500774', '3788580616', '470362527', '1294895000', '31702967', '2731183903', '2089417234', '2184360294', '1921077234', '2753937181', '2436930327', '2271653617', '2024598121', '2930570614', '910097281', '1727071435', '2747552560', '2452703983', '1901946543', '127896347', '1869118118', '2847943362', '331418690', '1817283302', '467495337', '1911037631', '1383370552', '1328028935', '724250266', '2802838026', '250341395', '1015220206', '2290100223', '1416742338', '512521340', '689135662', '1856357404', '2127577857', '2308097641', '585355621', '2915879532', '2054263276', '2324814481', '80811655', '2970906432', '1183503414', '1565657283', '1638483200', '41641244', '2004524521', '101098194', '678169524', '2818957660']"
[],"['1461906030', '2244084601']",0.05882352590560913,0,"['757180782', '1384492524', '2760090520', '2345226405', '1461906030', '3440011460', '691938434', '1600916242', '929416800', '2017181601', '2244084601', '3320212562', '279692889', '957334330', '1298976277', '2162270475', '14784713', '393775266', '2677248012', '2575493581', '1450953438', '1684909100', '2762582200', '4045310083', '845181084', '1177055518', '1300489577', '2044591179', '668259233', '1425449682', '2751602844', '2357349361', '2565660981', '878495207']"
[],[],0.0,0,"['1174471315', '1242301880', '2485665530', '1407603041', '1779155640', '961477218', '605423830', '707673725', '2302878303', '623210066', '1371098281', '3313254396', '1306422868', '2151238306', '1871156805', '311486541', '818696371', '2377183623', '1248206463', '819458821', '1548445402', '1037009530', '2453445135', '978730306', '661453780', '23885242', '1408425162', '204498880', '2576324940', '2282681124']"
[],"['1098983911', '2981383643', '2726964800', '367119818', '117292320', '1261298430']",0.05940592288970947,0,"['1370039310', '215422535', '492816895', '1033826323', '1052104750', '1929741421', '1659197004', '2212863280', '2658449062', '1397037461', '2363295833', '1095637361', '1852496380', '2573125413', '1573047911', '945067904', '2047741543', '4162420903', '34833505', '2233299602', '775873722', '1175762880', '2775161702', '1330448721', '1737041880', '1983556420', '3048099572', '2294798634', '863998450', '854842480', '2801638669', '591237535', '543251702', '3143035621', '787189201', '1005430378', '4120189766', '1030825142', '970718110', '773485442', '2784238729', '2063870984', '894241472', '1808420362', '2834094780', '1946164910', '2662808625', '1861233981', '2275986121', '1002436780', '966325241', '2434389743', '2579813760', '1575169300', '86194545', '2554855032', '1927057631', '2061607110', '1625303260', '668481263', '2802002982', '600249717', '941521220', '2476296816', '705500564', '2059810908', '2244713360', '1008641382', '974114383', '1716110379', '3173503500', '2298324440', '27776635', '1604130830', '272387040', '2513193940', '2604346840', '2733422683', '1444238600', '793137700', '1774764961', '123533834', '1068823820', '2840535540', '2858024082', '668079705', '940763361', '1814355081', '1477053963', '1077905560', '1098983911', '781177828', '2981383643', '1417663260', '1225950442', '858504444', '2726964800', '367119818', '117292320', '2096425', '1261298430']"
"['737171009', '879419309', '2416455328', '3647143409', '1923457386', '916351836', '3647777114', '2955900947', '2640356634', '1615820711', '2108723723', '2567031846', '174475547', '95137025']","['879419309', '1516619565', '2416455328', '323424165', '1923457386', '3647777114', '2955900947', '2640356634', '2567031846', '174475547', '95137025']",0.5625,4,"['737171009', '404372337', '879419309', '1516619565', '2416455328', '323424165', '3647143409', '1923457386', '916351836', '3647777114', '2955900947', '3062556947', '1451883907', '2640356634', '1615820711', '2108723723', '2567031846', '174475547', '3646768807', '4029891765', '95137025']"
"['2417417880', '2708339323', '756858753', '3470903985', '2936624682', '1174214757', '642550444', '1580655091', '2986643300', '2321142057']",[],0.10000000149011612,7,"['2417417880', '2708339323', '756858753', '3470903985', '2455928246', '2936624682', '1174214757', '642550444', '309250418', '1242447421', '2776612469', '1580655091', '275161649', '2986643300', '2220010324', '3350733117', '3372638739', '2906397173', '2416575174', '2321142057', '2245722382', '1673861227']"
"['353458465', '600534744', '4125338133', '495623066', '3700210914', '2823299824', '2783985062']",[],0.0,4,"['2536043533', '3683590350', '2256462202', '1871444443', '353458465', '600534744', '4125338133', '1067653604', '423653656', '2275644668', '1044610308', '495623066', '1872823468', '1352399574', '3700210914', '89464156', '345652184', '2823299824', '2783985062']"
"['4041974851', '4031974143', '2766790162', '4030698828', '2960961607', '4046698355', '4110465220', '4089261290', '1789993658']",[],0.0,3,"['4041974851', '118061044', '4031974143', '2766790162', '4030698828', '578000672', '2960961607', '4046698355', '4110465220', '187837944', '1550663896', '221240875', '4089261290', '1789993658', '4114530162']"
"['1916097845', '4106352369', '3753596505', '1650951822', '4105341640', '3148271360']",[],0.0,2,"['1916097845', '3756134719', '4106352369', '41345956', '3637751206', '3753596505', '374628653', '3788979508', '3406251545', '3422075220', '1911544397', '2449749273', '517086315', '3372447518', '2083217631', '2150108151', '1121559187', '1556178537', '2124973417', '434626036', '893226524', '3139858690', '875460999', '3032231251', '4086159478', '2817781822', '2741646739', '1215686689', '1359880666', '2011670943', '136803989', '2771420064', '2302091945', '2071001861', '1921298415', '825771220', '1094311266', '1997150842', '1617609747', '2362453370', '211437611', '456228731', '2712211261', '1650951822', '701347774', '744604841', '1420542009', '2126416117', '1247597616', '2823595476', '481416241', '185297406', '2865029101', '1779037456', '744861163', '1044703445', '416793672', '4105341640', '292889915', '1978795082', '505385640', '3300827993', '3067012575', '3148271360', '1357548196', '2505382210', '1981240552', '1714009079', '1255138322', '97103186', '2490871344', '1543053020', '1720904016', '2047570124', '2098925919', '10256035', '3422166913', '2176761851', '3416262930', '1883200568', '1421562505', '1707280528']"
[],[],0.0,0,"['1805309260', '38662445', '2436506001', '2745113442', '197248600', '2487385853', '616376906', '1335510414', '2036449201', '2858374713', '818223340', '2476693860', '392357415', '1121249854', '834098600', '2557118627', '1137002880', '279645515', '3344144920', '356052195', '2487305237', '1792561613', '1741770907', '2697742561', '2769305240', '2061177982', '912972960', '4014551745', '2713185169', '2858199510', '774057600', '2227071689', '245845160']"
[],[],0.0,0,"['2812411814', '772843799', '2797710418', '3343242768', '2083394738', '1265047528', '1211540931', '2406890637', '1627509029', '381830843', '3630676453', '1041508633']"
"['4040921371', '4012207135', '992813487', '2713406963', '2697648577', '3612136828', '1599523883', '4122123404']",[],0.0,6,"['4040921371', '3133373756', '3669770037', '4012207135', '992813487', '4010600425', '1172873655', '3740979645', '2670009538', '1065152399', '1498398664', '2386068008', '4001282027', '2713406963', '381652597', '4119921229', '2579356446', '2697648577', '480385705', '1117798540', '3427026001', '4086251627', '3612136828', '1599523883', '3356146975', '4122123404', '1786949832', '201084746', '4063178908', '3039251939', '2159014012', '3424332350', '48456009', '922620782', '1026031529', '4118935559', '2471572374', '750663375', '507195404', '2270737367', '2037776954']"
"['204714252', '93239539', '3452179998', '1224066557', '658803481', '1494784179', '3441538964']",[],0.0,6,"['204714252', '93239539', '3452179998', '1224066557', '658803481', '1494784179', '324911625', '3441538964']"
[],[],0.0,0,"['2691488333', '1737781105', '1606127773', '930360164', '2827289201', '1393527338', '373106014', '641805835', '53365888', '1001105823', '3363349447', '1081945913', '614481032', '3375379138', '2227815220', '852374705', '888861810', '699606307', '3107574765', '1150684077', '952793556', '311925588', '3343438772', '3607889948', '642702110', '1668648517', '2843314308', '2122998650', '1057813601', '2320427985', '1930909183', '1062072412', '605125570', '1346041169']"
"['4039173544', '111246274', '2035957744', '501220067', '658247904']",[],0.0,11,"['4039173544', '111246274', '2035957744', '501220067', '806826641', '862216261', '2633574577', '2207097020', '1710173105', '1296196846', '1821814425', '909448757', '638045135', '658247904', '706111994', '1822829554', '3684913145', '2463988205', '3666336376', '1069919017', '1723659710']"
"['411417497', '3718947901', '1880305248', '839043507', '1008951189']","['3718947901', '1158484459']",0.1666666716337204,2,"['411417497', '3718947901', '2792392875', '1880305248', '839043507', '1158484459', '1008951189']"
"['2475926902', '1989901570', '983027324', '1347085135', '1011940503', '934346630']",[],0.0,8,"['2475926902', '1989901570', '1234143493', '983027324', '147894575', '1347085135', '1011940503', '128097549', '934346630']"
"['1510515001', '2572094027', '1798242741', '2313786027', '2902454939', '1656377770']",[],0.0,3,"['1510515001', '2572094027', '1798242741', '2313786027', '1814408237', '872978569', '231754571', '2501234715', '2902454939', '242383452', '1656377770']"
"['199894721', '865031810', '1537294593', '2450147323', '2814608445', '282506893', '3161846486']",[],0.0,3,"['199894721', '865031810', '1486037183', '391111109', '2602179061', '1537294593', '2450147323', '2814608445', '282506893', '3161846486', '2676302506']"
[],[],0.0,0,"['1780077840', '2238131105', '1763960818', '2372280216', '2267403612', '1874166530', '812212122', '1085205100', '2199021185', '1115429255', '2009658042', '1200816301', '1857045214', '2787419321', '1654586181', '937463866', '1297437836', '764234536', '1089538321', '1206778480', '2711130222', '2979244440', '2612512707', '2290899300', '1758500334', '988671000', '911531300', '2225061702', '1800327027', '2528934115']"
"['3032095062', '1742688875', '83498973', '3623788333', '274400864', '1027383464', '2180519372', '1819337272', '3797979122', '78586496', '2327144603', '3671154611', '1789934705', '3048963400', '3769887407', '2372102721']",[],0.0,2,"['3032095062', '1742688875', '761820711', '2496686410', '83498973', '880658196', '324590294', '305506409', '1780924014', '809801552', '3623788333', '1405638668', '274400864', '1370688378', '481052334', '1027383464', '1600365528', '3659315230', '1861878740', '2670931007', '2162367319', '2180519372', '2239398857', '1408577466', '1819337272', '3797979122', '78586496', '3648714042', '3392177687', '3424501469', '2856826408', '1091752578', '2327144603', '3671154611', '1789934705', '3048963400', '1804059838', '2189974728', '1046116601', '2414458704', '3769887407', '2991904612', '517794738', '990205309', '1342072618', '2372102721']"
"['2316632892', '4122065849', '233354088', '1937924366', '1522487360', '2725922668', '961988443', '2418356262', '2164033248', '462679886', '1904357973', '1132130208', '3782582016', '2470693557', '570525913', '2464389127', '3611272462']","['1992004487', '233354088', '1904357973', '570525913']",0.1666666716337204,6,"['2087074516', '1939688341', '2364985375', '134697461', '1743796621', '3450004929', '4046123979', '1945589852', '2280261969', '3756985606', '1294269691', '3335448364', '2425618848', '3676554937', '2503582921', '1000078388', '2956902149', '797278944', '1908018394', '891900601', '3707344723', '336077698', '2320879091', '2003225658', '1992004487', '3340901400', '2316632892', '3187570983', '3670390533', '4000612853', '4122065849', '228141050', '1372088952', '233354088', '3104710623', '232707131', '570802332', '1937924366', '1522487360', '2725922668', '961988443', '2418356262', '2164033248', '462679886', '1904357973', '1094639986', '1132130208', '567842097', '3782582016', '3489252978', '547797988', '2470693557', '570525913', '2464389127', '3611272462']"
[],[],0.0,0,"['1466592831', '886617705', '153535147', '1313280822', '135066927', '1245773838', '4017122350', '3377779402', '209474886', '3111094626', '1891114837', '1480555184', '400853327', '4081301404', '2122252615', '418462619', '2552625004', '1695924436', '903689686', '2001624227', '991744069', '3133984223', '749475513', '1962167104', '351559738', '1335770576', '1028960956', '566253132', '2418583855', '183721034', '1114798338', '1967172045', '2242640187', '2796271477', '4017887737', '1697940766', '4076947666', '2162705376', '1495043229', '1018505407', '52532923', '340628432', '1433632050', '1457144503', '2924371940', '59760839', '1679787054', '3794070500', '832287178', '243543326', '2942364776', '2269106047', '70644237', '770586363', '237986514', '627665370', '1727037971', '362298445', '1473670632', '1606472379', '1417818715', '3676303264', '251981578', '153624728', '2665473850', '3470648836', '1036337475', '3739892537', '1590913770', '462797512', '1010522506', '3134164598', '153891872', '2457310272', '4101611981', '951831977', '3485190044', '142756051', '2120402993', '3418748990', '1401743914', '860849292', '1899890091', '3709247419', '1567175982', '809314263', '1611527516', '2129332158', '1556386239', '695180686', '1272314355', '1521439494', '2217289081', '3188736271', '236678097', '54431506', '1339393789', '1739856698', '1335494523', '1950360468', '1199317861']"
"['581126896', '2179686935', '1777384629', '727482382', '833474576', '4025639036', '4096417644', '4043962747', '4040670611']",[],0.0,4,"['581126896', '1788753368', '2179686935', '1777384629', '2278794242', '873553635', '1608673003', '727482382', '833474576', '4025639036', '199931897', '3426208117', '843254172', '4096417644', '4043962747', '4040670611', '1690354003', '2802415707']"
"['4136479452', '2267118666', '4014353474', '2702562679', '2372265228']",[],0.20000000298023224,2,"['4136479452', '2267118666', '4014353474', '3679716751', '2702562679', '2372265228', '2243533940', '2206935706', '1880180671', '2743004828', '864022254']"
"['4018184205', '4093990603', '3753651200', '1955485651', '1719612782', '1109374064', '2818992041']","['4018184205', '3753651200', '1719612782', '2818992041']",0.5714285969734192,5,"['4018184205', '1386064567', '4093990603', '3753651200', '1588019969', '1090665498', '1955485651', '1719612782', '1109374064', '2818992041']"
"['1872223635', '866619739', '1601418934', '1657804195', '2525083215', '1276358462', '1590305215', '4080617454', '2234161959', '1498613058', '3067180044', '635138883', '723192829', '349251249', '513277088', '773288166', '3722501946', '4135885949', '2171452762', '159160461', '4030305145', '548096897', '662246826', '440176034']","['1872223635', '105118063', '3709971729']",0.03846153989434242,6,"['1872223635', '866619739', '2323716321', '1601418934', '1657804195', '2525083215', '1276358462', '1590305215', '4080617454', '418618126', '2234161959', '1498613058', '3067180044', '635138883', '723192829', '349251249', '105118063', '868307611', '513277088', '773288166', '3722501946', '1592085415', '4135885949', '2171452762', '41966845', '556684040', '159160461', '3709971729', '4030305145', '548096897', '2637154661', '662246826', '440176034']"
[],[],0.0,0,"['1741004062', '2251763746', '2511759480', '2218508648', '2712222921', '2527581308', '831004761', '496495800', '2663499911', '80881780', '601331081', '2836300407', '412777975', '1014160132', '1135193060', '1073172880', '4058068462', '1692178601', '1333382608', '412101976', '1705549121', '177680465', '207856161', '664694309', '2040204122', '1610480742', '2680788203', '2736853681', '1573798202', '1240930120', '1460272123', '510184655', '1941018403', '1666773503', '816425602', '2365204013', '2329841716', '694485800', '1143493804', '2977397800', '1598456794', '2446442403', '1484434681', '2252967121', '2857597100', '2472376309', '1385019400', '898303341', '930724282', '2039918110', '303376135', '1510943228', '2853365320', '955266501', '550277215', '675397028']"
"['2598087932', '4101814853', '3141784264', '2609392474', '1552506185', '2468152164']",[],0.0,6,"['2598087932', '4101814853', '4035847348', '1490138321', '1787467888', '3148855237', '1697456660', '772731553', '3141784264', '671215026', '2680306035', '2609392474', '2138337502', '1802502740', '2844613813', '2582299480', '648335318', '1137057607', '1604244386', '1070897119', '394163545', '3777360628', '249996362', '1552506185', '2994104320', '1963463522', '1279810780', '744853513', '1883300152', '680677133', '282924255', '2794997801', '1757981437', '465637785', '1447241868', '1787365508', '736802739', '287388251', '1779069201', '4014197683', '1408666323', '2855789040', '2639553319', '3053793327', '1115953229', '2468152164', '594520287', '1030750304', '32059295', '3170079514', '2175971778', '2839426260', '545438897', '2893573807', '279115172', '2857851039', '1604853070', '4454987', '1531994762', '216824332', '2325720819', '2799525565', '1852629182', '3127302353', '310971835', '300199602', '2714109917', '1398606764', '3037442235', '246888671', '4094089383', '554352786', '3637938554', '719054609', '1072981977', '1037329751', '639759078', '796346764', '1206168763', '64301373', '706516401', '578355860', '818567318', '1285066528', '3129658816', '2615465525', '1705975949', '914040260', '2258606802', '692098204', '3374419342', '2051148166', '246764115', '2911495107', '1099767627', '2112549253', '1395677822', '1402343158', '2312269260', '169407796', '2092371525']"
[],[],0.0,0,"['1145659520', '184401071', '3058194935', '1780287117', '949049483', '1898614519', '1187309362', '1288180938', '1219139219', '834234777', '227030813', '1330920315', '2224909104', '1652272723', '1447648728', '2701340480', '258397572', '3166002058', '2181042101', '1091647977', '428475229', '1852205540', '1028805811', '1040436182', '1462006892', '2255721929', '2912157982', '3127257393', '548925858', '765074271', '2644246621', '2327559134', '3690754132', '2256403942', '594466807', '3781298743', '1954425876', '2966067016', '3437234164', '2426489741', '951138880', '872566101', '102830645', '3464104481', '3127130419', '3172359802', '3373273375', '580470419', '2209068045', '1378977855', '2359457322', '905307700', '253216668', '2591855008', '2340348634', '3643501561', '853778430', '1644880835', '1213630076', '4023613934', '1770798164', '2047442217', '2746028606', '1097636731', '1293927521', '3300150804', '544054902', '3662417690', '1634840823', '2745762147', '740357603', '4003452881', '2881739141', '1567918829', '3685373825', '1966502681', '524445098', '2143684464', '803683698', '1737167663', '1270255895', '3155356186', '1649089003', '1898128881', '1278972100', '882832244', '2113021501', '1727488344', '1874625872', '2061691015', '2777660468', '2709921549', '4162584854', '2649214703', '1948221506', '1969509543', '1843723122', '906542230', '715248863', '3166981064', '3405121288']"
"['1308438325', '466620527', '1458834667', '929692552', '2913221910', '4023575205', '4123447149', '3320886240', '2103551234']",[],0.0,4,"['1308438325', '132940667', '466620527', '1458834667', '1225131967', '3308397829', '2641445605', '827355929', '2270368300', '2748200574', '254280255', '2182985084', '1485201027', '1806921010', '1022330683', '2735483920', '2141640820', '2108676502', '2464592555', '2504221151', '537324937', '2008451336', '929692552', '2734912380', '1881404388', '4038041096', '369164775', '246358289', '2913221910', '3333192068', '339924051', '4023575205', '855881772', '2035353817', '260327667', '4103179977', '2285096359', '3346788070', '1989504340', '3420027470', '4123447149', '865990218', '790047641', '1522025217', '184816956', '757390821', '1936396334', '1042393701', '758640993', '1339393316', '613163118', '1881723942', '2816612738', '375911071', '2696370419', '3112505646', '4073424789', '2847632062', '1957437163', '37575391', '743018813', '2899944727', '1837420665', '3320886240', '1209378649', '1449743526', '348055396', '1363142734', '901259071', '2416121013', '1478834815', '2103551234', '2793234979', '1754830061', '4038898065', '1170457191', '200652378', '1689960340']"
[],[],0.02173912525177002,0,"['1117330102', '327337149', '3452008267', '363454262', '325284258', '2836216900', '1723181861', '621331923', '1942361902', '1035761769', '37632205', '2413966613', '963487409', '3365933969', '2964642265', '3608744143', '1006977336', '2067259481', '574172180', '1891063003', '568151568', '1838680225', '309430579', '3762618518', '1835666328', '1384070308', '232974061', '929313701', '1662744928', '40671204', '2306361516', '1417568540', '1012483231', '607735134', '1260737441', '1555714572', '1349991870', '2057985887', '2846350102', '1509682902', '201858944', '1761234171', '1816063510', '907798662', '1737261948', '1049028970']"
"['2837735216', '529414584', '201121978', '2104037024', '3405943120', '3320124510', '4019871030']","['529414584', '2104037024', '3405943120', '3320124510', '4019871030']",0.7142857313156128,2,"['2837735216', '529414584', '201121978', '2104037024', '820520357', '2231009939', '814055636', '4158895706', '180876230', '3405943120', '2510577248', '2466066249', '289131166', '1915291585', '2217130347', '3108944218', '3320124510', '4019871030', '2610496865', '1408401086', '963534177', '2461047720']"
[],[],0.0,0,"['1315381445', '1434218763', '3144531726', '2270812263', '1099039263', '3675478553', '1148649809', '736140094', '2289899223', '1036141836', '1350200064', '1730703692', '1375403138']"
[],[],0.0,0,"['692134171', '976265980', '782968184', '1484354261', '429989415', '1927734621', '2159248562', '3044140629', '1588661123', '3751357512', '460425160', '3443286977', '1857853061', '730396829', '1313596420', '1308524338', '1684247900', '763477212', '3351683893']"
"['1811155892', '1447232317', '480924630', '4138692634', '2058531975', '573763261', '1016125358', '1057053095', '1904843149', '1817295944', '855955287', '4106313411', '1482921634', '4142820336', '4126304158']","['1324536232', '480924630', '2058531975', '573763261']",0.1875,4,"['1811155892', '1447232317', '1339281698', '1324536232', '480924630', '4138692634', '2058531975', '573763261', '1016125358', '1057053095', '3634009992', '1904843149', '1300755742', '1673548039', '2638598178', '1817295944', '855955287', '4106313411', '1482921634', '4142820336', '2063827428', '4099871419', '879197606', '2637744978', '1247365722', '4126304158', '2855933907']"
[],[],0.0,0,"['2761921900', '768321117', '2091421821', '2099174601', '967902444', '741942440', '1375107866', '708488033', '2694471833', '894818201', '2611396605', '2069395802', '1057565516', '1198538200', '1559743705', '1531179017', '1009646660', '2012084980', '1635247040', '1136612680', '917409331', '560571505', '1513551500', '2477428918', '1796166944', '443483735', '3650353213', '494848640', '738176919', '2657703944', '1598262611', '1427691281', '1340251911', '1382729260', '776518420', '2179284700', '1126419125', '1084273017', '145713421', '1978768281', '1276111572', '2590275900', '2047657210', '2711882940', '728721860', '2925081040', '2374296388', '1977076581', '2774350808', '2363948866', '696615013', '2058650890', '1627069912', '153313642', '1024747527', '3418179750', '2991776851', '1870263587', '2300254383', '4121037030', '1038980909', '2473039480', '2198074743', '801138265', '3333342890', '1219415330', '3439178121', '2945132500', '2704050280', '1087790607', '2276262508', '202084247', '591972022', '2086456063', '1084024921', '1383795403', '3362608999', '2655603318', '2905774823', '3302533256', '612583283']"
[],[],0.0,0,"['1690597807', '2061696716', '2871414228', '1385112739', '9244322', '2424104206', '2001555272', '1030382935', '137297164', '3610248630', '492964290', '2335280028', '2611348122', '1778445120', '2209247111', '2625744927', '2339691105', '89289550', '998892041', '2354083622', '1515317269', '39413746', '1276241383', '2361921468', '608285513', '51512644', '3450856491', '631761209', '1350446418', '820229361', '765953249', '439939039', '1335759535', '868318876', '2501890802', '1090066902', '1952277003', '2874954861', '879663676', '1934904391', '878762501', '2377065540', '3114348673', '188023021', '1007023226', '457433823', '845707539', '2137645365', '4002928099', '270270939', '1721087429', '280961095', '2532405323', '1880317942', '2163656768', '1170734824', '3608758534', '3152120414', '117624205', '653348294', '2890102025', '605106252', '2146250039', '2192151385', '1261868028', '1841413888', '2453125629', '3498342163', '508411369', '2084399170', '2093784703', '3156635489', '2486307751', '1653482465', '2245952301', '2627152921', '1906751276', '477404292', '3747426638', '3749065802', '3188363503', '1680743529', '492618379', '2017999947', '1654993543', '3430513908', '2917121539', '1963205660', '875338670', '976052974', '3407791722', '2092591042', '609886981', '1110650774', '1519055670', '1493972821', '117747347', '868359996', '489674620', '2380337173', '4093086670']"
"['4079283801', '2181561893', '2173589739', '917903916', '23392727', '2872186847', '1463602468']",[],0.0,8,"['4079283801', '2181561893', '2173589739', '2154100011', '917903916', '2621447804', '23392727', '2861505010', '2872186847', '3655530977', '1463602468', '532716927', '1592655709', '3768172902', '525836293']"
"['1781218045', '392254349', '995743458', '2429311535', '1074222567', '726914842']",[],0.0,10,"['1781218045', '608530270', '1176951227', '392254349', '995743458', '3127175705', '1869707281', '1965528174', '1652706760', '2004290326', '2368100078', '1189123428', '2429311535', '2366907330', '1106951940', '748666966', '69790080', '1197731624', '2787405364', '968089460', '2150138520', '1447970833', '4078624097', '2578858928', '673403528', '1394804741', '1026686006', '1759528232', '3396251748', '2977539560', '1074222567', '961964018', '2162322401', '3493323244', '766686797', '1818776100', '1636698724', '1381950001', '1032497227', '3175278806', '4033630822', '2757252463', '2339420216', '2225808731', '1213881341', '2147990461', '1955723114', '2316108577', '2460770702', '938195430', '726914842', '1716715026', '2107057626', '2618450605', '1141500863', '646323244', '2605896702', '2688031654', '2217348840', '1162575403', '194283080', '1957627128']"
"['1900458090', '543416018', '1630755109', '3671648478', '1935236268', '573524534', '573604552', '3111814802', '2480567473', '3392660670', '1974798468', '2461237551', '920550949', '4048577497', '1391865073', '1994971978', '1736486431', '2667973713', '2989442150']","['573604552', '4048577497']",0.10526315867900848,4,"['1900458090', '543416018', '2686875537', '1630755109', '2609684061', '2997193581', '3671648478', '2288126444', '1708951364', '2857222580', '701544519', '2588819500', '2236409240', '2068444825', '2960017215', '1935236268', '573524534', '3690700248', '2718540874', '2932303380', '573604552', '3111814802', '938808332', '1616807322', '462141600', '2494619406', '3154774818', '1087864082', '2480567473', '585129325', '2133138093', '1525204221', '408022825', '923036905', '1332134523', '1383604946', '1706829740', '1456757722', '2920798213', '3392660670', '2150902535', '2479181342', '1886304622', '1499760780', '1573913173', '2233517929', '253454113', '3678651879', '962332416', '262738469', '4128158314', '3480376948', '1383888107', '931286018', '1702410093', '1974798468', '2386847474', '939921459', '490138846', '2985181829', '2534200660', '718077974', '108516036', '2977567671', '2403046984', '2461237551', '2708702421', '1291274778', '3670494128', '1293015980', '90778911', '1449849233', '1408638571', '920550949', '3476334307', '1151517230', '4048577497', '211977873', '1391865073', '1206413102', '3053063150', '1994971978', '1924397881', '2479445308', '1276527421', '1736486431', '2732083351', '1337080769', '2667973713', '2989442150', '2122985871', '2286794628', '15076243', '194838460', '1448225254']"
[],[],0.0,0,"['2572089445', '1671126204', '755526121', '3678838391', '3430509825', '1719997387', '2472475906', '1137637241', '2747505304', '2725004366', '1387170986', '1979330584', '1134717077', '1658569544', '63454128', '21798977', '1508465708', '1535038135', '1517090903', '2906797215', '2272316845', '1289651163', '2157006923', '1713733377', '2992113463', '1740883507', '692384802', '1886038098', '1245038955', '984173201', '1479223507', '1527291486', '567636708', '544896756', '3463867682', '3686600239', '1991335181', '1677843462', '45866522', '1453276674', '1622303126', '2380925209', '1189180126', '772381820', '2325088838', '88336784', '2788138147', '2472455626', '1503969320', '2843273719', '2033384002', '3485064252', '3677618463', '1662481210', '1396710485', '84453348', '2292190534', '885674585', '1087864103', '1872609481', '1734679577', '79271489', '796495138', '4063936474', '1820458662', '1626250318', '1084364401', '2246163876', '1823161478', '2285412325', '1964899788', '1992986483', '521316057', '533444509', '2596044280', '2657250035', '1648363481', '1359147834', '2976015733', '775987956', '1967983718', '381060092', '3696039983', '1295128307', '179506252', '1523313691', '1478762404', '4082138600', '1275274674', '4094273121', '2186342563', '4102451800', '1328603363', '1104961141', '3121872597', '751754026']"
[],[],0.0,0,"['2540068715', '1465043903', '1731310216', '2964792680', '744698481', '2845161138', '1302456636', '2046680360', '2176757440', '1489891744', '1371008083', '1193201961', '3125229617', '817176862', '1820608181', '2860560762', '2298171332', '1078680862', '1431687621', '3364791282', '946278127', '2465223484', '1135516741', '698886401', '1455192839', '2575997041', '144177585', '167154335', '1936593201', '697065080', '1664366615', '911713202', '2570038107', '1687620943', '1119325116', '2410359760', '903782955', '1509942903', '1678718739', '1633000614', '2164544580', '2819006309', '1035098383', '694816737', '1317724912', '3044128856', '1530949582', '1092177877', '1524613730', '1271630767', '2668833500', '852859963', '2188722380', '1055268710', '1798692305', '1190719261', '2546022301', '1204107627', '2527531932', '777935728', '3407909624', '856501916', '2056099637', '2997854020', '664256461', '197506879', '155939119', '602785708', '1741128083', '1889415677', '2550858722', '3042033705', '2177154806', '209240063', '2628547922', '1869230309', '1399763563', '2693676941', '395369073', '525938615', '137982734', '2698295030', '1193421281', '671133578', '805792010', '2704843983', '1165609603', '1300525684', '2147704898', '1199456133', '210534334', '463237626', '1435177737', '2975089701', '2757240682', '628585069', '778135545', '2579292333', '2010203441', '1000777841', '3382517213']"
"['2824772653', '1177403199', '2460637662', '643265990', '3653950219', '383654981', '3631654955', '1400472122', '1167170133']",[],0.0,3,"['2824772653', '1177403199', '2460637662', '643265990', '3653950219', '2865049737', '1078809773', '1878149081', '1106584105', '383654981', '969769621', '4031736463', '1208450589', '2521809004', '3631654955', '856230061', '187154393', '1550196134', '1667346022', '3189843219', '2877435333', '1583101288', '1400472122', '3631654043', '3185363076', '2252562911', '1167170133', '2937688417', '2314969663', '442971569', '5030373', '2010953868', '2567908257', '1950797316', '1560233654']"
"['488286716', '357258215', '1918635052', '3672399043', '456635768', '1280496753', '2373203354']",[],0.0,5,"['488286716', '357258215', '1432790815', '679393183', '1790903233', '707903388', '1918635052', '219307301', '1016341231', '3672399043', '456635768', '1280496753', '2373203354', '1832236247', '2824126876', '2098888634', '447326562', '843696260', '172008115', '216264366', '3143454692', '1779681759', '1622666804', '1932223384', '2166113700', '1322069108', '889590818', '726759054', '2813667005', '3691081033', '2320527841', '2519029441', '1986349987', '2852728565', '2455133131', '1789855305', '1594609998', '2866291838', '2014861021', '3359918318', '3183034298', '1442464685', '2550824206', '2103013433', '173329975', '2643991061', '736838362', '1566693826', '1990611182', '1724463731', '2704324283', '2138801620', '238171938', '281780715', '1357028918', '1304487730', '563814773', '3117986925', '1887873617', '2324412316', '2253715475', '1020565241', '946340328', '1208240603', '1912674773', '250233682', '896903577', '97092149', '2020536863', '3107240375', '1159309781', '2885502780', '657617821', '414303563', '2546374415', '3697047538', '1570484444', '1047627182', '4033559918', '800166270', '3350240043', '573504565', '2162954109', '4049869494', '1249454700', '2461646131', '1417395538', '2406666624', '355595060', '2385988878', '3483484329', '198457144', '360012610', '1752323451', '3102195204', '3611615470', '645153385', '56938639', '1559974183', '2049088480', '234544550']"
[],[],0.0,0,"['3041772514', '1491331308', '605914974', '1669843366', '2293068564', '866241613', '636111023', '2157481223', '1046025500', '868778448', '248996663', '559319114', '2656583967', '2511986016', '44561665', '2357793230', '653000700', '2546666442', '1967632234', '668275069', '1449300233', '1229439373', '3337514344', '627418283', '2442196155', '1799411125', '2908315624', '2693663582', '1140161853', '74125147', '1785192363', '600748887', '1459235277', '1611236522', '1652366835', '1998690305', '271821762', '3400238232', '2890241341', '4156704283', '2668672342', '196574271', '1409500626', '870179662', '2551554357', '338312152', '3162584153']"
"['2282185643', '793211336', '1005114935', '2597046409', '1947656471', '1819505856', '1007681904', '3431711224']","['1005114935', '1947656471', '227546911', '1819505856', '1007681904', '3431711224']",0.5555555820465088,17,"['2282185643', '793211336', '2248365550', '1005114935', '1496287448', '1765464850', '1115725344', '3783262316', '373470394', '2595428902', '497111825', '2597046409', '407795145', '3677617921', '1597015671', '2241228152', '213271723', '2205124706', '2888110552', '835311205', '2886046020', '3155705917', '1947656471', '2413812541', '227546911', '884242590', '1099994606', '2864864128', '1110913698', '2204513784', '3313054805', '1819505856', '1007681904', '2268326283', '573905943', '2055651385', '2579541681', '2664991140', '2316193036', '895586923', '1231184273', '2599051006', '1348344800', '3433271753', '3431711224', '4093890176', '581831790', '2082008829', '78692462', '1904997157', '1662935881', '1538654478', '1766142745', '3436455763', '1975820962', '726848740', '93666463', '1927792487', '1019227501', '1420820626', '62125839', '3704007424', '2761088980', '2796348063', '4085491884', '2327478204', '4104073446']"
"['1458433779', '1095357291', '827774250', '66449908', '3617777508', '902673807', '182211957']",[],0.0,2,"['1458433779', '1095357291', '827774250', '66449908', '3306330306', '1702340149', '3617777508', '902673807', '2668874220', '182211957']"
[],[],0.0,0,"['3647849173', '1533450627', '2079279037', '1328685819', '4079817018', '440033287', '4137188232', '500169815', '2298629493', '2251784690', '82956124', '2546021140', '1025746938', '1311839431', '3353662306', '2098539313', '1329147141', '848289080']"
"['192022396', '1004541304', '522438178', '4059750119', '301665837', '4077390760', '3031808046', '1766777092', '2741228708', '1936949553', '4137089217', '1208921294', '44451276']","['192022396', '1004541304', '522438178', '301665837', '4077390760', '3031808046', '1766777092', '2741228708', '1936949553', '4137089217', '1208921294', '44451276']",0.9230769276618958,3,"['192022396', '1004541304', '2875442560', '2536530822', '1483305601', '1648707985', '2405826009', '522438178', '614495555', '2213762558', '2050827621', '654203100', '4059750119', '2332941639', '2693428077', '885425997', '1226030641', '1504751725', '897404143', '2868365282', '2483046139', '4127207669', '1223010801', '56613528', '2044242421', '2341084918', '244085747', '301665837', '4056025518', '7445055', '4124497586', '964056072', '4077390760', '1264141281', '1676442874', '3340005778', '1963704136', '2958525205', '556191000', '3348597515', '2178191567', '2587006729', '3031808046', '264991392', '1524715219', '1529739942', '2255113742', '2070427123', '105029792', '1914679130', '392593692', '1782166797', '1782219607', '2757395906', '28270673', '806096441', '399755881', '3675656563', '3500109520', '1766777092', '3104594602', '2290870641', '1763378070', '523418364', '1031355210', '2741228708', '1936949553', '4087761834', '1403562653', '3332214263', '4137089217', '1827860622', '1170463855', '2330806962', '1602482560', '258440938', '1208921294', '1712282194', '1598753224', '97406703', '149770884', '2732859520', '1599638720', '532584531', '408823479', '2360740394', '2570553733', '1319914484', '3145966728', '181251268', '2065941561', '2286646241', '44451276', '2157737324', '580915472', '877658663', '2839366024', '4054971311', '1499415163', '2168077840', '3353543434']"
[],[],0.0,0,"['877166630', '1326260730', '1282540576', '906252060', '1371154166', '1674350308', '2143842219', '1106528127', '453151427', '1284098431', '1076731203', '1498566206', '828945856', '956812930', '2968879328', '1765746440', '1956511569', '2332850412', '2542413836', '2710115018', '1096534510', '2275780914', '1326996382', '2728888271', '3432511565', '2426371117', '2574364231', '3488842612', '1406581831', '1655324262', '613801451', '3706933313', '3481163409', '716077036', '1006286831', '2199609608', '2919482244', '620568319', '1351949702', '2877081240', '1467512908', '1661646118', '1111856668', '1714845606', '268558494', '2149761431', '1466726422', '1140458422', '221320226', '1301242874', '1837924177', '2288369422', '2124089674', '911763306', '840204321', '1603250539', '272738401', '3172258070', '717422026', '3691765506', '3616671924', '213410377', '2890090424', '950702781', '1821616361', '10759778', '2032097122', '394274801', '2527331614', '1494748434', '2309129613', '2271622230', '2148707081', '3168476517', '2085828229']"
"['4114364755', '3334529847', '558478174', '1947753324', '1710349053', '1165830457', '3434757598', '2415928927', '2421514273', '3318551338', '611492655', '4008815102', '596159524', '3459122233', '2466863458', '4127283597', '2490580950', '1970645755', '2582136472', '1141001598']",[],0.0,3,"['4114364755', '3334529847', '558478174', '1947753324', '1710349053', '739719582', '1165830457', '3434757598', '2415928927', '2421514273', '3318551338', '2749318428', '2332873566', '2452234666', '1079708342', '2547602067', '611492655', '1956451021', '361050704', '4008815102', '1991559695', '504513609', '3129853303', '1909581155', '713762271', '596159524', '3501049549', '3459122233', '1922962463', '1369339819', '1900085449', '826099085', '2466863458', '2328673355', '1495328085', '1436084605', '199945045', '378816427', '2612087181', '1177309451', '4119064267', '1445941361', '2773284946', '1302001874', '4004385615', '3039005464', '435822208', '4127283597', '1982411111', '1149423728', '2208056584', '2249985280', '3715691838', '1106260481', '2490580950', '363821764', '1970645755', '116126401', '1787236214', '2469413877', '2018771681', '2211413694', '3709656936', '1160973106', '3467111548', '4162432403', '2675467026', '2582136472', '795770497', '2294335038', '1399958976', '971969475', '304341905', '520285415', '1751938580', '2839426876', '2077935153', '2749359984', '3665589963', '2419796633', '3455440674', '568515562', '79304310', '2074489414', '596547255', '3425746823', '1690903458', '1203726345', '1141001598', '1055312986', '2255060881', '928738638', '382557473', '295677066', '2415981810', '1099823902']"
[],"['640291471', '3164489487']",0.019801974296569824,0,"['1129338904', '2383478040', '56986938', '2932278532', '2520822519', '1847086439', '236255766', '3493252495', '1945545326', '1149857527', '1770292525', '1154416935', '660328814', '1306172185', '3144218303', '3667302590', '2884782264', '3653960863', '2842857818', '1469933512', '3621098715', '2234227481', '3743988412', '1643761256', '726815605', '1067500086', '640291471', '887536690', '1019067320', '3449458888', '1588805935', '4069835106', '1300640215', '1428196241', '909308737', '3615295313', '442225545', '1972402782', '4141826616', '3173750918', '897254234', '686863643', '2181798386', '626198607', '1583393304', '2025313517', '1173876311', '2384195401', '2748690855', '2114545562', '756625534', '2893929801', '3107031901', '920416780', '1821877288', '1830724839', '2104587170', '1816591929', '2262167600', '1864102623', '1677761900', '2531273423', '565585045', '2008387046', '2124800230', '2761429822', '2971375268', '902646761', '2253632729', '1190110777', '2518171322', '2775411322', '1860094441', '1144473242', '650635140', '3158827041', '3685910688', '378784744', '4160748961', '1623227534', '1611449019', '1942372071', '2388827940', '968800731', '1916280475', '2727095363', '49381797', '653513497', '588996260', '1268773730', '260194923', '2353718073', '2539009780', '3164489487', '34504455', '743719698', '3124800192', '805549080', '2549924831', '2646869601', '1741832761']"
"['1894496334', '1948283984', '543182639', '1900923849', '2257998190', '749896309', '2150521754', '2717102104', '2638521646']","['749896309', '3697770509']",0.10000000149011612,6,"['1894496334', '1948283984', '2432529801', '3613546677', '589511060', '1737204221', '2889701524', '164079898', '841314040', '1099416823', '28811425', '740727529', '600827997', '1739034561', '543182639', '1706018444', '1964426641', '1900923849', '1954119513', '1201208673', '837587100', '2076190467', '1739933960', '2579275432', '1790389008', '2257998190', '2968371461', '856986542', '2306633482', '1747110326', '1610066134', '749896309', '101170267', '282932382', '2292175820', '2064673648', '1791870620', '3113013391', '2503899455', '4031965783', '200762737', '2995789640', '937243785', '4043935125', '946056304', '2983935046', '1273530068', '2029751309', '2150521754', '3651629159', '3057720007', '1240612112', '168682235', '1089928498', '1735735333', '4136400501', '2689201929', '4122385431', '2236345775', '2273202371', '4098712104', '2424166442', '1153049203', '361723536', '411379922', '723038020', '2194331533', '3030835824', '2724392248', '1176150299', '4031463696', '3418517798', '958800925', '3697770509', '304325534', '2109986475', '2717102104', '714712018', '2050099622', '3162200670', '2638521646', '1083570850', '2650270907', '821165478', '2600322770', '670221516', '2836487932', '1773665262', '258698352', '1495964223', '894311773', '2401517021', '2188751171', '397877244', '3454255163', '313327179', '1319575180', '1178107984', '2097453830', '3617909875', '1807779087']"
"['4019582671', '2284668153', '2693893873', '3606682427', '4056606311', '1475685245', '1766257998', '4037024227', '1365222479']",[],0.0,7,"['4019582671', '2144293098', '2284668153', '2009405575', '2693893873', '3606682427', '449796098', '3495025773', '3425472883', '68567595', '1021910326', '927191904', '1992721616', '1933433195', '4056606311', '1720826980', '1475685245', '339680717', '1950030807', '1477339382', '940000743', '3444126409', '1153141092', '1353387612', '3334810890', '3498680453', '2360396661', '1734283757', '3383573355', '1766257998', '758263397', '1980047689', '2745975416', '2141707503', '1519919487', '1275197149', '2607585162', '2423198033', '2000577960', '1857808437', '2435803125', '4037024227', '322620988', '255213841', '3122657890', '370447030', '181943663', '2487275384', '1680301804', '2280457500', '3667744559', '2428393578', '2890119351', '1459891805', '2389964132', '2810461457', '1493118361', '3777444941', '1688228039', '4073736619', '852596316', '168433446', '965759265', '2953542624', '1146734015', '1990324281', '901806548', '2334643045', '1543053561', '3115091299', '1365222479', '1370859767', '1513754065', '2307893622', '3477684995', '3667717522', '569346076', '3049174212', '2315327106', '2378172869', '3132236930', '150362396', '210096550', '3315747627', '1020507617', '2674982433', '1359686044', '2186060930', '4054448768', '1747053971', '2232842018', '2660584525', '873456798', '1588194337', '1940375409', '3044709155', '2978287120', '1660592697', '2228279018', '2321498496', '836219167']"
[],[],0.0,0,"['2035941270', '2733540071', '2207873706', '2776765103', '244140127', '3429200202', '857061931', '703462741', '2122646627', '849728809', '2179962489', '782741538', '724541344']"
[],[],0.0,0,"['1244679817', '2475931007', '2798611680', '2273353913', '1899113442', '786262010', '2469262927', '1965041877', '2682289613', '934798144', '2490903962', '2032634964', '1401768867', '1767048518', '1379150917', '3478698887', '3494361425', '1269779964', '1595729761', '625099630', '260816037', '1833250169', '2877350362', '1822362559', '951347218']"
"['206826016', '465176914', '3418887688', '2003262757', '2218987092']",[],0.20000000298023224,4,"['206826016', '4017920972', '465176914', '2378037936', '3418887688', '2981382512', '2003262757', '2218987092', '3105595575', '2401834329', '1531476408']"
[],[],0.0,0,"['204855593', '2123249279', '2707552030', '2708740526', '2940346143', '3117501072', '597161445', '246927005', '2880923381', '1918239096', '1353134090', '2960839433', '2896882144', '9149305', '381873315', '1473463730', '1574884638', '15621667', '2797510438', '3320444802', '1310492836', '3420984799', '927519932', '1351762910', '603211340', '1155667073', '2652348832', '710638414', '1378148918', '1037572310', '2246137115', '2593516626', '3155045491', '3436783319', '3180117827', '2531394435', '2109566926', '180907860']"
[],[],0.009900987148284912,0,"['666504781', '203979849', '1169442356', '639894676', '299474745', '2442352332', '1628746057', '1078822737', '1073589317', '1967781380', '19983325', '2355211083', '2577430126', '2988879818', '90237688', '374533121', '439796195', '483301021', '169004796', '1636420046', '1065488847', '3139525595', '1585137689', '2380574318', '2127740133', '468526991', '3330707475', '2349723022', '700299277', '362692947', '3138032435', '2984019544', '2918651975', '960326921', '2012476604', '3386140351', '1317719625', '1782378129', '2471594870', '1545130391', '1804915300', '3756125742', '1107295248', '2403871007', '1894535606', '34744891', '769756804', '3664421758', '2553567033', '3031578149', '3744497342', '4099640089', '4040427899', '780887624', '1597107082', '433079065', '1501179362', '3178475857', '2532886823', '2309961829', '2139704370', '1591523603', '317815782', '783764036', '3050160071', '1881315779', '3740497941', '3408746096', '1254781019', '235730434', '2018032901', '576554377', '169882805', '2527939280', '2892777331', '790192061', '677752753', '1938483281', '1945511014', '3378104323', '2098679785', '2983582636', '2019385801', '541924387', '1108334034', '2728953728', '2643427501', '3416185740', '833108740', '1054668517', '243771832', '2626695243', '2755506784', '49106563', '1113951138', '2589984781', '2484030707', '697543729', '2220242455', '2364292282', '929351752']"
[],[],0.03448277711868286,0,"['577780174', '777269269', '509680124', '2976230216', '1056626018', '1399554000', '17648509', '204024775', '1358644401', '1195545706', '2920374458', '1661953764', '4087939332', '930850788', '1260315815', '3324339281', '2767798004', '1988149581', '995885120', '3189643292', '1547352171', '1207592635', '929049604', '2809899700', '8504561', '1498265791', '1601380523', '1382468118', '2316161880']"
[],[],0.0,0,"['2369539361', '2274750860', '363041204', '2622068901', '1753035936', '879831512', '323406440', '2156156902', '2862419440', '1262408977', '107208183', '1165109736', '1993625794', '1331954217', '2240555699', '794361722', '912257363', '754072733', '1165185172', '121326345', '478102804', '1569034160', '361467575', '1602622236', '2290925543', '1087774362', '2156592041', '2687979040', '1469195935', '1291608222', '2557038563']"
"['1818691895', '1750559353', '1235397494', '1116537371', '349836560', '3677901338', '1964275611']",[],0.0,2,"['1818691895', '2063982986', '2799511617', '887822329', '1935382519', '985349780', '1397300222', '423210706', '1750559353', '2238259941', '1235397494', '1116537371', '349836560', '1561820502', '367662741', '3677901338', '243938199', '2978098337', '2364188528', '2335893883', '1964275611']"
[],[],0.0,0,"['1388376739', '1247497680', '2489227714', '2617579611', '3156220693', '161172661', '1327359542', '158195851', '789863786', '1686172074', '705696800', '2085716729', '852614760', '1578754821', '71027181', '665964802', '4000850210', '3644997931', '419327700', '651137578', '938629112', '942590682', '1507155236', '1252482366', '1366251381', '1071861508', '1654067013', '674194567', '2476405202', '2682605600', '919800304', '731807130', '856368050', '2129650336', '1483837330', '2454924402', '3331837887', '42366526', '2907300834', '2539351205', '335822575', '1973631731', '2348623429', '862096728', '1491375903', '2417908114', '859793514', '1109819640', '3106779530', '40709742', '404209590', '1371370013', '882540660', '945765324', '2531814531', '3405643783', '281221542', '2731291017', '2231495107', '152645138', '2659117260', '487131133', '383472839', '2496687480', '662104344', '2358296542', '1270683699', '1884507716', '1524314600', '1033922980', '1567577564', '2758036037', '335929235', '2360889924', '136454001', '2263390200', '1476464160', '2329909426', '2857375770', '809914302', '362662560', '3346147639', '570262058', '1889679507', '1016146260', '2675785456', '2256043164', '601152484', '1768699430', '2046403384', '3108081390', '3329006788', '1001349263', '4024207773', '2310717688', '2020646901', '273597002', '852640444', '2996446651', '2671523084', '593967363']"
[],"['1405291991', '2484917500']",0.05714285373687744,0,"['1000887177', '4079769402', '1405291991', '2484917500', '1872476764', '1530426459', '137442467', '2191648847', '3417827144', '3394082992', '1860342585', '2069384617', '2022222991', '2998659362', '4001245921', '4086789221', '404307573', '496645574', '862153785', '2476349854', '1929614893', '2621131647', '862489300', '1585385092', '3106989037', '518544216', '3344997025', '672830501', '3676711270', '3644876964', '3341657235', '2199308194', '402441847', '3762011634', '1711264947']"
"['2414058405', '2787572367', '4034832895', '3149344385', '1893337523', '515414093', '2924299970', '1016346431', '1429530006', '1424404045', '973732247']",[],0.0,8,"['2414058405', '1421395212', '2787572367', '4034832895', '1607131103', '531828683', '3149344385', '1893337523', '515414093', '573858193', '2924299970', '843192090', '216229902', '1722798492', '861961739', '1016346431', '1429530006', '1424404045', '2857235601', '391371338', '973732247', '4135293557', '1461721836', '3308406345', '1911012601', '2349814181']"
[],[],0.0,0,"['1027334407', '1050078461', '916276224', '41036145', '2297241276', '204289152', '2830372920', '2809203611', '1563090438', '2061108040', '1304063922', '648434023', '53988725', '2967158860', '117155142', '1963931860', '112742231', '1626523783', '3057301478', '2376549897', '2554257859', '1906350392', '3402627581', '2670486444', '70326726', '3176258032', '3401854363', '256518982', '771776221', '1793739661', '1434908100', '1656192452', '2198183375', '542159305', '3342198825', '1783033917', '2286275307', '2006852510', '1750446185', '342014221', '145256240', '797722842', '2272319302', '2907249383', '414279465', '888015337', '2355681482', '606198535', '2323614404', '1359508340', '215613260', '2620013946', '3700992736', '2214418021', '4047681961', '2851924617', '469509953', '2461863751', '251262624', '1252690706', '589044888', '1984970478', '3309720036', '333653540', '791913886', '400919962', '2147695958', '1317065903', '1171569171', '2831619560', '3609838707', '1558653460', '3693607546', '1661174681', '1010633983', '2382855309', '1180395484', '888029968', '1446924773', '2050353800', '1422147906', '3321093514', '476412200', '2412334012', '1345293275', '1971365728', '3662768364', '807006552', '4104431120', '174331079', '467674857', '3699829260', '4079025803', '3045744478', '806126627', '1066677988', '1371215865', '2089821134', '2571965031', '3426081510', '1497439341']"
[],[],0.0,0,"['1320970421', '1642803018', '2976733483', '131955836', '865531562', '2371320113', '4018704385', '1841853480', '2192636618', '2147832896', '2111740027', '1019377130', '2088155320', '400458120', '2522659620', '2108326983', '1125603538', '187553736', '2625432013', '1881246980', '843632003', '294060331', '1647462166', '1864329213', '2271875582', '1781045743', '1021914619', '2588001739', '1817477967', '254471403', '3381689508', '1722819940', '1924522133', '2529834828', '2776125869', '520647650', '750376281', '1544341617', '3638354205', '1970022133', '1446132926', '3722653336', '3315094662', '1762973829', '787451932', '2236180781', '1881583203', '1437525930', '2228307421', '1411164175', '2732241630', '2562915939', '4057650397', '2780536642', '186046375', '1476583301', '2372589561', '1402676210', '1381467809', '2893009610', '2165929663', '2947088039', '1803346583', '407014394', '249225682', '3049563546', '1730637018', '2004233411', '1360140813', '1033523772', '493656059', '2028049174', '1555414563', '2350004380', '3141089559', '694751204', '2122900613', '3170338336', '2803712220', '4121072484', '2057187443', '1547703506', '2597521201', '2257731127', '1808487580', '2054654395', '1032614373', '1270508185', '2213229182', '1506021226', '3152921282', '2076651923', '316808551', '3672284241', '2270756381', '629812340', '1658366670', '487105935', '2148548741', '190052640', '1530846937']"
"['1211421523', '2950474162', '3054545649', '129278301', '812820610', '1693745152', '2980397217', '448870667', '918456088', '1853348721', '605817585']","['1394746094', '3662071557', '605817585']",0.07692307978868484,4,"['1211421523', '1394746094', '2950474162', '3054545649', '129278301', '812820610', '1693745152', '130572979', '2980397217', '448870667', '412184802', '3662071557', '918456088', '1853348721', '605817585']"
"['1942961344', '268941123', '2481365758', '3137760957', '2594135707', '160123077', '2938399148', '2417598622', '1464023735']",[],0.1111111119389534,6,"['1942961344', '1975145845', '72104437', '268941123', '1999935587', '1615560191', '2076539176', '484896574', '2481365758', '3066541480', '2186698052', '846704971', '782477073', '2571719570', '954705800', '1141827081', '3035572787', '1285582488', '887189462', '2327089633', '2472968141', '1245101435', '3137760957', '206504440', '3399133497', '1670143145', '3067407085', '2183684468', '2211329404', '1582171463', '71112200', '1931160018', '1833433970', '2151957627', '2594135707', '418055560', '1464364321', '695691760', '1088386226', '3103688998', '4001372278', '4122188041', '127259853', '1811627861', '1110524591', '161273331', '1859339565', '2350966037', '2414598506', '2244013058', '1215040503', '1905682912', '3635037698', '1009089628', '2899948338', '2579529960', '2002429789', '573300596', '160123077', '1721983585', '152095680', '3144991039', '3137206211', '960697456', '4154776270', '1542262974', '3446778466', '2938399148', '2088811548', '587697453', '2417598622', '100473408', '3301381879', '2781345552', '4099032419', '2647238757', '1464023735', '1458481032', '1385544681', '3664528840', '2084135625', '2144816231', '2217466785', '4001025720', '2870155526']"
[],[],0.0,0,"['3335849088', '1151945004', '2176056741', '2750705', '232426582', '2992021760', '2148438220', '1825497761', '98119520', '2965244111', '249614591', '712106109', '344400325', '2161390333', '2299118507', '2090936809', '1371235240', '104755939', '1981609201', '332873475', '1749884622', '2724415344']"
[],[],0.010989010334014893,0,"['1343777925', '1437824933', '1241015822', '567745988', '2837326605', '3066789139', '2860042232', '1332586603', '1678994915', '2284894639', '1930626286', '2169019707', '116672148', '342233585', '633594263', '390927489', '3635918121', '37532585', '1217623960', '1382653107', '1324429239', '2334294702', '48336966', '1247476341', '973131910', '3620430335', '2237076536', '3150048385', '1050294163', '2314125982', '1860634741', '888128912', '306387327', '2600413521', '2125684821', '3363155991', '1214033319', '2340961336', '1649969085', '2148176731', '422518442', '101790', '623609413', '3386098892', '3304223868', '2733642612', '1183767723', '3438734492', '2204225960', '1855558662', '2036977130', '2430951879', '1856242629', '2539577536', '3053776614', '2516640526', '2564420461', '425627069', '759321642', '2321211933', '1661771963', '637563901', '2890713782', '912641445', '870927350', '922842340', '1377588460', '1696217790', '3400229303', '929454881', '1114429063', '8569163', '2341311940', '447160400', '1782286775', '2839425730', '998223407', '3353589272', '1794495913', '2890708680', '19786315', '1146487904', '2519123329', '1932912768', '1154082443', '840067580', '1578701284', '293928575', '883901288', '2881120501', '60062707']"
[],[],0.0,0,"['1811754723', '1455273736', '1002373744', '3050816787', '191319516', '2691143008', '2074112828', '106638266', '1120661042', '1084137785', '2256348836', '448762092', '1642546226', '365326139', '3308365893', '1433240769', '1421203982', '511594984', '954609762', '1207071307', '2736410035', '2498801529', '3673208493', '2567460780', '1206948040', '853239105']"
[],[],0.0,0,"['1460349225', '934240276', '13448499', '1832798434', '528636246', '2482026282', '1632249338', '2864661080', '2291523727', '2456027862', '867476949', '43025279', '821405742', '2479944606', '1817648982', '2083598319', '114555837', '815530656', '2265991063', '1028742327', '1162564672', '1956116709', '695974837', '951611732', '211574512', '1858260643', '3778941419', '2498999404', '22244917', '2443947410', '3168166195', '3691310143', '202187642', '530979126', '606103945']"
"['1888962487', '2521681941', '1002127502', '586853035', '2152615586', '218559514', '2570642753']","['586853035', '218559514']",0.2857142984867096,2,"['1888962487', '2521681941', '2083542061', '1002127502', '586853035', '2152615586', '218559514', '2570642753']"
[],[],0.0,0,"['939080023', '888484299', '417119607', '598924664', '2951990803', '1405324422', '3656684245', '16116489', '3105126580', '420339775', '4080630943', '2851642517', '2712935137', '738233440', '2976792341', '142790335', '1232820613', '2531949078', '150155863', '2880291362', '2194631064', '1964035842', '4137623961', '1988403247', '3069444379', '1377194340', '1669631548', '285189288', '3103265516', '1098917768', '2095245231', '2835412537', '446529647', '3443131077', '1449302316', '2939499865', '832477606', '2273902402', '1102704410', '3173004309', '3052114626', '1328848829', '425886315', '2595932329', '3677452421', '1259414535', '906801335', '2455628170', '2514378254', '2580005461', '1888346667', '1817922083', '1780531609', '311623879', '1427201555', '2238481337', '52685714', '2237378748', '2280314010', '3655901215', '681275598', '2931757835', '2730371424', '2527603830', '95864596', '1377605124', '67912033', '2415778219', '2241064712', '1668653195', '3063042657', '1975446926', '132702889', '646144233', '1110601862', '837028168', '3163254669', '1381485925', '682774127', '2566811312', '1435749235', '3123972365', '373999276', '2247074499', '2322303792', '817711726', '1857725862', '211768009', '1145669470', '2540597505', '1278721076', '2172860793', '930653001', '1498162735', '2527097514', '1242809577', '3696678853', '73611697', '58161958', '1143314526', '1480989226']"
"['1834258885', '3183815699', '3434892705', '3624193770', '918202836', '950411988', '3693231787', '1558556425', '717986603', '649307033']",[],0.0,2,"['1834258885', '2594031183', '4087801478', '1234204879', '3183815699', '2602110471', '2197137812', '3434892705', '3045959797', '2525582526', '3124914640', '3624193770', '2245182424', '918202836', '2299163010', '950411988', '3056580988', '1012189801', '1079752758', '3135456383', '45686333', '3693231787', '586693423', '2128759108', '1370826961', '1678882266', '2495797033', '2494948078', '1598557878', '1387891625', '117187776', '2226149471', '2692872317', '3374204399', '1579481406', '3103111535', '1704764433', '1103853315', '1817806006', '1558556425', '1090480881', '2976809937', '1468573371', '3307140374', '1294774012', '1128401533', '3426883854', '657773439', '194188887', '1744436944', '391639261', '4106271413', '1324356390', '2386279867', '3118511032', '3305987669', '4058313266', '1404583508', '2217132811', '950900469', '2906385652', '3179903992', '1491531059', '717986603', '3124185878', '1344450487', '649307033', '3120748541', '2613486617', '3170864949', '1740192329', '1367418530', '1151878597', '3712297208', '88718041', '1515340925', '3334102780', '832352806', '2900567856', '1928697204', '2889089216', '2081177090', '9624764', '372869949', '1761961363', '1542589963', '2184907583', '1328825169', '718735351', '2277485939', '576857968', '2165666164', '971171016', '848649228', '3651338612', '978928325', '3317205189', '2819446215', '3353647091', '36425540', '2046369577']"
[],[],0.0,0,"['134089068', '708899713', '278340131', '4021657489', '1600738431', '147711197', '1586791101', '1493587423', '2880745344', '26847039']"
"['2574877022', '1557895574', '1180753257', '2070738383', '1892989577', '3718757327', '1120126723', '4109308817', '2811583757', '2658810457']",[],0.0,5,"['2574877022', '2818648782', '740239045', '1557895574', '51233468', '1180753257', '4022255743', '1278908606', '225663074', '2070738383', '2730146742', '1892989577', '340690318', '302232658', '963460021', '447719348', '814507659', '2869474308', '2639174816', '979412260', '1541317337', '3718757327', '2328140054', '1120126723', '724180181', '1754313216', '4109308817', '2380555879', '1588079692', '4126023358', '2762767144', '178696578', '2811583757', '945110254', '1194710742', '2966582628', '1657315534', '2298398951', '1090567183', '627290056', '2658810457', '3638255902', '3799819941', '121868134', '2138935168', '944753266', '3036084211', '3151743418', '128725103', '451418124', '3630841122', '2051243071', '3125432306', '1507663203', '1809817508', '2238011315', '1415421423', '3150964836', '198498288', '2099235221', '493904324', '1732601169']"
"['4079025275', '89499522', '1624845098', '401666180', '3438532606', '1450544612', '3615102904', '4081117540', '1819321087']","['89499522', '3438532606']",0.2222222238779068,5,"['4079025275', '904686080', '4095205507', '89499522', '1624845098', '401666180', '493350875', '4119238598', '1188491833', '415126531', '3438532606', '4136820699', '3052790778', '2542920829', '1837444478', '4103227459', '1361877285', '4088282261', '2202889058', '1272268396', '812273752', '547612642', '4093182443', '3160781726', '1527207763', '1450544612', '4141691611', '2580932921', '1981799199', '2604309755', '565980185', '2034664158', '3615102904', '2590116107', '2208344738', '2289732674', '4081117540', '4034894471', '2744910147', '1879412751', '288377039', '42176120', '1974693990', '4101621890', '982799500', '4006757809', '4141466636', '1819321087', '3348315604', '1468940152', '1507460957', '4102219176', '3415971538', '2666538802', '678599516', '992136047', '2357688254', '2145241952', '2567287423']"
"['907964874', '1318486193', '4036048328', '720900893', '1754546979', '1391273173', '2976172277', '2574885319', '486616138', '1259362291', '3414211020', '3389567774']","['815007762', '1754546979', '1391273173', '2574885319']",0.23076923191547394,8,"['907964874', '815007762', '1318486193', '4036048328', '720900893', '1754546979', '1391273173', '1112615481', '2976172277', '1199773543', '3388840327', '472792865', '781602736', '2555286229', '183342119', '851663032', '2987357925', '2574885319', '486616138', '1428703461', '76070171', '3414134510', '2644864907', '2865486104', '592521382', '1259362291', '3414211020', '3389567774']"
[],[],0.0,0,"['1104263619', '939778006', '4084466498', '1005877062', '305162789', '2609699543', '1261362133', '1136830713', '1970354735', '2093367350', '2559837107', '121188760', '1013603988', '1640253225', '1843493720', '641716791', '1734543918', '2921529043', '3630376547', '723819202', '2250964512', '2959152129', '3605198776', '891314223', '1746492620']"
"['1046438390', '398512543', '3732541123', '327364760', '1065595723', '864946346', '1976225486', '915930645', '2675086349', '1345809536', '1273609647', '2767124512', '4058971527', '1712226910', '2450711816', '2274916917', '1513122264', '4073980146', '907513007', '98405522', '2069425943', '1742605380']",[],0.04545454680919647,10,"['1046438390', '398512543', '3732541123', '2300118381', '1972086641', '3786891227', '3726031649', '327364760', '1065595723', '864946346', '1976225486', '4032298741', '2813146457', '915930645', '2675086349', '568797654', '1696409182', '188464299', '3357900334', '1345809536', '1273609647', '2767124512', '4058971527', '1712226910', '112749450', '2450711816', '2274916917', '1513122264', '4073980146', '907513007', '98405522', '2069425943', '1742605380', '2386457690']"
[],[],0.0,0,"['1995850434', '1800002783', '1275686726', '1902126116', '2123911016', '2196826011', '3738974307', '2988994733', '3316748436', '809027574', '3423448599', '4002911575', '358971904', '1623508138', '250151063', '3717232142', '442089590', '1164125813', '3457703125', '969782271']"
"['1930906135', '1611500575', '1919853766', '3681081415', '482572410', '749224626', '3145354415', '119109086', '1675813949']",[],0.1111111119389534,3,"['1930906135', '1611500575', '1672790681', '1919853766', '103685471', '3681081415', '482572410', '2221108229', '749224626', '3145354415', '119109086', '1675813949', '2902651921', '1389084813']"
"['1940940103', '3457816115', '2107430198', '1606112074', '1472335495']",[],0.0,4,"['1940940103', '648727778', '3457816115', '2107430198', '1606112074', '1472335495', '3663611746', '1193166470', '2994389520', '2297818481', '466756076', '825065970', '1187084682', '872185238', '1040893047', '1521775425', '2540727118']"
"['1793512915', '3473911983', '2953868532', '2405092856', '1949061269', '2778988025', '692154211', '410523925']",[],0.0,14,"['1793512915', '1456393142', '625485537', '3473911983', '2953868532', '170841636', '2405092856', '1949061269', '3770207003', '2778988025', '3165693230', '1900713604', '692154211', '1840458440', '2592623459', '3696453873', '1672796955', '2400131247', '1241242215', '1466556379', '410523925', '423394505', '3645387969']"
[],"['1020959184', '362201993', '547253276']",0.15789473056793213,0,"['1020959184', '2133699933', '362201993', '1138263500', '547253276', '1010159429', '2460930239', '2404026823', '3498044569', '2022201972', '1040890661', '2805360938', '2306542312', '802040377', '1599530083', '474359017', '582890215', '880217420', '2425798643']"
[],"['1512615761', '1944227263', '3417194403']",0.1764705777168274,0,"['1512615761', '750218862', '2549740118', '772318343', '2000027918', '2629526825', '2153520325', '480317903', '519711864', '1944227263', '1955746432', '3417194403', '3709303204', '484682290', '3675402060', '2408001334', '777459511']"
[],[],0.0,0,"['1783122583', '276340993', '3119121871', '3346202652', '1708527667', '685047499', '1820088466', '2333107058', '4155349905', '356158647', '1997741326', '590066796', '1039762768', '978996305', '4153197860', '722796060', '619300665', '400615198', '560350258', '831758191', '1202735669', '967444321', '714938102', '4015934954', '1797896321', '1262215871', '82468298', '1932070515', '1502329238', '971338136', '790863707', '1415821444', '2274571063', '1950225182', '1492126619', '3768800216', '845942932', '2176955529', '1432008769', '2680532547', '2250783495', '270523813', '1279366533', '2401675852', '1994488219', '456248051', '970553207', '360460780', '2331148763', '95368583', '1929543304', '1125568495', '1436439191', '1715896782', '2301338642', '2273982513', '2896190107', '709881881', '3312798675', '1001943614', '2813765935', '635964439', '943404108', '4093981087', '1238107331', '1890771284', '1573726616', '723104979', '792537336', '385340483', '1518973610', '1758536872', '2028260938', '1286052989', '924814136', '889251991', '3114799813', '2272340843', '569577111', '2856990004', '650044336', '2584210272', '2059215940']"
[],[],0.0,0,"['2376225208', '3483241127', '1942523043', '664622281', '371736885', '3487012466', '2558695871', '1260535928', '2040047922', '1399379074', '1858125607', '133648310', '198017326', '1149504643', '335421853', '44747288', '2650822728', '1699830557', '3326033870', '1017256696', '1369039400', '1374988632', '178097391', '1203701048', '383624036', '470684485', '666472527', '1210724182', '1746481901', '2891695331', '2445550602', '475776357', '2556704109', '1332607031', '231846454', '2524408033', '1631281978', '1661887215', '101172893', '1494639934', '1169555573', '1669541291', '2437399114', '1039264719', '2074951350', '197480133', '2618614807', '859745663', '2082387227', '1758162774', '2061186541', '2372231212', '1577444526', '2357144576', '2818704421', '28957868', '2200619606', '125099402', '3646303126', '1682216104', '1612369326', '2063337665', '2749391370', '899010029', '36477257', '793388314', '1423856871', '1798933892', '320164157', '392764365', '2967466129', '3389343498', '59881656', '36302832']"
"['1962270292', '4059758521', '3153159152', '509145179', '1224085779']",[],0.0,6,"['1962270292', '3439840429', '1798444253', '2143015849', '4059758521', '3153159152', '509145179', '68773480', '1224085779', '3779982711']"
[],[],0.0,0,"['820601420', '1281342376', '926262671', '2428008320', '2956006481', '1336019271', '1170251075', '1866075344', '2417643636', '483536290', '2411568709', '1953459651', '1758282002', '2144109264', '1277177467', '2124253613', '1360276440', '491493260', '3371769855', '4044523275', '734649502', '1075524126', '939621075', '3664692648', '670139029', '3145129343']"
[],"['2576893039', '775722361']",0.2857142686843872,0,"['3310581891', '2576893039', '775722361', '1337248741', '2976706682', '1658522843', '690924064']"
"['4008543819', '1396039918', '2735561560', '4158727531', '1463873234', '4142918587', '1898347666', '17168483', '2876650978', '1007267092', '1287548419', '2029943389', '2839925413', '1916366502', '3348355096', '2133404862', '2524390802', '3786657019', '3682320159']",[],0.0,6,"['4008543819', '1396039918', '1991938218', '3368445746', '2735561560', '4158727531', '2896350343', '2711123641', '1463873234', '2279907138', '3105227396', '2807070300', '4142918587', '4032766679', '1898347666', '2152777723', '1998170135', '269135712', '1359895246', '3670237537', '788801539', '1345213333', '17168483', '2119075780', '4054171259', '2493330820', '2969609630', '2553233781', '2622967712', '3354815456', '1951865641', '2876650978', '1007267092', '1356118621', '1891715822', '3431749048', '1287548419', '1426407822', '322527271', '98340729', '1437493775', '1840708591', '2215767740', '1689863962', '2029943389', '2323875881', '2152004971', '2334432414', '2357212187', '1982458740', '1594321022', '2092326885', '1452352431', '3614631855', '1231252027', '2416147924', '881731962', '2919444182', '2766028860', '2619729540', '2839925413', '832823057', '1916366502', '3052755307', '637099036', '1606292681', '824952112', '2164753566', '1254798239', '2107922537', '119663283', '3348355096', '1906165258', '3499911220', '1353001875', '2133404862', '1300895340', '2524390802', '2587085325', '2357415184', '93053089', '2746320212', '744970740', '2754165173', '208001048', '4078383465', '109860741', '1428723336', '2821134532', '3786657019', '2901866168', '1994783813', '2936175962', '1515632523', '411565658', '3646688855', '2993927260', '1154672621', '1810367015', '2580714575', '3682320159']"
"['2491621743', '4015731386', '3389316574', '1593330993', '389097397', '2293119987', '3151022601', '162217121', '1877731486', '940854547', '3459606140', '370512808', '3686643288', '1235655795', '1125910605']",[],0.0,3,"['2491621743', '3604170957', '847960136', '4015731386', '2950034953', '3389316574', '1593330993', '3048835969', '1557650113', '389097397', '913971154', '2427890840', '1450014460', '2293119987', '4008018657', '3151022601', '162217121', '641970411', '2776980214', '1514205113', '3179408915', '2151239594', '1877731486', '1202490699', '940854547', '2465727862', '240655334', '429283380', '168041504', '2188136139', '3459606140', '4038826646', '1091200227', '370512808', '3686643288', '2678274346', '1280088573', '38670248', '557966312', '2058195655', '1235655795', '3359596536', '1125910605', '29120874', '526847385']"
"['1284912350', '2412120972', '2306889686', '2610306251', '2519711422', '4063162705', '70263829', '861299918', '1462343382']",[],0.0,6,"['1284912350', '115918528', '2412120972', '1105671747', '2306889686', '2610306251', '139882137', '2522418355', '2519711422', '1409224425', '349588006', '2346640704', '4063162705', '1565375049', '70263829', '2333808106', '3165535495', '1208889858', '3355927313', '2305146320', '861299918', '2133784750', '2879702504', '1462343382', '181523448', '2425557140', '217690152', '436302582', '2945877652', '608269279', '3672624899', '2207629801', '331299610', '210544779', '1964125614', '252148201', '414668669', '4125105431', '1411050657', '976068631', '2943361165', '1289553166', '2285233861', '2859528704', '2325011316', '801838937', '4101928652', '33605076', '656542694', '2769464909', '1373243096', '586031123', '3430786134', '3653762869', '2292743763', '1335517365', '1565300787', '2452466740', '2543276232', '3653434418', '2527162482', '744546167', '2769152715', '337407284', '1587288426']"
"['817061861', '724242146', '3622516627', '487671288', '2963283842', '866785551', '3060252036', '3671245234', '1512528363', '3032619777']","['724242146', '3032619777']",0.20000000298023224,8,"['817061861', '531502308', '724242146', '259666880', '3622516627', '102656365', '325718571', '1740854339', '799122303', '487671288', '2963283842', '2489813514', '429732812', '1014963893', '866785551', '2214902468', '2084265451', '1592591048', '3308440006', '3060252036', '2915184700', '1775492608', '1884578960', '482760161', '3671245234', '1512528363', '3032619777', '2747840183', '2437816959']"
[],[],0.0,0,"['1153562745', '1713849126', '976907431', '343830466', '64481442', '226115577', '1568944375', '3358164216', '2596781921', '632280948', '1387500195', '262409754', '414036361', '4048120204', '914715627', '573356942', '3141305156', '2209938916', '3167750167', '2052809942', '368541436', '1410660674', '2041722412', '1042906528', '2791758218', '846616356', '1233957845', '1670730903', '304556619', '3116695778', '4025067376', '1501337969', '3637145172', '1277913181', '1884637967', '873331308', '1606687179', '381437069', '2796148127', '1938776766', '3400570465', '1447277335', '826335886', '76221667', '73152108', '224049269', '1808312583', '838505166', '964434767', '2060555926', '1885992429', '3041404974', '3363490636', '1449240002', '2853721374', '2733298314', '3785041834', '263767784', '514712848', '2644336607', '3431916387', '2044619238', '362963598', '405233792', '2422753229', '1438753874', '3716107730', '211256596', '521397713', '1515206546', '1655281003', '358644196', '1256035768', '124442311', '1956689171', '1627829469', '3633474951', '771230734', '3603810400', '3306633093', '2565926500', '4117481915', '419655380', '882064749', '872765016', '2796728870', '3170994507', '402172904', '3168440037', '2765712806', '1431822821', '3321928702', '286039657', '884698365', '358971934', '3704926543', '3056980528', '299038464', '1129539979', '2157081395']"
[],[],0.0,0,"['3170458961', '3413617230', '2667310763', '3462461413', '972458933', '1583939930', '292426854', '2310008615', '1191045481', '1977408557']"
"['4007664162', '4117063172', '1408841378', '1070468860', '1956666320', '293428347', '2151540790', '246225506', '2387852771']",[],0.0,6,"['4007664162', '4117063172', '1408841378', '3157953817', '2147363887', '1522478299', '814005170', '3303269539', '1747210058', '495502883', '1073027013', '2661379256', '1343965294', '1821762263', '3784799811', '3785964711', '4157873701', '4113188886', '2235564689', '1070468860', '2895474730', '189065871', '219113474', '4002552736', '930478841', '872229052', '864490082', '354114141', '4120517164', '4063310639', '1755811851', '2275414389', '2181790635', '1956666320', '981756150', '2629809280', '306110547', '2200772438', '293428347', '1806282923', '464267677', '1038480887', '1640708783', '2274625265', '2151540790', '3164564884', '246225506', '1496203685', '2582946741', '2675040419', '622626248', '92985976', '350178443', '3146834488', '515980806', '1125418596', '2038328079', '582225715', '1844482690', '148957238', '225800698', '1650972051', '826476530', '3699131923', '2447788963', '2387852771', '4038800864', '2027736571', '3635749785', '970357639', '4127312221', '3424024121', '3623237251', '1094185292', '2353110160', '2088505322', '1944633729', '1638207749', '1710757129', '1128479032', '2534425849', '1170508528', '907911286', '748984518', '3054201222', '2620880463', '3776108805', '279563430', '760266128', '2874165307', '1848725671', '31113082', '3403660332', '2842486105', '674959885', '1809406255', '2756509165', '670158821', '1117117966', '2070080914', '1820281194']"
[],[],0.0,0,"['1418706813', '1945335310', '1500876371', '1210768717', '61141303', '1959025338', '2492919905', '2300920943', '1326503270', '2015344427', '1123497728', '2541704336', '2188837714', '211969234', '2089607303', '39702140', '1106752032', '2175850925', '2814398422', '1505789507', '707414377', '1938944335', '749571020', '2636693100', '783808204', '3469927596', '371389365', '3662583076', '1960340384', '63176695', '2001243826', '1775901482', '1476457236', '458741529', '199728092', '600479176', '2344517861', '2643653415', '2866707180', '218262444', '55978770', '1930244074', '576407913', '1578318575', '1641742563', '469993617', '1291877022', '2835653337', '1226163719', '1163231202', '2852483813', '1356716359', '1249039274', '2836813740', '2804378913', '2203241773', '1126242636', '2581828461', '841971825', '40218995', '1964450454', '1903152438', '857256301', '2593846015', '3151211668', '6113499', '3302475721', '71783208', '2972124429', '1526536111', '2431107138', '1803796605', '1316003437', '1872370024', '2104069271', '507987109', '23260247', '1779213571', '3361056876', '2341855808', '2214569525', '2540320610', '2859278637', '2793709334', '673403603', '643756351', '1078122536', '210159695', '468881743', '2768382081', '2888454880', '3163277689', '1687857539', '1167160006', '3303606534', '3302095177', '2423661802', '65046199', '719393610', '301178284', '2216894340']"
"['553206465', '1373325958', '2450607506', '2656697182', '3493021549', '968196644', '2272591071', '3033654907', '1735439658', '2848177183', '2872664158', '118086544', '3420198923', '2963065157', '1618240946', '4063412620', '3170453491', '1961367046', '828243454', '116211686']",[],0.0,4,"['553206465', '1373325958', '2450607506', '2607860625', '2656697182', '3493021549', '968196644', '2272591071', '1429311510', '3660866932', '3033654907', '2005850495', '4040474352', '1735439658', '2661965864', '3433529039', '2848177183', '2872664158', '1765163539', '1726996614', '118086544', '298882893', '673551637', '3420198923', '1396471115', '138396839', '1922240382', '2963065157', '1618240946', '926450395', '1109680068', '764050132', '4063412620', '1619817468', '1343967860', '154148640', '3170453491', '1961367046', '1285546030', '1447374108', '1381375642', '521176945', '1722575228', '1988376813', '840618348', '2041893928', '373129253', '2724892121', '1091835969', '929217055', '2536432120', '500705520', '1551173762', '2335360829', '3377384603', '1963992729', '2416295863', '1694919177', '3355174264', '374272079', '502534828', '1925308510', '1431802607', '1260110841', '1606691616', '245353400', '2115961576', '828243454', '2903855341', '711793239', '1866912962', '935689302', '2188821812', '1922493126', '1005440306', '798924562', '2384085926', '665113590', '4126402699', '494349009', '754185502', '2619995514', '3781843417', '1654765332', '132194947', '2246982237', '1532104881', '116211686', '1217414685', '2116453707', '2488633430', '2355014231', '634371531', '532528363', '1627129859', '2633340320', '113715136', '2962710745', '2537177231', '288464871', '1362301672']"
"['541573826', '714627658', '1275681923', '1817038121', '4135458911', '218176263']",[],0.0,3,"['541573826', '3675043890', '1302945348', '145128113', '4074073768', '2234379348', '714627658', '2425158503', '1031834199', '440887789', '462412895', '418011717', '997651346', '1551839640', '183890664', '227436849', '3651027550', '2298591206', '1275681923', '2090652809', '2748494901', '1094578042', '829717243', '2258959320', '2687031119', '2025753480', '1101058080', '3637303286', '2123978307', '1561681955', '2712841162', '1533054273', '2768065261', '3695006748', '1817038121', '786294534', '789271607', '2284366570', '3616554556', '1715349826', '320586303', '1637944443', '2671345414', '1213454876', '3445685787', '2721505335', '2151127333', '1765461515', '2150433633', '2156383862', '1615564861', '232009441', '2361282314', '1235116059', '994658061', '4073567233', '3069784376', '4135458911', '691000219', '1582840716', '2554357039', '779527844', '3398116508', '1595338499', '3387491956', '3774187719', '2060827314', '1416509461', '4134426152', '1721294791', '2502361782', '456651635', '1965583531', '933618031', '482123055', '3126719377', '4136316661', '2244460787', '1647397181', '2069201742', '1864427351', '1729599433', '3304454926', '1593857564', '554380332', '1734614066', '1879059226', '977595361', '653332844', '2760633137', '2061936500', '3417513845', '496502131', '218176263', '2239626461', '311623881', '1331842912', '1867089401', '2937221721', '2538460957', '1665835819']"
"['2412145969', '4057790296', '4005045165', '591032177', '639176853', '4124167166', '3646398621', '1457280738', '1302348809', '2462792966', '533625821']",[],0.0,3,"['2412145969', '4057790296', '4005045165', '591032177', '1875942096', '465660696', '2261183625', '3469798284', '639176853', '4124167166', '3646398621', '1457280738', '2685560161', '1302348809', '2462792966', '533625821', '1929580394', '2154736570', '557855927', '4045978075', '317909928', '3394135128', '1233379520', '4000499495', '1437800323', '2425466903', '740761795', '4113597704', '1885935771', '1874818577', '2407836857', '3782671125', '307625166', '1232569058', '1354285397', '2974228573', '2345676609', '3319112904', '4117370104', '2137282974', '734001517', '411683494', '551868162', '1789947718', '147742548', '344652743', '4162072163', '3357556719', '1317566258', '156520866', '2675165451', '1230699499', '2920991236', '4156982694', '1837422479', '1385285844', '3641524224', '2359569807', '743220554', '2180824114', '316330485', '219994842', '963832570', '2278129437', '1871167992', '4040630548', '4011962370', '1069021070', '522180335', '2068231245', '2128505990', '1456333653', '254787256', '1951468383', '350788736', '2583836645', '1857711347', '1794615817', '1866613415', '1652728522', '2838736901', '2546550546', '3416526772', '2308156709', '4060447483', '3454297403']"
[],[],0.0,0,"['1938261020', '1852451340', '1263014818', '2714184344', '658052820', '1556900115', '1539336918', '126959079', '3303671343', '453007082', '2279019569', '1514001668', '319767152', '962175505', '1745446782', '1873335262', '1498375634', '3140061968', '2680997806', '1055446147', '733735318', '2647721409', '1096245434', '682483861', '1216393934', '1817172325', '1599422936', '74567520', '1313968302', '1950557469', '2017212002', '4076373387', '164639021', '1177192242', '2413888024', '3050153519', '2958333601', '76968374', '1779567734', '547777880', '81210720', '1689255221', '83692418', '1514639923', '3734665320', '1678933480', '3037226049', '3159296105', '747043199', '1615891140', '20381660', '1654890533', '889056163', '298226000', '4011407255', '1269744862', '152468715', '2120804822', '1744021263', '1214089012', '2034022669', '2342799413', '1006232867', '1244678799', '1789560216', '925868986', '196064755', '385070072', '1991039309', '2059498336', '861045980', '994978619', '2912569919', '2373715939', '1318517479', '106473080', '2378098256', '68430250', '3146129119', '1478254025', '3369131871', '2700506727', '16182837', '1063516796', '1926445364', '141826776', '3304428914', '1151904701', '451269080', '1565290042']"
[],[],0.0,0,"['1270279018', '1033283477', '2188711932', '2704338108', '2352659762', '938099736', '507672837', '3377514763', '1333576719', '2830642921', '335982915', '1717563941', '1083587835', '1775830227', '1147427113', '1278006267', '1179307011', '2896207662', '1440188257', '4001610830', '2514613964', '1743540382', '924069878', '2361510996', '1020451540', '2538462908', '685374725', '2011314461', '1329014566', '1192488664', '1687688606', '1016075636', '3678375048', '2220232621', '3038642344', '2679543710', '1557102080', '3324573238', '1836233673', '2022422630', '433429559', '1236294842', '824906560', '1270443404']"
[],[],0.009900987148284912,0,"['2847053280', '2109507241', '2616581221', '2841353712', '1667422781', '1620257881', '2400122803', '1466808280', '2531103321', '1934684441', '1891423974', '360427400', '557900184', '2875260878', '874855808', '1506011820', '3695326544', '467504317', '2072095001', '1045123391', '2237947950', '221205639', '902453842', '1749656101', '955093621', '723378723', '2714271136', '1131924890', '464670607', '556367855', '2198240714', '2551405907', '1569238742', '1421753148', '2651123040', '772874807', '2230261410', '1549370638', '2787309562', '753900809', '1691827120', '352377477', '3316297821', '1991090378', '1608375882', '1814633920', '907822995', '926580070', '898709462', '104807700', '238580173', '2579833380', '1066303930', '29048877', '1510992656', '472262564', '3714404543', '3406838206', '1527666013', '934159631', '1013512211', '1613356719', '3386752184', '230857583', '1842449280', '1108278641', '71576325', '1504518692', '783149913', '184554075', '4122011305', '938608239', '1322912264', '1479152742', '2790480580', '1301350290', '1031150376', '1344404162', '2173107624', '325517953', '2124193547', '139985692', '2672599565', '1897887960', '925337605', '550145359', '2992688427', '3386151831', '1634565436', '212015179', '1420050018', '753417801', '60491530', '2050515801', '1158348880', '2063008661', '2204084881', '175746636', '1707570829', '2795267634', '2526832321']"
"['4082287051', '2423146364', '4009690588', '4058119016', '2040839649', '941339687', '1891261398']",[],0.0,6,"['4082287051', '2423146364', '2046397376', '171495632', '1978744292', '1548767531', '3604608008', '933573291', '684058587', '601817213', '2171820209', '1500559742', '3344856616', '459671729', '3144292793', '752086961', '1802289557', '4089253548', '2983934457', '2615617177', '3641464752', '572023707', '1162932974', '4021051297', '1095177619', '197131881', '419107986', '85426283', '1762003919', '166877353', '2151910421', '1211503570', '407075799', '3789188804', '320321335', '492790206', '2856538314', '2620468631', '1142057255', '2090450385', '484177906', '2006427261', '3629238601', '4009690588', '1996572740', '1356282864', '2860442338', '1179205253', '1115684537', '2001774180', '54027453', '4058119016', '1538047774', '2040839649', '434377320', '3174162280', '941339687', '1114425895', '3674043738', '2825560617', '1724199694', '2056113495', '2109020930', '1142316954', '2622122871', '1624372513', '3136220080', '2497986605', '4008898971', '99445453', '2225576021', '3633801708', '2587830132', '2890298018', '1637967529', '3444446592', '1346449101', '1276848525', '2221048779', '1957542013', '3645197040', '1388345819', '2298601408', '51370144', '3309863122', '1628536508', '210110884', '2996210523', '3346594134', '3351571463', '3337133502', '2228486713', '1454686660', '1638170197', '1100133657', '358405477', '1891261398', '1247940027', '861135257', '4139698155', '1579292740']"
[],[],0.0,0,"['1790868988', '1466823602', '1665739624', '1084720612', '472415760', '1186544542', '2164933702', '176594894', '103948180', '2479055140', '2355303167', '2794983911', '3150632337', '2093169884', '2994372901', '2204901868', '1531724938', '648808537', '1695581717', '147538215', '2162461896', '1734866474', '3467675023', '2959062600', '697477130', '2113150568', '1247901199', '815453610', '345311955', '1392989545', '2493488005', '1358308332', '2577295740', '2188357280', '2458452949', '2017290856', '258919854', '1721545531', '2731465425', '1700463112', '1996883639', '304826687', '1678323816', '1623050614', '2452876826', '2405357676', '1761577972', '2496460128', '421546410', '1074540298', '778107789', '389956435', '1227893432', '3617749711', '4018912690', '642014201', '3756451042', '562776541', '2217001729', '3043780194', '4160488643', '95194540', '3391040819', '115184599', '1051129623', '636687887', '2255075523', '792813266', '829017826', '3405613448', '1032884241', '2049165334', '4122006838', '1289135269', '311764560', '2328270033', '1631997480', '666525372', '788925666', '3393582239', '981687897', '2526829005', '2567229121', '777202723', '3418524562', '3312956958', '2834517439', '2042314763', '1862750373', '2095015220', '385810888', '198921119', '544991177']"
"['842589293', '2415214564', '2312299682', '2470082618', '2460474826', '2227530888', '1034092901', '2709027636', '1009772673', '1080383871', '2048639598', '864528685']",[],0.0,4,"['842589293', '3317698534', '2415214564', '1447783441', '1433232815', '2312299682', '2470082618', '2460474826', '2227530888', '1034092901', '1143185999', '2954739583', '2709027636', '843628880', '1009772673', '1080383871', '923174861', '436319250', '2477132206', '2048639598', '864528685']"
[],[],0.0,0,"['1211804562', '2471070202', '2354528720', '1889439737', '1672762242', '1035537454', '1196648533', '1484119686', '1948435347', '1091566764', '715897860', '1632765321', '1265166514', '2232231411', '3066999007', '1690653140', '1744487614', '434331635', '1264469723', '3173081630', '1153481306', '939434423', '1882156233', '1574562883', '558611722', '982529922', '3705846319', '2653071741', '1407105578', '803403062', '2798429483', '2448652132', '1487530631', '1996629123', '1747529602', '2431052740']"
[],[],0.0,0,"['257551175', '876058920', '2353566081', '2079308931', '1491758120', '258917535', '2210142029', '2693479640', '76439065', '2630092223', '2044938381', '60911585', '149734255', '4048215889', '2162514263', '2099784020', '961372648', '1737592115', '69580045', '2654774742', '123126160', '1515338660', '1369181360', '1732601880', '830854403', '1978011039', '1336177009', '3049435920', '829194160', '1257861408', '697001420', '627567240', '594565695', '994094208', '3767545223', '3485147654', '2115949483', '2893748303', '1596167099', '572997295', '761062981', '957678027', '2927829412', '1296151660', '2759679640', '2594781281', '1308747041', '1524462144', '991798563', '1494431082', '1272632021', '1985109280', '2973443910', '4004272859', '1323679430', '2829541380', '2488292823', '1033289518', '1095578480', '2103021816', '561654260', '1399033109', '1032157923', '858167016', '915982717', '2504359919', '1927807953', '689021400', '777612021', '1941258620', '1543476361', '2012917663', '1347635680', '1492542422', '1629681622', '1389292262', '839759521', '1569290160', '2889065333', '2826314212', '2779155530', '861999204', '1334647162', '2844962702', '651079942', '1136312826', '1429206463', '598656775', '1850924300', '2423363614', '615633321', '151272600', '737734220', '1503319400', '2310176043', '4035055202', '1192555348', '372523875', '1468808042', '172455133', '2104726203']"
[],[],0.0,0,"['2596243147', '1020586691', '2636580807', '2404610714', '166687267', '3413074918', '2252347892', '207125249', '3443586449', '1560028403', '2599487635', '1975501075', '13103113', '1427839870', '1089338014', '3306632767', '675236002', '2085159858', '3108271030', '2512596261']"
[],[],0.03448277711868286,0,"['379350751', '3387200573', '2477946211', '1503463021', '2178090843', '1742490067', '574921647', '2145935061', '583599635', '2158691509', '2848035243', '1224685813', '153704799', '256743715', '2459279231', '3345947206', '3748439643', '4063570502', '1806202946', '66454984', '1346050966', '3036076885', '2151049646', '3401917874', '776340321', '871265812', '1293531414', '1977850626', '1289584434']"
"['614446257', '512806186', '2694717155', '1838594079', '1783497678']",[],0.0,6,"['614446257', '1864855237', '512806186', '303685058', '2694717155', '1838594079', '432815429', '1783497678', '2849098564', '1783537491']"
