label_gang_mem_list,pred_gang_mem_list,jaccard,subgraph_gang_label,subgraph_node_map
[],[],0.0,0,"['910056107', '2746224702', '853808536', '2760258761', '1969946218', '1515289377', '1270462266', '734849337', '2285972961', '493898243', '2718603311', '882795496', '1110428729', '393579528', '665681483', '1163591342']"
[],[],0.0,0,"['2611165918', '933307484', '926236135', '2026378841', '1134654626', '1008487004', '1279614531', '2636104601', '1002886137', '1574054863', '2600117218', '2641570740', '2770430635', '3433390679', '184299949', '1891209913', '516620735', '2675594138', '1066368877', '1052232432', '1461368582', '2862760984', '1820945435', '1340006912', '2654565364', '1347251669', '2582317041', '161733560', '1327611417', '843680535', '863574412', '2559839718', '1175110278', '654503742', '1746030301', '1128054771', '411470895', '2131754460', '2935839907', '1346005366', '1844504163', '1833446220', '2363302831', '1560560228', '2466232712', '2319882740']"
"['2574877022', '1557895574', '1180753257', '2070738383', '1892989577', '3718757327', '1120126723', '4109308817', '2811583757', '2658810457']",[],0.0,5,"['2574877022', '2818648782', '740239045', '1557895574', '51233468', '1180753257', '4022255743', '1278908606', '225663074', '2070738383', '2730146742', '1892989577', '340690318', '302232658', '963460021', '447719348', '814507659', '2869474308', '2639174816', '979412260', '1541317337', '3718757327', '2328140054', '1120126723', '724180181', '1754313216', '4109308817', '2380555879', '1588079692', '4126023358', '2762767144', '178696578', '2811583757', '945110254', '1194710742', '2966582628', '1657315534', '2298398951', '1090567183', '627290056', '2658810457', '3638255902', '3799819941', '121868134', '2138935168', '944753266', '3036084211', '3151743418', '128725103', '451418124', '3630841122', '2051243071', '3125432306', '1507663203', '1809817508', '2238011315', '1415421423', '3150964836', '198498288', '2099235221', '493904324', '1732601169']"
[],[],0.0,0,"['3464187389', '1126520692', '2208792237', '2247589103', '1139948710', '2862267521', '1843088302', '174045453', '2073034085', '382512922', '2589055515', '2112390861', '779001207', '1502994717', '1658196613', '1597447178', '2383179001', '902850048', '2649940801', '2894004617', '3033046648', '2062707136', '171405475', '2228081166', '1640449823', '2041676447', '1449637000', '53428785', '771400240', '7758835', '2836262741', '543537455', '378838869', '113411497', '2362599700', '1754267480', '1605552002', '2036153241', '1029248720', '3169202065', '497533240', '868964863', '707965657', '1925255169', '538328020', '3746389140', '823662180', '2940155705', '1318696482', '424122127', '1802696729', '2241253918', '1367635446', '247938213', '640008360']"
[],[],0.0,0,"['3049321882', '2676572925', '2515984881', '2117445026', '2476438523', '1936485406', '790493269', '2460993440', '2973335009', '467053809', '608696121', '1743692614', '2335208419', '143650415', '2305530637', '1337030600', '2018747460', '1452171532', '703733306']"
"['1277945364', '1944198241', '408798538', '2098315491', '400268304', '125348236', '151071561', '2825792730', '4119361312', '4045757061', '2480633874', '998102893', '1972922831', '2805129982']","['1277945364', '1944198241', '2098315491', '400268304', '151071561', '4045757061', '2480633874', '998102893', '1972922831']",0.6428571343421936,2,"['1277945364', '1944198241', '408798538', '2001749415', '2098315491', '400268304', '125348236', '151071561', '1613758225', '2153630640', '78191593', '2361627741', '2135412123', '1724817982', '3305234276', '2928109183', '2137159721', '1383015861', '1855384042', '2825792730', '4119361312', '1941368401', '4045757061', '2315756705', '3413171597', '1484525123', '506786468', '2480633874', '3618679058', '1369334942', '998102893', '2931709106', '808069523', '2951690726', '1972922831', '2855409634', '2981078008', '3451279571', '218830593', '2754392026', '204178496', '1174277672', '289355682', '2664718211', '816734602', '2802719073', '1664830521', '1004505342', '3471971553', '1556801209', '2888382526', '4084234691', '2906491945', '3467342455', '1523083140', '3100585387', '1770147676', '2962516926', '2805129982', '3102246112', '3163187654', '1937423003', '401536407', '2936138600', '3353044392', '3704958905', '2700353681', '2986084325', '2324491035', '607782322', '3405003163', '3476165410', '1438405015', '2828864209', '2966192080', '3382082351', '933755332', '3360350037', '1344987258', '3317161795', '1440899224', '3400196637', '2343734218', '39944819', '2618522207', '2869884661', '3432629295', '6575185', '3398178701', '893833042', '2836309226', '27012195', '2741748703', '1349376480', '2346550869', '616624888', '2074166281', '2165013449', '2315495922', '2126659433', '1397579339']"
"['1905389380', '1881983323', '206255380', '3701883143', '3721679945', '807117950']","['1905389380', '1881983323', '206255380', '3701883143', '3721679945', '807117950']",1.0,3,"['1905389380', '1881983323', '206255380', '540139685', '3701883143', '3406514071', '3721679945', '1438888664', '807117950']"
"['2552362554', '2148916655', '2830889853', '2158266601', '3680406088', '376960924', '3361366829', '1224342859', '171640916', '538061364', '1267507388', '856843369', '2771145269', '3403594113']","['2552362554', '2158266601', '3680406088', '376960924', '1224342859', '171640916', '1267507388', '2771145269', '3403594113']",0.6428571343421936,2,"['2552362554', '2982114846', '2148916655', '1700078007', '1946473921', '2830889853', '1961298742', '1014761583', '1779329600', '1374678802', '1966359903', '2825442711', '379614188', '2021512000', '2158266601', '521730937', '3660792357', '2766616920', '3154141455', '319104538', '2485890346', '9790490', '2216384459', '3680406088', '897608998', '175325786', '1334068079', '1706283781', '964381600', '376960924', '1923449065', '3361366829', '1224342859', '3695376974', '1034435102', '1196267920', '1507725693', '4018323765', '311142881', '2141023180', '3637790822', '3410088193', '2229177561', '444196116', '2158320070', '2662359200', '253145888', '1707389081', '615682811', '4031426472', '171640916', '954859118', '528197457', '2203372821', '3129416787', '3044089650', '538061364', '1518827517', '3353797482', '3418057483', '3716644810', '2141606978', '525773460', '756062728', '1229260404', '1654198344', '1101620963', '3043233799', '37897879', '4054876245', '2215033716', '782938706', '1539941862', '2208098866', '2129498622', '231190134', '454007956', '3460817746', '295384453', '3411731374', '1986037419', '1267507388', '856843369', '285243120', '888950783', '838195122', '1050495366', '2801320980', '985392327', '1212424140', '2771145269', '2872515150', '3059626275', '1773558713', '1044428012', '1810261731', '3673149080', '1757994773', '3403594113', '2825029284', '314309085']"
[],[],0.0,0,"['2794806505', '2538897933', '88916125', '2880827011', '2404580827', '1761729429', '2178773168', '2217342604', '2194267721', '1948512403', '1298007905', '165197683', '740268772', '1626109236', '35228222', '61221400', '2807621006']"
[],[],0.0,0,"['2812411814', '772843799', '2797710418', '3343242768', '2083394738', '1265047528', '1211540931', '2406890637', '1627509029', '381830843', '3630676453', '1041508633']"
"['2048335949', '2352014231', '3387894083', '3476894604', '3445643269', '2157927692']","['2048335949', '2352014231', '3445643269', '2157927692']",0.6666666865348816,6,"['2048335949', '61352622', '1776020435', '3047246489', '2384176160', '2823684637', '2425467942', '2887230343', '794057878', '436597595', '1494799959', '2677385829', '403511915', '2952487004', '790566220', '2040062703', '1090442760', '2936946636', '2099181911', '735122642', '2736616503', '1577861622', '3453842066', '1324158216', '725012760', '2230013977', '1516796626', '1242749526', '1276400022', '2658389160', '1945094422', '1740623674', '2810056469', '3486025132', '2117466377', '3730796531', '1997483919', '1536227067', '4156180682', '1789493343', '1971963109', '2587717022', '2382932656', '1295036143', '2466554214', '903485412', '2306266044', '2031739606', '2720384607', '3329493969', '3792602805', '2631561976', '2550798123', '2031343300', '3620090103', '1962787967', '1235599301', '2352014231', '354857140', '1888348310', '2270798743', '2368365314', '7069781', '2104738211', '977564478', '3387894083', '1432394912', '1926654638', '1087624796', '2076203917', '2194179987', '1925969140', '3476894604', '2013305814', '1968517611', '1424718929', '952843464', '1496490643', '842300813', '2198630334', '2788058422', '1956385631', '1394127964', '1742116295', '388553675', '1545520721', '1445740561', '1540275684', '192683330', '3445643269', '2157927692', '4025041935', '137548192', '4079076594', '781468619', '2345348061', '2907341100', '3407855597', '2458413380', '1072406993', '1141177512']"
[],[],0.0,0,"['1864135060', '2038658761', '604021409', '2308679589', '1933506456', '732730480', '1695461915', '2254090600', '234544288', '1410882043', '176931112', '2309613793', '1936147981', '766762661', '1284047206', '1529118500', '1527686088', '790871520', '1225726679', '1526484061', '740350008', '2256336344', '2241662527', '3492855592', '2353907214', '2747340781', '2569096766', '196053222', '1664687982', '4035450481', '3664150679', '1906889458', '410626142', '80486021', '1715928664', '906515845', '3430856702', '823474439', '185271291', '4028296051', '423387650', '1489790263', '3735663926', '987942534', '15559365', '3379020001', '2751428145', '902029648', '2958824760', '308089731', '973580250', '3421785209', '3668024085', '39313316', '1453217580', '2517697282', '562830148', '2207902016', '4078962727', '1161537767', '1393159697', '1799673804', '1868536458', '431802041', '813431785', '58760215', '2531803522', '107217688', '1349293881', '2158993508', '585693028', '11626612', '3444538232', '1087556058', '2652685917', '603304960', '1025225186', '2065796472', '3335408421', '1137004447', '2564200403', '1756600785', '287189539', '1827602821', '3434182585', '1702181322', '1146088567', '986939555', '986712291', '774366931', '1578419911', '2610800928', '4019827106', '1705080138', '3608571254', '617877094', '2900234962', '2673319712', '2277978465', '765623385', '2542900670']"
[],[],0.0,0,"['1042979152', '188251971', '2229579865', '2495487222', '1630176231', '1921560740', '1405161805', '1022020129', '2167146629', '2158923762', '594193340', '511628286', '964262747', '1057397938', '1066662584', '663276163', '245941076', '203526147', '801818109', '1481134686', '2963071781', '1356371207', '1358281306', '573222273', '1328764310', '1153950160', '634359507', '1195004855', '2101297344', '1853746361', '2597026715', '1295723560', '1089899971', '1745098830', '2319067470', '436060989', '1849930613', '27195206', '935884941', '2354913341', '1824702838', '2235645822', '1410997091', '88761907', '1642198221', '298506904', '756978043', '2563015326', '3182220730', '2675678919', '2045381100', '3388182628', '1095184802', '1009851970', '2560422240', '736036220', '1555386444', '3323129190', '352986366', '2477377901', '1572030112', '367874513', '602217720', '1580785007', '636833960', '3640047747', '1169402917', '2740168918', '3645354474', '1077118921', '1911215630', '807242776', '2212054444', '1992768564', '1554105778', '1527463084', '374249529', '785355717', '727690163', '2165235161', '1077714919', '265697917', '728937131', '82826342', '2570477046', '1548294042', '464007431', '2978700328', '300560870', '321309653', '177558363', '3058029556', '106845794', '1286458721', '1253633003', '722617892', '2350013667', '1275004037', '167042611', '3670242284', '1213641854']"
"['667806515', '3708604911', '1611811551', '1431992558', '595698359']","['667806515', '3708604911', '1611811551', '1431992558', '595698359']",1.0,2,"['667806515', '832316211', '3708604911', '2877477241', '1611811551', '2758767115', '2683914863', '2009470432', '3308531876', '183922336', '2793261863', '672018931', '499914824', '279259595', '1431992558', '1907865061', '1765091235', '892277278', '1408769635', '2155055429', '1172596202', '2095903433', '2282344355', '3331007520', '620376620', '595698359', '1142713301', '1426629218', '595993993', '2925017705', '2473993924', '1194104686', '1703301209', '1099467189', '2803533604', '2384420818', '123900330', '1648058760', '777601763', '1997190743', '221809625', '2895638969', '1681910904', '1035537941', '127258715', '2307194840', '370266360', '2852984613', '1693013377', '886140206', '1344130640', '1726706032', '2280174209', '837918539', '2165091872', '3452714964', '595093689', '1332404301', '506734942', '322446655', '1038734771', '2585309125', '514323800', '2555099119', '1518296831', '1930765442', '2125625333', '2230676722', '1503928580', '1850831225', '606557519', '1571718996', '439060574', '597012634', '2445113881', '1269682019', '2687717421', '6161695', '340205644', '2300146634', '2360435134', '1807773622', '4122305452']"
"['2491621743', '4015731386', '3389316574', '1593330993', '389097397', '2293119987', '3151022601', '162217121', '1877731486', '940854547', '3459606140', '370512808', '3686643288', '1235655795', '1125910605']","['2491621743', '4015731386', '2950034953', '3389316574', '1593330993', '2293119987', '3151022601', '162217121', '1877731486', '1202490699', '940854547', '3459606140', '370512808', '3686643288', '1235655795']",0.7647058963775635,3,"['2491621743', '3604170957', '847960136', '4015731386', '2950034953', '3389316574', '1593330993', '3048835969', '1557650113', '389097397', '913971154', '2427890840', '1450014460', '2293119987', '4008018657', '3151022601', '162217121', '641970411', '2776980214', '1514205113', '3179408915', '2151239594', '1877731486', '1202490699', '940854547', '2465727862', '240655334', '429283380', '168041504', '2188136139', '3459606140', '4038826646', '1091200227', '370512808', '3686643288', '2678274346', '1280088573', '38670248', '557966312', '2058195655', '1235655795', '3359596536', '1125910605', '29120874', '526847385']"
"['2918674879', '1140023971', '1558413077', '3779588435', '1106815294', '321464390', '3379937229', '2442260915', '553713864']","['2918674879', '1140023971', '1558413077', '3779588435', '1106815294', '321464390', '3379937229', '2442260915', '553713864', '725498492']",0.8999999761581421,5,"['2918674879', '1140023971', '1558413077', '132925125', '2343634193', '3779588435', '1106815294', '321464390', '1650672173', '734604829', '3379937229', '2442260915', '3706825628', '1846582201', '553713864', '269221370', '725498492']"
[],[],0.0,0,"['705684040', '224631267', '1821574310', '2034679623', '464125249', '3737250200', '2581890319', '2307172833', '2363701723', '469566562', '2954846683', '1462012573', '22427655', '2016776522', '1271633112', '1156152775', '4141373304', '1115984738', '3138249711', '151492972', '4040845829', '2022226768', '2535655319', '1447320530', '2217459430', '1605796886', '3464497095', '1307179329', '1621969087', '1141730085']"
[],[],0.0,0,"['779714670', '302232831', '1688111192', '3485955522', '1175565222', '1637933807', '2344790215', '2252979812', '886324565', '170206816', '740568972', '1249394571', '1138873406', '3162994362', '3113901726', '2955342110', '3132093331', '3146043563', '2295082898', '506290111', '986591528', '686768945', '1481221791', '2137372635', '2908798741', '2763363377', '54563430', '1154716735', '386292268', '1186229967', '2801749932', '3606270291', '3177438576', '1930065562', '2240705728', '920229538', '2168217137', '1735493137', '2440618677', '820967142', '3736136949', '1130500863', '2660349240', '1373002842', '2647791171', '416771001', '3031871926', '510996942', '2535072335', '535172713', '1671212184', '814339104', '2939402959', '2371899242', '3330069863', '324881793', '122211104', '1100937812', '320303942', '826728341', '2355099889', '424891724', '3419527797', '1513840608', '256210528', '1092980234', '1895205864', '330031487', '1952044133', '214902677', '734956418', '2002355176', '681250672', '1735704181', '1075342026', '1776361571', '2347747415', '1658876233', '1019811819', '2161817103', '687316023', '278717671', '2103300144', '2621283019', '2075244741', '220279305', '814698323', '2544464237', '1634605974', '3308419554', '1870259124', '3362571374', '2039715137', '3639641850', '1088587173', '3751539019', '1841558469', '1719562831', '1106341612', '2815202861', '299605687']"
"['1887095797', '870951175', '694262574', '2603473460', '2092477742', '3710637000', '4106233351', '4096225877']","['1887095797', '870951175', '694262574', '2603473460', '2092477742', '3710637000', '4106233351', '4096225877']",1.0,4,"['1887095797', '3036008722', '3651912018', '870951175', '694262574', '4026714011', '4074723449', '34297586', '736799903', '2603473460', '1601606942', '2092477742', '3710637000', '999235714', '2247853004', '2239777885', '4106233351', '4096225877']"
"['436990357', '1677423845', '1165360602', '4028941251', '449589131', '3675588618', '2529121142', '654228796', '4021799480']","['436990357', '1677423845', '1165360602', '4028941251', '449589131', '3675588618', '2529121142', '654228796', '4021799480']",1.0,2,"['436990357', '3437680239', '1677423845', '1165360602', '4028941251', '449589131', '3675588618', '2529121142', '654228796', '1575953972', '4021799480']"
[],[],0.0,0,"['2572089445', '1671126204', '755526121', '3678838391', '3430509825', '1719997387', '2472475906', '1137637241', '2747505304', '2725004366', '1387170986', '1979330584', '1134717077', '1658569544', '63454128', '21798977', '1508465708', '1535038135', '1517090903', '2906797215', '2272316845', '1289651163', '2157006923', '1713733377', '2992113463', '1740883507', '692384802', '1886038098', '1245038955', '984173201', '1479223507', '1527291486', '567636708', '544896756', '3463867682', '3686600239', '1991335181', '1677843462', '45866522', '1453276674', '1622303126', '2380925209', '1189180126', '772381820', '2325088838', '88336784', '2788138147', '2472455626', '1503969320', '2843273719', '2033384002', '3485064252', '3677618463', '1662481210', '1396710485', '84453348', '2292190534', '885674585', '1087864103', '1872609481', '1734679577', '79271489', '796495138', '4063936474', '1820458662', '1626250318', '1084364401', '2246163876', '1823161478', '2285412325', '1964899788', '1992986483', '521316057', '533444509', '2596044280', '2657250035', '1648363481', '1359147834', '2976015733', '775987956', '1967983718', '381060092', '3696039983', '1295128307', '179506252', '1523313691', '1478762404', '4082138600', '1275274674', '4094273121', '2186342563', '4102451800', '1328603363', '1104961141', '3121872597', '751754026']"
[],[],0.0,0,"['1987847234', '1891826010', '942374238', '2692013460', '2816430120', '788140373', '2233858005', '4093181533', '1624500784', '2704320728', '342336715', '279189440', '2111081577', '739159840', '2961898620', '2795357532', '714191806', '1232373738', '849853244', '721631421', '347244835', '3327135458', '2782143222', '1327639271', '2179832435', '1070085544', '283530392', '2846094042', '489744663', '2767847620', '896827282', '1377391632', '2096440730', '2172013593', '2990027281', '202039055', '2081825106', '1434122922', '4153419517', '1274137615', '2533017514', '1104472219', '2005469370', '3101287558', '2877691740', '2175555241', '1451667683', '1627054920', '413509853', '2961665517', '2777670402', '1629385242', '2627719612', '670095024', '336297915', '69912597', '1374094544', '4087577032', '1460320720', '795789580', '1039203224', '1289087431', '2240439807']"
"['1894496334', '1948283984', '543182639', '1900923849', '2257998190', '749896309', '2150521754', '2717102104', '2638521646']","['1894496334', '1948283984', '1900923849', '2257998190', '2150521754', '2717102104', '2638521646']",0.7777777910232544,6,"['1894496334', '1948283984', '2432529801', '3613546677', '589511060', '1737204221', '2889701524', '164079898', '841314040', '1099416823', '28811425', '740727529', '600827997', '1739034561', '543182639', '1706018444', '1964426641', '1900923849', '1954119513', '1201208673', '837587100', '2076190467', '1739933960', '2579275432', '1790389008', '2257998190', '2968371461', '856986542', '2306633482', '1747110326', '1610066134', '749896309', '101170267', '282932382', '2292175820', '2064673648', '1791870620', '3113013391', '2503899455', '4031965783', '200762737', '2995789640', '937243785', '4043935125', '946056304', '2983935046', '1273530068', '2029751309', '2150521754', '3651629159', '3057720007', '1240612112', '168682235', '1089928498', '1735735333', '4136400501', '2689201929', '4122385431', '2236345775', '2273202371', '4098712104', '2424166442', '1153049203', '361723536', '411379922', '723038020', '2194331533', '3030835824', '2724392248', '1176150299', '4031463696', '3418517798', '958800925', '3697770509', '304325534', '2109986475', '2717102104', '714712018', '2050099622', '3162200670', '2638521646', '1083570850', '2650270907', '821165478', '2600322770', '670221516', '2836487932', '1773665262', '258698352', '1495964223', '894311773', '2401517021', '2188751171', '397877244', '3454255163', '313327179', '1319575180', '1178107984', '2097453830', '3617909875', '1807779087']"
[],[],0.0,0,"['1106566706', '1199499232', '1997283514', '2534997730', '1438325130', '736545638', '1046487337', '1202249320', '2523261181', '1986725419', '1171032662', '2577061006', '755557382', '1581419507', '2087341334', '2153921380', '2992581133', '1534573183', '1828734579', '1963047018', '1129762260', '2184948413', '917340036', '334619289', '628424517', '410578284', '610059785', '2276852972', '4015214627', '4095972043', '2449762280', '267258629', '1172152822', '1092005207', '3409128450', '2089483813', '3752605730', '1207269005', '3370305720', '3743261018', '1635742410', '1410255939', '379762177', '879953064', '1348547739', '114165120', '907203772', '1303134161', '1903992182', '4025137460', '199791098', '1821520062', '3103348301', '2688697915', '3188052921', '1916872411', '2861405975', '3437763967', '1499147221', '1583211780', '835696757', '905538670', '919257303', '1829265177', '2537681575', '1915180344', '2326966802', '1051610343', '2954939800', '897915015', '1005069312', '2908582643', '2103884372', '2239178807', '3154703347', '1113645939', '1209984052', '2736112515', '1848439823', '964942885', '1978753814', '4018928232', '587300475', '1340667808', '1893735518', '2002253538', '3415482503', '1356918741', '3367744365', '1734834617', '340497523', '3414513551', '4089545771', '2990447240', '2583245264', '1515622907', '2298014562', '1846572163', '2072128367', '644146226', '2608961229']"
"['1465129311', '954063952', '1454259899', '354217917', '2995742666']","['1465129311', '954063952', '1454259899', '354217917', '2995742666']",1.0,3,"['1465129311', '1666093279', '783642182', '454036381', '2213450468', '2860751163', '1336371144', '1729896431', '3402966552', '1117497836', '1555240767', '954063952', '2483932350', '1411156202', '1610035722', '2067138367', '1454259899', '354217917', '212636938', '2729357963', '886630678', '3480257713', '1880517175', '371851351', '1995584839', '1717442713', '1613910682', '2179092303', '1430326122', '1622819065', '867928562', '3331312971', '191126986', '1031714375', '1407937419', '1480664424', '3112192996', '1849633143', '1428556837', '2995742666', '2316782632', '526205188', '2601384037', '3656393061', '1685900889', '651407758', '3147214420', '2745220632', '1859189876', '2103821666', '1425983202', '1014984519', '757545530', '3311095402', '1216407062', '53933966', '3330862089', '93251434', '153149343', '1418776433', '351231041', '1805883316', '3347205262', '1882858535', '3498412408', '1294588583', '1317227719', '2845815526', '1182957768', '3786321818', '1380510933', '754015078', '416449054', '3415452836', '2792203639', '617174767', '1635981781', '3691890543', '123375990']"
"['2224371125', '597677293', '1816622292', '3313883459', '535518515']",[],0.0,4,"['2224371125', '597677293', '1816622292', '717601476', '3313883459', '535518515']"
[],[],0.0,0,"['204855593', '2123249279', '2707552030', '2708740526', '2940346143', '3117501072', '597161445', '246927005', '2880923381', '1918239096', '1353134090', '2960839433', '2896882144', '9149305', '381873315', '1473463730', '1574884638', '15621667', '2797510438', '3320444802', '1310492836', '3420984799', '927519932', '1351762910', '603211340', '1155667073', '2652348832', '710638414', '1378148918', '1037572310', '2246137115', '2593516626', '3155045491', '3436783319', '3180117827', '2531394435', '2109566926', '180907860']"
"['4120411594', '2081974446', '2569367931', '4028475972', '4017470807', '4059465357', '4058152941', '2246494964', '4060844029', '4012478581', '4062129412']","['4120411594', '2081974446', '2569367931', '4028475972', '4017470807', '4059465357', '4058152941', '2246494964', '4060844029', '1444074338', '4012478581', '4062129412']",0.9166666865348816,10,"['4120411594', '2793728660', '2081974446', '2569367931', '2292057950', '4028475972', '942424004', '4017470807', '4059465357', '2930512025', '3759724830', '2679453210', '2958262210', '1570469817', '2824706722', '2164199603', '2389863901', '857022341', '3155566805', '2580533361', '2876997083', '4058152941', '955468727', '2079993922', '677176021', '2891444318', '2246494964', '34791815', '2983470514', '4060844029', '1444074338', '4012478581', '2174951249', '2263089813', '2881193244', '3182996351', '4062129412']"
[],[],0.0,0,"['291210101', '2633172305', '4027803989', '211494658', '1441517513', '2656346201', '2628563326', '213002240', '3466652337', '3611461451', '543371112', '1696941614', '1993136107', '2931001917', '1376187707', '657295870', '2725042277', '3417356817', '1733624760', '746882238', '1332378215', '2673892307', '1732060469', '152779192', '323008098', '2208000087', '2651349619', '2173192819', '1339900425', '2422371281', '742639375']"
"['2828410045', '1132668854', '1047437342', '4017419547', '4156949350', '4137824711', '4012579839']","['2828410045', '1132668854', '1047437342', '4017419547', '4156949350', '4137824711', '4012579839']",1.0,4,"['2828410045', '3671903889', '1181128709', '1679006481', '1132668854', '726038546', '1870021231', '1047437342', '949073344', '4017419547', '4156949350', '611915577', '2408995829', '370176326', '1394179489', '1054197140', '1542549330', '2283293077', '4137824711', '3617887170', '4012579839', '1382672727']"
"['1061675147', '364850949', '3442852878', '2819159050', '1950063004', '2831522424', '3499532086', '3312160644', '2927535402', '2793662144', '2983425883', '2038755603', '2147274791', '2012978773', '1707991005', '2156811046', '461019335', '799830611', '2818794451', '2849581664', '665274053', '657947104', '1539849505', '1498241747', '1293965954', '3437948163', '1452376278', '564150453', '3634689761', '1401484752', '390152982', '3177844791', '2359371350']","['1061675147', '364850949', '3442852878', '2793662144', '2038755603', '2156811046', '2849581664', '665274053', '1539849505', '1498241747', '3437948163', '3634689761']",0.3636363744735718,4,"['1061675147', '1975675014', '364850949', '3442852878', '1165109931', '2819159050', '1950063004', '2792668722', '73072753', '3143382295', '2986551628', '1198056789', '1115460343', '3112788933', '2831522424', '582639972', '2101248339', '1155252466', '2122778642', '1481613411', '3473047798', '1753605104', '2374217920', '3499532086', '3312160644', '2927535402', '1387016642', '1009654970', '2793662144', '2991163233', '2983425883', '980271732', '283542191', '2038755603', '1700867442', '2147274791', '2332970956', '2020041253', '2012978773', '4057651116', '1707991005', '3045470340', '252241601', '2156811046', '1742406901', '461019335', '3740307918', '2216923618', '799830611', '4057388811', '4054625487', '2818794451', '5237843', '2849581664', '665274053', '657947104', '1539849505', '1498241747', '3304679282', '503552974', '1600054760', '1293965954', '3437948163', '1452376278', '564150453', '3634689761', '1621145423', '1290929955', '1401484752', '2209408982', '3378462997', '390152982', '3177844791', '1045579922', '2359371350']"
"['958549617', '2407835553', '3409123780', '1302837659', '1676117638', '4057849810', '464405322', '3345416448', '2168571505']","['958549617', '2407835553', '3409123780', '1302837659', '1676117638', '4057849810', '464405322', '3345416448', '2168571505']",1.0,4,"['958549617', '2407835553', '3409123780', '1302837659', '1676117638', '523264941', '2861598284', '4057849810', '436369603', '639762017', '1505273354', '1422382836', '4083764366', '769954988', '464405322', '1138234585', '3345416448', '2135687590', '3065417966', '395549443', '2168571505']"
"['4160395044', '648935053', '745298495', '3782775205', '1506575153', '2652440884', '2976867865', '536921301']","['4160395044', '648935053', '745298495', '3782775205', '1506575153', '2652440884', '2976867865', '536921301']",1.0,4,"['4160395044', '648935053', '745298495', '3144460093', '695244506', '1846537398', '2424832901', '1918686344', '2045477620', '3782775205', '4075121472', '790169260', '2746098084', '1506575153', '2652440884', '2976867865', '536921301']"
[],[],0.0,0,"['1995850434', '1800002783', '1275686726', '1902126116', '2123911016', '2196826011', '3738974307', '2988994733', '3316748436', '809027574', '3423448599', '4002911575', '358971904', '1623508138', '250151063', '3717232142', '442089590', '1164125813', '3457703125', '969782271']"
[],[],0.0,0,"['1316799270', '201665055', '2824578920', '687573901', '3458925744', '2962530518', '2608445316', '3416284809', '924440084', '1247263822', '2071003001']"
[],[],0.0,0,"['1853279837', '2563206683', '816774620', '1834077542', '1689423161', '2712481962', '26904875', '4035634978', '626247728', '452722696', '1220350344', '716665111', '785877120', '818781221', '1747373577', '1184323046', '273383984', '2274233705', '577985869', '2607355411', '235557101', '629647227', '2465019816', '1690610861', '2094192462', '1652899093', '602476017', '2283061928', '3432240424', '247896013', '2608020564', '2000987705', '786251275', '1221310938', '1739369320', '2477563675', '2763577667', '928703943', '384585441', '2348814716', '459381599', '423637257', '466254780', '42097157', '463782040', '113601991', '1793334343', '2604548846', '792346100', '1866985570', '1559834321', '1232550589', '26854155', '2108219917', '1913467366', '1971467500', '2673167238', '1601225371', '3752366644', '451650457', '3162327422', '61784750', '2125581223', '1620076926', '1006629372', '2221597034', '2777104279', '1779910810', '2196669719', '2079148525', '272230049', '3314483052', '3169303760', '252843607', '2806554630', '1905532038', '2135026371', '3687540368', '245504006', '2276131608', '215715215', '294382405', '2673349632', '657467060', '1709655117', '603642930', '2850099782', '2817437943', '294259151', '40230285', '48108985', '2909362617', '2414032816', '985720290', '3492610919', '908902341', '1916198762', '1929489521', '2861274860', '1808088483', '2763110502']"
"['2012859788', '1320378089', '2101559295', '1324812899', '2029620289', '2432905574', '1884506286']","['2012859788', '1320378089', '2101559295', '1324812899', '2029620289', '2432905574', '1884506286']",1.0,8,"['2012859788', '1320378089', '2101559295', '1324812899', '2029620289', '426799341', '2432905574', '1102829692', '1884506286']"
"['2238760063', '1109763178', '2224341747', '386479561', '4159120679', '365250639', '1876180587', '2033366659', '4085886021', '4142096590', '1144304903', '4158404641', '4099140828']","['2238760063', '1109763178', '2224341747', '386479561', '4159120679', '365250639', '1876180587', '2033366659', '4085886021', '4142096590', '408666501', '1144304903', '4158404641', '4099140828']",0.9285714030265808,8,"['2238760063', '1109763178', '2224341747', '386479561', '2533625161', '4159120679', '365250639', '2919364936', '1879319539', '1273758084', '2764847637', '2878328605', '1876180587', '660602923', '4162640721', '2541962741', '2182455531', '2033366659', '914345772', '1177602190', '4085886021', '1071036116', '4142096590', '4007862013', '408666501', '422805305', '2415185525', '4075352869', '1144304903', '953836483', '812455877', '128558295', '227141810', '2881201904', '4158404641', '566190848', '199325667', '2264389725', '4099140828', '187981154', '2914948906', '2496239436', '811417536', '1991123228', '1696619581']"
[],[],0.0,0,"['2376225208', '3483241127', '1942523043', '664622281', '371736885', '3487012466', '2558695871', '1260535928', '2040047922', '1399379074', '1858125607', '133648310', '198017326', '1149504643', '335421853', '44747288', '2650822728', '1699830557', '3326033870', '1017256696', '1369039400', '1374988632', '178097391', '1203701048', '383624036', '470684485', '666472527', '1210724182', '1746481901', '2891695331', '2445550602', '475776357', '2556704109', '1332607031', '231846454', '2524408033', '1631281978', '1661887215', '101172893', '1494639934', '1169555573', '1669541291', '2437399114', '1039264719', '2074951350', '197480133', '2618614807', '859745663', '2082387227', '1758162774', '2061186541', '2372231212', '1577444526', '2357144576', '2818704421', '28957868', '2200619606', '125099402', '3646303126', '1682216104', '1612369326', '2063337665', '2749391370', '899010029', '36477257', '793388314', '1423856871', '1798933892', '320164157', '392764365', '2967466129', '3389343498', '59881656', '36302832']"
"['1308438325', '466620527', '1458834667', '929692552', '2913221910', '4023575205', '4123447149', '3320886240', '2103551234']","['1308438325', '466620527', '1458834667', '929692552', '2913221910', '4023575205', '4123447149', '3320886240']",0.8888888955116272,4,"['1308438325', '132940667', '466620527', '1458834667', '1225131967', '3308397829', '2641445605', '827355929', '2270368300', '2748200574', '254280255', '2182985084', '1485201027', '1806921010', '1022330683', '2735483920', '2141640820', '2108676502', '2464592555', '2504221151', '537324937', '2008451336', '929692552', '2734912380', '1881404388', '4038041096', '369164775', '246358289', '2913221910', '3333192068', '339924051', '4023575205', '855881772', '2035353817', '260327667', '4103179977', '2285096359', '3346788070', '1989504340', '3420027470', '4123447149', '865990218', '790047641', '1522025217', '184816956', '757390821', '1936396334', '1042393701', '758640993', '1339393316', '613163118', '1881723942', '2816612738', '375911071', '2696370419', '3112505646', '4073424789', '2847632062', '1957437163', '37575391', '743018813', '2899944727', '1837420665', '3320886240', '1209378649', '1449743526', '348055396', '1363142734', '901259071', '2416121013', '1478834815', '2103551234', '2793234979', '1754830061', '4038898065', '1170457191', '200652378', '1689960340']"
"['3649179228', '2907305139', '2612137906', '1049517195', '54835312', '1339339192', '217070816', '1213482891']","['3649179228', '2907305139', '1049517195', '54835312', '1339339192', '217070816']",0.75,4,"['3649179228', '389878148', '2907305139', '2612137906', '1732760382', '581537333', '1807551355', '3423754944', '2702556463', '1049517195', '54835312', '4036899465', '2449783331', '2552416415', '1339339192', '217070816', '125370552', '766613144', '2312344809', '1213482891', '3328256712', '2673144763', '3459396364']"
[],[],0.0,0,"['1370039310', '215422535', '492816895', '1033826323', '1052104750', '1929741421', '1659197004', '2212863280', '2658449062', '1397037461', '2363295833', '1095637361', '1852496380', '2573125413', '1573047911', '945067904', '2047741543', '4162420903', '34833505', '2233299602', '775873722', '1175762880', '2775161702', '1330448721', '1737041880', '1983556420', '3048099572', '2294798634', '863998450', '854842480', '2801638669', '591237535', '543251702', '3143035621', '787189201', '1005430378', '4120189766', '1030825142', '970718110', '773485442', '2784238729', '2063870984', '894241472', '1808420362', '2834094780', '1946164910', '2662808625', '1861233981', '2275986121', '1002436780', '966325241', '2434389743', '2579813760', '1575169300', '86194545', '2554855032', '1927057631', '2061607110', '1625303260', '668481263', '2802002982', '600249717', '941521220', '2476296816', '705500564', '2059810908', '2244713360', '1008641382', '974114383', '1716110379', '3173503500', '2298324440', '27776635', '1604130830', '272387040', '2513193940', '2604346840', '2733422683', '1444238600', '793137700', '1774764961', '123533834', '1068823820', '2840535540', '2858024082', '668079705', '940763361', '1814355081', '1477053963', '1077905560', '1098983911', '781177828', '2981383643', '1417663260', '1225950442', '858504444', '2726964800', '367119818', '117292320', '2096425', '1261298430']"
[],[],0.0,0,"['132323193', '2195080970', '1025431015', '1460262615', '4118294456', '1694186634', '2486651141', '925093323', '3658218885', '1708301844', '1266684960', '1413673125', '1206568105', '924030420', '1725672283', '2438203919', '2677140930', '2541922659', '1237372011', '1337490781', '1498360722', '36517549', '1988332901', '2195920210', '328896847', '544008906', '1534459429', '871731217', '541960420', '2931611460', '1587692782', '3406334570', '1260214130', '1517776262', '1923019711', '1307963030', '2041533864', '1259500918', '1027058210', '1961064165', '1660293139', '2371754391', '449050316', '196489946', '3708756842', '2023103510', '1222048704', '1070299359', '763376012', '1797578752', '1162818135', '2188425965', '178400539', '1845501294', '878503281', '2128347161', '2824445503', '77684090', '2288827681', '2953720200', '1696850612', '2587870414', '1038258125', '3429313441', '1067829828', '1865645306', '1605677012', '414967595', '1245482529', '3485764258', '2055231872', '3720446207', '3469212115', '1899234993', '841804731', '2028614212', '1909894910', '3319017407', '2518639200', '1240185778', '710677325', '1129628442', '733528209', '275355125', '1221297806', '2597297614', '2578535040', '1848700534', '1430112075', '919092534', '945078173', '2081669955', '2759587515', '2960516680', '2052480917', '2992256405', '28882928', '2201891011', '1248606844', '953864307', '1213918545']"
[],[],0.0,0,"['2436209714', '31995265', '160767617', '1719867824', '3494510788', '1615815658', '2437771382', '2894560384', '1540348558', '1069719656', '517327200', '2842104515', '3057984786', '2119185833', '89183160', '2999831809', '1710442740', '1059084802', '768879821', '2852424563', '2285370873', '156396996', '1635558767', '563725672', '358099175']"
"['4005842201', '2497206515', '265505163', '567817553', '4079104184', '4141199857', '3434036430', '3475033549']","['4005842201', '2497206515', '265505163', '4079104184', '4141199857', '3434036430', '3475033549']",0.875,4,"['4005842201', '2497206515', '3440281409', '265505163', '567817553', '1240245229', '1576436100', '4079104184', '4141199857', '3434036430', '3475033549']"
"['2474100952', '920072983', '1882374188', '489911793', '2875998846', '1999445415']","['2474100952', '920072983', '1882374188', '489911793', '2875998846', '1999445415']",1.0,3,"['2474100952', '265623462', '3696080193', '1354385244', '920072983', '1900019444', '116549596', '753338721', '546728687', '4028208047', '2038435676', '3778978315', '1820730426', '524172206', '2297353051', '870356714', '882170358', '2876689471', '1390979502', '2439023036', '2249166547', '755749921', '1882374188', '851767533', '647987606', '2903702405', '3754484010', '1453388332', '2383008304', '1963414457', '1697806226', '1953724160', '2464051526', '3649030874', '489911793', '2863243079', '3425166592', '379315680', '1910243677', '2355450563', '1374858283', '1027910863', '674427343', '33779031', '1796896358', '2449286015', '2687137930', '956351482', '2667107522', '2097311749', '2351891277', '484143180', '3172172908', '255082624', '2464396782', '2875998846', '1969575060', '1118371176', '537299931', '3439629884', '175075869', '248363684', '2535553024', '1764945536', '952718087', '1999445415', '1177593974']"
[],[],0.0,0,"['108692257', '884467522', '459499875', '1227450800', '158841375', '2027541015', '2806788207', '4074078316', '1577751160', '693217942', '725138826', '1260327417', '242081743', '1038464626', '3606321364', '2919152833', '3643768133', '443046985', '2217665520', '1023723675', '1138595514', '221227802', '2485541119', '2898369764', '893073163', '352102360', '741135901', '403361053', '48110410', '905897385', '1122677634', '2052679536', '64320884', '1546169857', '1851867627', '67376800', '965233357', '3345371707', '3367859631', '1218994251', '4118909246', '3439600204', '1644396759', '1063182563', '523342791', '2671591452', '340714852', '1699714381', '1512350823', '1058662829', '282719990', '1802777534', '455007845', '3132100555', '1556093963', '1217529947', '574589047', '3426225303', '495864295', '2484232353', '770514086', '3656641511', '3749080401', '948753227', '258747326', '1047195362', '2082377880', '3662015893', '3652413327', '1479835326', '106631735', '1087442680', '1334277833', '3315835507', '2538783456', '736668839', '224953895', '2754571135', '60354006', '1693310018', '919410148', '2003289946', '3171801629', '1739645686', '1853466379', '742105902', '1148234513', '208952490', '322526230', '2321752160', '1827527562', '779308580', '1243927739', '3413967140', '1178621166', '175814317', '1740865624', '1335580001', '864674433', '459773861', '1419080224']"
"['4011242137', '1435600019', '2873622455', '549853949', '4158515129', '1850942946', '4041890974', '687615935']","['4011242137', '1435600019', '2873622455', '549853949', '4158515129', '1850942946', '4041890974', '687615935']",1.0,6,"['4011242137', '1435600019', '2873622455', '549853949', '2030328368', '2699607448', '1856913867', '499155899', '4158515129', '3471987097', '897734351', '792820637', '1850942946', '403793991', '2198769803', '168269962', '2055410352', '4041890974', '1498624992', '462524793', '687615935', '976663089', '879319065']"
[],[],0.0,0,"['3647849173', '1533450627', '2079279037', '1328685819', '4079817018', '440033287', '4137188232', '500169815', '2298629493', '2251784690', '82956124', '2546021140', '1025746938', '1311839431', '3353662306', '2098539313', '1329147141', '848289080']"
[],[],0.0,0,"['986953368', '3048997738', '853632576', '626667575', '1872241994', '4029408457', '2040038937', '719595861', '3175484199', '1124178406', '2886929028', '610362246', '1517417718', '18544215', '1699743300', '2138087796', '918118795', '2293768360', '924123050', '1369666101', '2824308481', '2514307717', '1092950298', '3686683376', '2755431642', '1646710480', '696132771', '982425456', '1118930187', '1844834061', '27739825', '794466086', '1791963113', '2007982457', '1668541040', '1859122068', '2041562688', '243945315', '2506559440', '3188671179', '1817217700', '3739077811', '2313372761', '673139340', '1051771220', '3366132331', '1244443160', '283807122', '1859067520', '1921744938', '2561702165', '1804650582', '3703895736', '2199344600', '1235925603', '1786982963', '3418512898', '103971992', '1156290937', '1306593340', '2014282258', '3700459615', '1301865971', '862066785', '3335177861', '2687026680', '4027746131', '1528470923', '2802347323', '2859475939', '2175292312', '1857787080', '1310181303', '1553465329', '422801518', '674190434', '596732160', '2820660332', '5724605', '3682365111', '4039401458', '896260833', '355444935', '540424260', '1869970476', '1813288705', '1611325844', '1266221726', '28733024', '960797813', '3132541556', '1956435800', '1449422961', '338026880', '962323877', '2170648761', '3631887830', '3153565521', '1054914183', '853349011', '1829940344']"
"['2403889122', '2871916622', '373027203', '1501179105', '3651643205', '199326624', '2749398159', '2447936264']","['2403889122', '2871916622', '373027203', '1501179105', '3651643205', '2447936264']",0.75,15,"['2403889122', '2871916622', '3631803858', '373027203', '2080468874', '2943696532', '2807144006', '2376433104', '1501179105', '4096584548', '3651643205', '1933927124', '846519274', '199326624', '2749398159', '1408613353', '2447936264', '2751525726']"
"['2578525222', '3051332168', '3366272077', '3475921842', '2177976459']","['2578525222', '729527070', '3366272077', '3475921842', '2177976459']",0.6666666865348816,4,"['2578525222', '601839421', '167609275', '2147380576', '2251713533', '2961696920', '1181897626', '500652140', '729527070', '1202022914', '1848085982', '2480351864', '1200764881', '2808720502', '1614332440', '1010900961', '2246027510', '3625550203', '1309474281', '2585827809', '3051332168', '2635124821', '466668220', '3116070320', '3366272077', '189972013', '3339100666', '2343073781', '1163917731', '2781673960', '2921296462', '3734111301', '1911102387', '2840406715', '3463854160', '381693547', '2895497567', '1454072596', '2655060221', '224302657', '2382285904', '1278684140', '1228112308', '2534419863', '380347686', '952751664', '478422107', '2283993317', '1921098774', '1945874741', '1569055126', '1461206171', '4059303436', '1133803152', '1457421161', '1408279530', '2294304790', '1879787512', '2226658603', '967714714', '3037005939', '2191127375', '555928284', '849290183', '1461532208', '1896396925', '1903866813', '2418153141', '13740984', '598362479', '4114049710', '2065496260', '1247596683', '2216491681', '1815047342', '859204341', '2197886927', '2139813700', '2096159203', '1771213461', '519223511', '2812306515', '3475921842', '2100812017', '327681237', '2748528436', '585292927', '1350735535', '2177976459', '774930331', '2788807501', '554588353', '599562660', '824068725', '2140555471', '3320018908', '1856983590', '3327978890', '2731132513', '2509897416', '1353666631']"
[],[],0.0,0,"['880446516', '2187512714', '44781860', '1536505169', '899167082', '716848901', '2490679521', '2524915333', '1717783374', '2687608925', '2382481613', '1510824613', '1448607607', '1128821307', '852602505', '3405443158', '2529822309', '1717208815']"
[],[],0.0,0,"['416402169', '1024973614', '1028792129', '1594312035', '1396004638', '3475170631', '748208004', '1766584382', '242031775', '1208882711']"
[],[],0.0,0,"['257551175', '876058920', '2353566081', '2079308931', '1491758120', '258917535', '2210142029', '2693479640', '76439065', '2630092223', '2044938381', '60911585', '149734255', '4048215889', '2162514263', '2099784020', '961372648', '1737592115', '69580045', '2654774742', '123126160', '1515338660', '1369181360', '1732601880', '830854403', '1978011039', '1336177009', '3049435920', '829194160', '1257861408', '697001420', '627567240', '594565695', '994094208', '3767545223', '3485147654', '2115949483', '2893748303', '1596167099', '572997295', '761062981', '957678027', '2927829412', '1296151660', '2759679640', '2594781281', '1308747041', '1524462144', '991798563', '1494431082', '1272632021', '1985109280', '2973443910', '4004272859', '1323679430', '2829541380', '2488292823', '1033289518', '1095578480', '2103021816', '561654260', '1399033109', '1032157923', '858167016', '915982717', '2504359919', '1927807953', '689021400', '777612021', '1941258620', '1543476361', '2012917663', '1347635680', '1492542422', '1629681622', '1389292262', '839759521', '1569290160', '2889065333', '2826314212', '2779155530', '861999204', '1334647162', '2844962702', '651079942', '1136312826', '1429206463', '598656775', '1850924300', '2423363614', '615633321', '151272600', '737734220', '1503319400', '2310176043', '4035055202', '1192555348', '372523875', '1468808042', '172455133', '2104726203']"
[],[],0.0,0,"['2432148701', '2310522574', '1354304376', '870881018', '1922905138', '2362140229', '657818162', '968600962', '506537903', '2763498534', '1463920826', '1383929568', '1454380824', '1049603708', '1834949216', '702341441', '1608265739', '1640566405', '812778639', '1981841633', '1646919080', '116970115', '975490114', '83455296', '1220601760', '72025061', '2924537741', '1821451161', '850958705', '2125308242', '1784964319', '1243334675', '2071519904', '1229760119', '1491842037', '667195377', '3110110793', '1269507217', '574149305', '691188700', '2106978601', '4048344070', '1271408908', '879206584', '2327565121', '2583430380', '1294253061', '1705608075', '2735211031', '2326130078', '1963629220', '1555397804', '374054255', '108967116', '955311379', '1237386410', '2665121941', '1969557512', '2055615678', '1879230820', '1629919364', '1216352781', '2575783125', '1959430710', '3687836998', '1769852522', '286935902', '3637305906', '2880872661', '521225285', '779665376', '27181615', '3746289544', '195891935', '835839312', '3033843484', '1017302128', '1161690017', '170356785', '1364726883', '1706402640', '1774491926', '1086503537', '1197027671', '771131244', '611059711', '364584913', '3613895355', '4078893979', '41086177', '195774756', '3147578258', '212398499', '2808998140', '1512026120', '857156537', '2905363080', '1798373703', '2220154938', '2212404543', '4118533650']"
[],[],0.0,0,"['1202987784', '1631418274', '2917846440', '2299157529', '226086876', '1665528939', '2083067936', '1308780537', '1392018040', '2590512775', '1292094313', '2049563183', '2564747020', '1684252097', '1972474721', '1556955089', '1003272617', '1085824263', '1109396139', '2171243816', '1694986760', '464236836', '1568676629', '2240443660', '3054595121', '617496518', '3456389022', '1421086850', '2289619444', '2055487956', '659542241', '1075443764', '3056704226', '1757727557', '644856855', '1500131401', '3182612227', '1163247275', '1516319431', '528205435', '2670762762', '939564575', '2476584678', '2920824457', '1749495410', '633660152', '2727899032', '3621390259', '3669591703', '2147845298', '2041835980', '3744462400', '2235182196', '1732779432', '3683755375', '1692132730', '500745297', '904938995', '4004494595', '2671381614', '3367711930', '722496324', '79066875', '3308208766', '3672811666', '2356043177', '1024108876', '2155598304', '622598958', '2775750032', '488056563', '1087489494', '252828730', '1513380726', '1061191418', '693754971', '2267707718', '170417781', '2879864112', '1661152022', '1739621272', '3457854575', '232556074', '615059617', '2686100907', '180557549', '857937366', '2471064621', '727137460', '2385319977', '1158959232', '1315415460', '1428467283', '2619876467', '2400572161', '470331894', '1884992850', '2533623460', '867142085', '2743060209', '1478936708']"
[],[],0.0,0,"['431800455', '1864035260', '932870340', '414766655', '667994484', '886583111', '779386269', '733034840', '3797418725', '1995285482', '595851580', '918614001', '1312725395', '1845555173', '1518593861', '2018697838', '1274041681', '1382772000', '2925826220', '1757637571', '2691694510', '1023712507', '2071480516', '2922062711', '1133492002', '828132180', '2231837861', '1055643008', '2807843540', '685955182', '2947254660', '2698614940', '2645249236', '1064828863', '1519592740', '779695225', '1413893642', '1229524599', '2674263080', '2125023123', '2241324182', '401306329', '2867006717', '1870514508', '238745090', '1499639640', '1428181607', '1925074241', '2202191024', '1786006320', '924702340', '1106455214', '2867097438', '1526950611', '2714373531', '2754258810', '1174081380', '2169585329', '2085752123', '2158159607', '1495440020', '1809974341', '1734824121', '934068645', '3147142455', '854054968', '1456621183', '1419556600', '2190005380', '2911275713', '2344388625', '1060791417', '2529294609', '2895427900', '2353770501', '4118687296', '1223464409', '2470375218', '1575176969', '2205837614', '2232186280', '906316704', '1563216500', '1949580233', '626538217', '2213090661', '2546142922', '2585874831', '893027267', '2031779305', '1512548939', '3458224696', '3331405985', '1067391463', '1246079603', '660619723', '2702586130', '1754335724', '2296082000', '455770980', '906786430']"
"['2028381021', '3799041449', '2838032833', '3038724703', '1692848487', '222727449', '1475300559', '3314214061', '1326715012', '2152271733']","['2028381021', '3799041449', '2838032833', '3038724703', '1692848487', '222727449', '1475300559', '3314214061', '1326715012', '2152271733']",1.0,3,"['2028381021', '1149218717', '546566480', '3799041449', '2838032833', '3038724703', '1475474360', '1692848487', '222727449', '1475300559', '2899735638', '2466923580', '3314214061', '1326715012', '2152271733']"
"['1968077718', '1995315640', '109299232', '4154610981', '1986295078', '867835985', '3144930925', '593841278', '3432589166', '2356568370', '1648804779', '3666192925', '466079022']","['1968077718', '1995315640', '109299232', '4154610981', '1986295078', '867835985', '3144930925', '593841278', '3432589166', '2356568370', '1648804779', '3666192925', '466079022']",1.0,3,"['1968077718', '1995315640', '109299232', '1439901922', '4154610981', '1986295078', '867835985', '3144930925', '593841278', '3432589166', '1477824459', '2356568370', '1648804779', '3666192925', '1365262887', '466079022', '3627589348']"
"['1920796006', '739826750', '1808268480', '3690903873', '3322879004', '3397929457', '336273109', '757759007']","['1920796006', '739826750', '1808268480', '3690903873', '3322879004', '3397929457', '336273109', '757759007']",1.0,4,"['1920796006', '739826750', '1808268480', '3690903873', '3152785078', '3322879004', '1410824300', '3397929457', '336273109', '1869552196', '1041928972', '757759007']"
"['3050407181', '1930268954', '1084524571', '1182195564', '600942684', '2218742788']","['3050407181', '1930268954', '1084524571', '1182195564', '600942684', '2218742788']",1.0,3,"['3050407181', '2193424724', '1930268954', '1084524571', '1808785539', '1182195564', '853355920', '832985312', '189167417', '3362398756', '983288732', '2302799209', '3331248096', '2870504411', '2041979833', '3420134666', '600942684', '2779973824', '2218742788']"
"['882977157', '1629834945', '2070858124', '2463510109', '1414658055', '4074328524']","['882977157', '1629834945', '2070858124', '2463510109', '1414658055', '4074328524']",1.0,4,"['882977157', '13354983', '1629834945', '2070858124', '2601637429', '17560810', '2463510109', '1414658055', '1560210510', '4074328524']"
[],[],0.0,0,"['26964247', '985710176', '1467416561', '1137381871', '3773865915', '2267928527', '1872811982', '3606181178', '2206518881', '3694585711', '1586372082', '2989667817', '3427154531', '79890024', '1353208929', '1294140110', '875621809', '1765486033', '1038080195', '917232344', '336088495', '2831226550', '325414491', '30226321', '2020895968', '1111493201', '488268555', '608952114', '522085687', '3108993757', '1681294375', '1124739735', '923322535', '885409921', '1366786411', '637811842', '3370959535', '3732238425', '489820958', '2905898125', '2309512207', '2029929726', '362693438', '3758433632', '2314784138', '1787898339', '113315028', '1311816420', '446912955', '1587720927', '933400283', '2078832102', '170412223', '1202211925', '176355475', '87419938', '2659481300', '947743321', '2278460613', '560806761', '1902885438', '219519608', '1429034835', '2880697568', '1082427784', '94766394', '1269213008', '2214784516', '1819655677', '1318324001', '426248299', '8711780', '1271312580', '1389201263', '2623309322', '1889575884', '1694650194', '47892780', '403896518', '2182849678', '1141852957', '939464042', '2553272952', '1961701540', '1262085681', '2758228209', '1773047064', '2807150600', '4103417433', '1901691716', '424352006', '736665282', '947264243', '2947183472', '2082739789', '3150979250', '786493360', '3140191753', '637712409', '627196913', '3429185273']"
[],[],0.0,0,"['2691488333', '1737781105', '1606127773', '930360164', '2827289201', '1393527338', '373106014', '641805835', '53365888', '1001105823', '3363349447', '1081945913', '614481032', '3375379138', '2227815220', '852374705', '888861810', '699606307', '3107574765', '1150684077', '952793556', '311925588', '3343438772', '3607889948', '642702110', '1668648517', '2843314308', '2122998650', '1057813601', '2320427985', '1930909183', '1062072412', '605125570', '1346041169']"
"['1950893598', '1435432334', '521349783', '2246359256', '2784751172']","['1950893598', '1435432334', '521349783', '2246359256']",0.800000011920929,11,"['1950893598', '1435432334', '521349783', '2697550721', '972621105', '2343255903', '1922280290', '2246359256', '846948183', '871338303', '3503079134', '2905919708', '2563011327', '2784751172']"
"['2316632892', '4122065849', '233354088', '1937924366', '1522487360', '2725922668', '961988443', '2418356262', '2164033248', '462679886', '1904357973', '1132130208', '3782582016', '2470693557', '570525913', '2464389127', '3611272462']","['2087074516', '2316632892', '4122065849', '233354088', '570802332', '1937924366', '1522487360', '2725922668', '961988443', '2418356262', '2164033248', '462679886', '1904357973', '1132130208', '3782582016', '2470693557', '570525913', '2464389127', '3611272462']",0.8947368264198303,6,"['2087074516', '1939688341', '2364985375', '134697461', '1743796621', '3450004929', '4046123979', '1945589852', '2280261969', '3756985606', '1294269691', '3335448364', '2425618848', '3676554937', '2503582921', '1000078388', '2956902149', '797278944', '1908018394', '891900601', '3707344723', '336077698', '2320879091', '2003225658', '1992004487', '3340901400', '2316632892', '3187570983', '3670390533', '4000612853', '4122065849', '228141050', '1372088952', '233354088', '3104710623', '232707131', '570802332', '1937924366', '1522487360', '2725922668', '961988443', '2418356262', '2164033248', '462679886', '1904357973', '1094639986', '1132130208', '567842097', '3782582016', '3489252978', '547797988', '2470693557', '570525913', '2464389127', '3611272462']"
"['934346630', '2818440068', '3644266287', '1044619201', '1792937694', '2475926902', '1391544075', '1362423467', '1989901570']","['934346630', '2818440068', '3644266287', '1044619201', '1792937694', '2475926902', '1391544075', '1362423467', '1989901570']",1.0,8,"['934346630', '3382836891', '769119229', '2818440068', '3644266287', '1044619201', '1792937694', '2475926902', '1391544075', '4075638971', '1362423467', '1989901570']"
"['319057646', '1611810873', '2194269148', '2641474612', '562373046', '1597029504', '1395412390', '2658590236']","['319057646', '1611810873', '2194269148', '2641474612', '562373046', '1597029504', '1395412390']",0.875,3,"['319057646', '2027488769', '1036795429', '1465441525', '2754900063', '3325468416', '1148548543', '1659647302', '1355277001', '1481152762', '1611810873', '2810026865', '295979683', '2194269148', '1145720473', '2641474612', '4042461584', '2330231476', '3034040055', '443872137', '1008818418', '2142848529', '767608853', '562373046', '2633038126', '346492371', '76894951', '1597029504', '2611761403', '3056873531', '4085629786', '879743467', '1395412390', '2658590236', '15299126', '1407974466', '475024223', '1382002146', '1623755335', '407333687', '2142311529', '719898469', '1676436634', '2921292474', '181822170', '311714322', '1735631640', '1430925513', '1143938899', '1406519411', '2071540178', '363709004']"
[],[],0.0,0,"['939080023', '888484299', '417119607', '598924664', '2951990803', '1405324422', '3656684245', '16116489', '3105126580', '420339775', '4080630943', '2851642517', '2712935137', '738233440', '2976792341', '142790335', '1232820613', '2531949078', '150155863', '2880291362', '2194631064', '1964035842', '4137623961', '1988403247', '3069444379', '1377194340', '1669631548', '285189288', '3103265516', '1098917768', '2095245231', '2835412537', '446529647', '3443131077', '1449302316', '2939499865', '832477606', '2273902402', '1102704410', '3173004309', '3052114626', '1328848829', '425886315', '2595932329', '3677452421', '1259414535', '906801335', '2455628170', '2514378254', '2580005461', '1888346667', '1817922083', '1780531609', '311623879', '1427201555', '2238481337', '52685714', '2237378748', '2280314010', '3655901215', '681275598', '2931757835', '2730371424', '2527603830', '95864596', '1377605124', '67912033', '2415778219', '2241064712', '1668653195', '3063042657', '1975446926', '132702889', '646144233', '1110601862', '837028168', '3163254669', '1381485925', '682774127', '2566811312', '1435749235', '3123972365', '373999276', '2247074499', '2322303792', '817711726', '1857725862', '211768009', '1145669470', '2540597505', '1278721076', '2172860793', '930653001', '1498162735', '2527097514', '1242809577', '3696678853', '73611697', '58161958', '1143314526', '1480989226']"
[],[],0.0,0,"['272852990', '657986080', '613982360', '2315292720', '1859526335', '3361986183', '874652065']"
"['4121783245', '629881465', '1523022182', '3356241902', '1376537872', '132908758', '1495140403', '2000393786', '2049895972', '1306903753', '3334359164', '1131242154']","['4121783245', '1523022182', '3356241902', '1376537872', '132908758', '1495140403', '778099572', '2000393786', '2049895972', '658673795', '1306903753', '3334359164', '1131242154']",0.7857142686843872,3,"['4121783245', '629881465', '1523022182', '1134767295', '428621053', '3356241902', '1376537872', '132908758', '2299611466', '969823025', '1861663394', '984684326', '3396713580', '3171306531', '546494895', '3350441199', '1495140403', '534704781', '726139090', '1986925745', '778099572', '204609402', '2001200923', '538792847', '2000393786', '1552330007', '2041218984', '2049895972', '3617852444', '1442937612', '65640929', '1022397647', '522066648', '4097865490', '1382870537', '1000961272', '3647226834', '2520647033', '798354973', '2776555151', '2358929318', '588949047', '2942627212', '202227562', '658673795', '3757353923', '2149482640', '2903327221', '2054920961', '2330072732', '3764879129', '2315969938', '169821406', '1306903753', '370187469', '2407632737', '2128388982', '3334359164', '1368296299', '1582716331', '2677645173', '1131242154', '2194800929', '187550427', '2032852372', '3306870905', '1157413620', '1359375254', '731486941', '2440786326', '4076442061', '1433098071', '4057868427', '4013929629', '3484707825', '1835766978', '2155977207', '997397703']"
"['4036806555', '94949043', '55535742', '1770114887', '425208004', '1179334367', '4034704784', '2544127536', '1554028499', '3452912240', '226948038', '3054837963']","['4036806555', '94949043', '55535742', '1770114887', '425208004', '1179334367', '4034704784', '2544127536', '1554028499', '3452912240', '226948038', '3054837963']",1.0,3,"['4036806555', '94949043', '55535742', '1770114887', '425208004', '1179334367', '4034704784', '2544127536', '1554028499', '3452912240', '226948038', '3054837963']"
[],[],0.0,0,"['1048540433', '381255572', '1819993059', '3040134540', '2196214635', '232241910', '101239603', '1222556251', '168646872', '2387485181', '1905693279', '594698817', '141936696', '950455568', '2236335968', '271375790', '1314683931', '1954298336', '3494108391', '3362281953', '496300157', '3410552438', '2140138742', '143789922', '2292463470', '1609196376', '3479158525', '2691884646', '849327579', '757270275', '72127157']"
"['2035591031', '853327235', '1154454592', '2440515022', '749387222', '3130465569', '3322943250', '4076926200', '2484964448', '2834486947', '3760508015', '2624581851', '4099749145', '4012573706', '266775395', '4006491072', '4099290088', '1049502296', '3312708527', '4081565691', '610398641', '1256206265', '1464932666', '1775969391', '2943661554', '4121618527', '2626973612', '2718444967', '2984697957', '4003572946', '2867730754', '708634053', '216200482', '4079249681', '4085669066', '191395353', '555061277', '2224590949']","['2035591031', '853327235', '1154454592', '2440515022', '749387222', '3130465569', '3322943250', '4076926200', '2484964448', '2834486947', '3760508015', '2624581851', '4099749145', '4028703904', '266775395', '4006491072', '4099290088', '1049502296', '4081565691', '610398641', '1256206265', '1464932666', '1775969391', '2943661554', '4121618527', '2626973612', '1280054516', '2718444967', '2984697957', '4003572946', '2867730754', '2814864169', '708634053', '216200482', '4079249681', '4085669066', '191395353', '555061277', '2224590949']",0.8780487775802612,5,"['2035591031', '853327235', '2707927380', '1154454592', '2440515022', '749387222', '3130465569', '3322943250', '4076926200', '2484964448', '2768393450', '2371384030', '363715309', '2834486947', '3760508015', '968803311', '2624581851', '4099749145', '4028703904', '4137862640', '4012573706', '266775395', '1805430041', '4006491072', '4099290088', '712568317', '1049502296', '288911001', '2285471248', '272215655', '3312708527', '275238375', '2643057881', '136861915', '1258285060', '1098780770', '1833377681', '446626021', '4081565691', '3650915308', '4060002076', '610398641', '1256206265', '504091497', '4016087057', '663971396', '2222592217', '1991504533', '955874433', '1464932666', '2683273935', '1775969391', '2943661554', '4121618527', '2626973612', '1280054516', '1713933827', '2718444967', '1424695050', '1145372121', '2984697957', '4003572946', '3610614644', '1738609966', '2867730754', '385800682', '1392074011', '1971767064', '2207796228', '2925344655', '2414513626', '188759703', '484953545', '56170842', '2814864169', '361444985', '708634053', '1319923417', '2364923871', '216200482', '4079249681', '4085669066', '191395353', '555061277', '2224590949', '290419196', '3606834977', '4007522377', '2512807815']"
"['2441028801', '948476027', '4046416080', '2153665651', '1908761176', '2478388722', '3339564542', '1406523599', '1288882285', '276961837', '1221836713', '4060800199', '2573837358', '1257288345', '3409537574', '3367514071', '4107546106', '1643047327']","['2441028801', '948476027', '4046416080', '2153665651', '1908761176', '1608920485', '1406523599', '1288882285', '276961837', '1221836713', '4060800199', '2573837358', '1257288345', '3409537574', '3367514071', '4107546106', '1643047327']",0.8421052694320679,8,"['2441028801', '4024657649', '948476027', '295842638', '1212863626', '2167513991', '63772940', '4046416080', '2153665651', '1973893051', '1908761176', '1146154818', '1668366450', '1608920485', '2478388722', '121780607', '3339564542', '4116985468', '3119029996', '1445938064', '584449111', '1506661542', '612539629', '3499005581', '2615409125', '2185429747', '1406523599', '4001904434', '526346692', '1288882285', '1584593277', '965295146', '1830735510', '4126032836', '276961837', '1221836713', '4060800199', '2217928486', '707790747', '2075740282', '1772509213', '2573837358', '1151140292', '1974402698', '2247649784', '1257288345', '4141717715', '3409537574', '1498162697', '2639626116', '3367514071', '425984751', '1812710009', '424779298', '4107546106', '4001283467', '1361030539', '1643047327', '1134629358']"
[],[],0.0,0,"['141750855', '20980605', '1853849120', '1900426200', '2857854620', '1037489420', '663681561', '2236455121', '2290393740', '1491917062', '1795265027', '2380516860', '1230924181', '1476150220', '587462575', '3189801081', '1772964060', '1799020781', '922350061', '770654120', '904568740', '2893503139', '2737661460', '801095954', '963503080', '2823965481', '453525595', '83268085', '18709245', '2384958044', '3147064641', '323217115', '2098077444', '1615110541', '94555295', '2921831640', '1069974101', '2684557519', '1178001627', '2579147429', '2351481884', '2777709363', '234057280', '572374535', '106590275', '1503044200', '2624672983', '3165107512', '2766595917', '2234308021', '638093460', '2535064410', '1249774221', '1261206731', '1297007314', '1594249260', '4038002455', '1979826802', '58509565', '332488156', '1941091238', '2939055060', '2703142482', '209136355', '677102041', '1148347862', '2844568242', '596277335']"
[],[],0.0,0,"['2946745533', '3670364513', '3623541897', '3339350980', '2419322426', '621508486', '2475245675', '1568225490', '518492772', '825062053', '4099238936', '1758697916', '1798783600', '1961294808', '3063470746', '1296746282', '1606387951', '3603783728', '2856283741', '126362579', '52810051', '378096290', '1907249141', '646352995', '3323640119', '15483133', '2591491424', '282864691', '586217286', '935283242', '1739253183', '3186868319', '1969624187', '1197868295', '4124019875', '1245251295', '2178289476', '3399654198', '2472678954', '445974694', '873182142', '616464625', '1909485821', '2934669623', '1269096836', '4047591731', '498373149', '3642317336', '868825287', '265422679', '2762380401', '1988339624', '2590591579', '1111765383', '2499318718', '949143396', '3178600709', '3653521003', '1073944557', '3044703977', '2484163677', '3794956945', '1937095896', '720850893', '4142353783', '2526754565', '2971065249', '485866531', '3339804211', '2599598773', '1255193821', '1837454781', '3663257748', '3790169604', '1335680107', '1594732688', '1715715030', '3716734215', '778479148', '237531281', '897957172', '3300808857', '137535005', '2576451802', '906010292', '1930746753', '3639483340', '2537324159', '2313016843', '3432771679', '3761047835', '1238962310', '195711429', '1049805530', '782555635', '1078403165', '2449296773', '402448270', '2982627448', '1700930359', '2089722649']"
"['4034892940', '4154791841', '2951999231', '2728485848', '4035485880', '1544135451', '1378294097', '2354960523']","['4034892940', '4154791841', '2951999231', '4035485880', '1544135451', '1378294097', '2354960523']",0.875,6,"['4034892940', '4154791841', '1344378586', '133229801', '386737798', '2951999231', '1217117996', '2728485848', '2789417847', '910880031', '4035485880', '1939307385', '2355959039', '3399405161', '1637220965', '4127381009', '1544135451', '1757709373', '82325953', '2803496039', '1077454249', '675026793', '4074533619', '1378294097', '2227691138', '2768843455', '3704062642', '1346665078', '2354960523']"
"['2520405142', '678320989', '3430274159', '406088046', '2422194247', '1925610873', '3638565680', '2478926545', '4011414417', '1770173169', '2894572859', '2410151527', '1382451810', '2883683375', '1249371656']","['2520405142', '3430274159', '406088046', '1925610873', '4011414417', '1770173169', '3047567336', '1125255248', '2646552672', '2894572859', '2410151527', '2456248980', '817393447', '1382451810', '1360534789', '3480278945']",0.40909090638160706,4,"['2520405142', '1393637718', '399870689', '169786794', '678320989', '2243039083', '2899696022', '3430274159', '1337419410', '982736663', '406088046', '1358013106', '2091174230', '2422194247', '1622055074', '1925610873', '3638565680', '2478926545', '4011414417', '1770173169', '1401811587', '2468736118', '2940359204', '1582345334', '911792806', '3175127317', '1719102213', '2173175179', '1666129346', '3047567336', '432518148', '201067737', '1545060760', '1605953906', '1457493623', '959194439', '3612227577', '870222085', '1125255248', '38724282', '2046275025', '3766782237', '773219606', '1104525484', '2646552672', '76883341', '2894572859', '2410151527', '355360779', '2826020581', '2369991219', '2151548309', '3038723356', '110930209', '3186690673', '2456248980', '2604837336', '2577823979', '2327774829', '1180888490', '2450015541', '3426864332', '1823111360', '4105107487', '1903541215', '3381583683', '351674460', '681453941', '1774200978', '817393447', '1382451810', '2883683375', '642604408', '1738741356', '2949385141', '1515646500', '1360534789', '2965312412', '1219425732', '1936044250', '3642895223', '1264076383', '3446365888', '1473612893', '3777707132', '654715407', '858080412', '2030714074', '60539435', '1662969627', '212121950', '630743881', '1647185471', '678207663', '2638065027', '2948010280', '3480278945', '2518363857', '655940695', '1249371656', '107948640']"
"['2594363977', '1305191807', '4079984081', '4127410540', '39876107', '1743870837', '1003507238', '4022915731']","['2594363977', '684737174', '1305191807', '4079984081', '39876107', '1743870837', '1003507238', '4022915731']",0.7777777910232544,5,"['2594363977', '2028502753', '2047365984', '1872983710', '2172634523', '1259794730', '2986017140', '516944818', '300302986', '819703547', '1727925902', '2505432710', '684737174', '391229369', '1336897900', '2359997105', '3387483833', '1637186533', '776231299', '1299236147', '2462837534', '1945873942', '1305191807', '1477639556', '4043852222', '1244725316', '1968066443', '657456229', '1290741201', '4079984081', '502154650', '2158046564', '344574093', '4127410540', '2345786330', '2231189677', '2689824045', '2209951884', '1951154360', '39876107', '1208217679', '1425976025', '286784527', '1325234357', '2982475443', '1073873971', '210878527', '641786322', '3426103194', '1743870837', '846760702', '3115872087', '1093817569', '1224577055', '257694772', '3473230368', '133531037', '2920500652', '3326286909', '1003507238', '1123181174', '4022915731', '1393816667']"
"['2899282764', '1948423622', '967982565', '4086950358', '257239848', '1500948611', '2228471255', '2810675680', '332716177', '2057241296']","['2899282764', '1948423622', '967982565', '4033204485', '4086950358', '257239848', '1500948611', '2228471255', '2810675680', '332716177', '2057241296']",0.9090909361839294,8,"['2899282764', '857337062', '1948423622', '967982565', '4033204485', '4086950358', '257239848', '1500948611', '2228471255', '4117001602', '1563948985', '2810675680', '332716177', '2122362904', '2057241296', '222207634', '1363863466']"
"['2355367903', '3123827568', '4089735061', '4086413211', '1585888877', '2557088078']","['2355367903', '3123827568', '4089735061', '4086413211']",0.6666666865348816,4,"['2355367903', '3123827568', '1683326603', '1035545561', '2345869216', '1706050213', '3315401206', '1096214275', '1821295508', '3653147288', '1279465821', '1702320002', '2743541667', '705057140', '923219880', '2599559120', '1087411027', '1794488108', '2164982531', '1380764950', '2696299233', '2638133242', '2866772062', '757855036', '1605056216', '1867577745', '2094898660', '1620111533', '4089735061', '4086413211', '3774939740', '1585888877', '189718733', '1910235025', '875122176', '2716525511', '1951765221', '3396654180', '23900427', '362329491', '1916701637', '1011045768', '1696328568', '1961319458', '2523322278', '2743311252', '271813195', '1283183382', '945988824', '1371799022', '2292351245', '2285479392', '1280710516', '828606493', '1066052061', '1877181101', '1070078013', '1781193566', '741119500', '1483300135', '1295071515', '1387798701', '3158948537', '3424004515', '2990180822', '1935813112', '530081437', '689024533', '3113360530', '1229306577', '2510466371', '2087079885', '2478254726', '860276418', '1269179420', '3631691863', '164860995', '79766130', '1930324475', '2557088078', '467575681', '2942486908', '3446445397', '877029177', '4034293927', '2339035316', '1924231864', '3066530371', '1594160082', '2106149128', '237367589', '2709937105', '2328158761', '2251673208', '806322113', '1106464826', '49134005', '2895674535', '1033816302', '1589743760', '1985594643']"
"['614446257', '512806186', '2694717155', '1838594079', '1783497678']","['614446257', '512806186', '2694717155', '1838594079', '1783497678']",1.0,6,"['614446257', '1864855237', '512806186', '303685058', '2694717155', '1838594079', '432815429', '1783497678', '2849098564', '1783537491']"
[],[],0.0,0,"['3170458961', '3413617230', '2667310763', '3462461413', '972458933', '1583939930', '292426854', '2310008615', '1191045481', '1977408557']"
"['3492400388', '3166319218', '3739483206', '1242873245', '4008856083']","['3492400388', '3166319218', '3739483206', '1242873245', '4008856083']",1.0,8,"['3492400388', '640542105', '3166319218', '3739483206', '3100598884', '772568000', '2438607624', '1242873245', '913597480', '2375501460', '1493768329', '889903891', '4008856083']"
[],[],0.0,0,"['1863647369', '1187870700', '1769971580', '2821303181', '24113577', '1720247020', '1271028418', '1294759233', '549897332', '2635287208', '1478531123', '946353363', '2483475112', '2779507503', '2969299519', '1288142315', '2739398540', '2065350741', '1129347138', '1706318454', '656340721', '2414191483', '3167010490', '2257590403', '3314060815', '2811822230', '1089192302', '1352144509']"
"['3438035490', '2707139670', '2738099047', '1551073148', '2593048966', '2536622363']","['3438035490', '2648359628', '571927921']",0.125,4,"['3438035490', '2707139670', '316749601', '2738099047', '1551073148', '2593048966', '2648359628', '2536622363', '571927921']"
[],[],0.0,0,"['158546945', '2103242666', '911129526', '2457467326', '387706131', '963274662', '1484371375', '2107322805', '1988081877', '2567504524', '2958099082', '1023843878', '1535246329', '1710301114', '1099216341', '3058192576', '2376020967', '2485556976', '1673907784', '1312985510', '2311057819', '262760157', '842796926', '1797217376', '2798818814', '1206047757', '470798597', '956089219', '2802729175', '2406625733', '3066255360', '2291772016', '2289247175', '864548303', '1166798219', '1863838017', '2471017160', '1449169973', '827266860', '1796612877', '989705924', '568966450', '1104474571', '2528302510', '318236705', '2038297067', '1317237081', '1423512261', '1323524429']"
[],[],0.0,0,"['692134171', '976265980', '782968184', '1484354261', '429989415', '1927734621', '2159248562', '3044140629', '1588661123', '3751357512', '460425160', '3443286977', '1857853061', '730396829', '1313596420', '1308524338', '1684247900', '763477212', '3351683893']"
[],[],0.0,0,"['2263001656', '2470461848', '3683314474', '2404813904', '391955642', '1960514944', '1744813945', '2296710204', '3695016131', '583241873', '2219509178', '1601605869', '1334799909', '3396453859', '1983531998', '1753975330', '238158812', '2801390852', '3350973984', '2217729203', '929514204', '2673031852', '421328553', '405256625', '3304176229', '1273799098', '820815445', '1447315017', '2221731978', '14189021', '3172524639', '156444872', '1387708072', '3446309827', '301868497', '3162984678', '140761133', '2891017508', '2263285424', '733058296', '256169962', '382130512', '1986448049', '2107573558', '1590054901', '1279795312', '2006781213', '602636739', '734735114', '532625254', '1935891726', '2607492417', '596183705', '654828814', '116291131', '2959603403', '3390611582', '1795442732', '3733628114', '1312017305', '3681620596', '1922826393', '352213713', '695717327', '655825537', '102677379', '80011409', '1403681754', '304319812', '461514911', '717374650', '675459781', '3620520069']"
[],[],0.0,0,"['1943437061', '1975801456', '3661037061', '656307379', '361629849', '2158558983', '2536790241', '853702818', '3461683377', '1798291642', '1402316036', '209751539', '583195889', '3799539815', '329527238', '592503689', '2547401160', '152471820', '2448837778', '1707000512', '3665957216', '3152863350', '1889256633', '1192544230', '1647473815', '2228314899', '468537535', '4077619479', '583770746', '69829675', '492383534', '1656115329', '2492455509', '3319114831', '3188040359', '251970415', '542901168', '2775795515', '1129821719', '749331428', '1048704970', '2787993420', '249877108', '1097612841', '251833462', '2328800371', '1936797706', '2112416999', '1456745981', '1800046648', '2859189242', '1310436160', '62458153', '281522704', '1873123171', '19790614', '1670670283', '2182788219', '1019934031', '4156017604', '4095545550', '634434300', '384975228', '2502863346', '1551803363', '2839851221', '133484928', '1364222983', '250999521', '1917076107', '989027617', '735270858', '924053937', '1940100104', '247946576', '3362996279', '291743046', '3472946197', '693358909', '2605225900', '3387503750', '2304253016', '472304550', '1156389418', '2047053181', '1426207952', '4023291711', '1750493719', '744856540', '3455741099', '2580731626', '2556106219', '1285884241', '500258621', '4159974783', '2419294707', '2654278039', '1760310682', '2117682300', '3437477629', '1833127740']"
"['2550803403', '2630193867', '512363383', '3136137780', '1934889899', '632389090', '2829701383', '2087532249', '1686577763', '2871512777', '4063164603', '344206730', '3467303681', '2235652190', '4139797374', '2138991171', '551355949', '1142971526', '1815364884']","['2550803403', '2630193867', '512363383', '3136137780', '1934889899', '632389090', '2829701383', '1753438203', '2087532249', '1686577763', '2871512777', '118492018', '4063164603', '344206730', '3467303681', '2235652190', '20085256', '4139797374', '2138991171', '551355949', '1142971526', '1815364884']",0.8636363744735718,3,"['2550803403', '650714257', '2630193867', '1731741520', '512363383', '2643205525', '1281293935', '3136137780', '1934889899', '632389090', '2829701383', '1753438203', '3703678432', '2087532249', '3616403999', '1686577763', '2871512777', '118492018', '4063164603', '344206730', '1747460025', '2616295443', '1675738867', '3467303681', '2235652190', '1675334200', '1719215342', '3321283693', '2243971240', '20085256', '550151597', '137426031', '3482703173', '11052062', '4139797374', '744276643', '220498200', '981932665', '2138991171', '531855290', '365241723', '3694262637', '2431310247', '585109446', '3307915613', '1547637918', '1235925031', '551355949', '4141292035', '2509665069', '3121439404', '2998389504', '2476522280', '3711028929', '1142971526', '2331157961', '3441459073', '4155962625', '1310185956', '1815364884']"
"['4073354030', '2717102216', '1781284565', '114883200', '791074206']","['4073354030', '2717102216', '1781284565', '114883200', '791074206']",1.0,8,"['4073354030', '2717102216', '2904822002', '1109922378', '289986814', '3156320819', '2287131694', '4157797394', '84791060', '574753015', '1820273605', '2039681964', '1757859077', '1824680077', '948156233', '1156665105', '1404947708', '1781284565', '2452756953', '2141923908', '2282689222', '3645713992', '2023847727', '1454147771', '4081492821', '2516841249', '4093981279', '2625850106', '3709502001', '3479313828', '1631734345', '449153864', '1858529799', '1902093372', '330728977', '3057474072', '2905512168', '2021966911', '3061519644', '1559007428', '1384038077', '401706880', '4105039782', '585249384', '4088065915', '2627340741', '3395972195', '3119357502', '3390528871', '934295299', '2936709965', '983735141', '2506548640', '152582667', '3172137740', '552136655', '4087185803', '3352036716', '1793511610', '2155526358', '1636929044', '3616918573', '345564926', '4082116367', '368252791', '2982476847', '1850802909', '2777246243', '2476441000', '1638664490', '2475095958', '645366862', '1287460731', '1035692530', '114883200', '1821513038', '1621253512', '2417779217', '1095715838', '2341216798', '2223189382', '3487902074', '791074206', '499200842', '1939413991', '1162172693', '1884435321', '2073576295', '3682452951', '1193972038', '1993665849', '3407364270', '2023443132', '2362827842', '1405246124', '4060113979', '2606751216', '2550333721', '3303004713', '3462557469', '2680248567']"
"['2324661721', '607800036', '1371376147', '1418077904', '4002361702']","['2324661721', '607800036', '1371376147', '1418077904', '4002361702']",1.0,3,"['2324661721', '607800036', '1371376147', '1545947301', '1418077904', '4002361702', '949711814', '1320927200', '807246080', '2967151940', '1389865294', '1201355280']"
[],[],0.0,0,"['1991405668', '2106696707', '819201263', '2068250203', '1530387842', '277999917', '2300690418', '1505727103', '323878440', '2150916241', '1476137818', '1945069975', '2912724409', '535305849', '1973353037', '2199345429', '1173863810', '2483841107', '2310235082', '2802246102', '1219296625', '201648422', '2085554486', '2251211506', '2371961166', '1594656984', '2764559522', '1561365625', '2364175902', '2810693903', '2515890917', '89475924', '486170620', '253270077', '1395790183', '1414923533', '3718804518', '2449561542', '1645337301', '2211689392']"
[],[],0.0,0,"['334818772', '3166025653', '1075164064', '1265620609', '98784620', '3461131275', '418170318', '237734154', '862597729', '3363132413', '1985216922', '2675519016', '2628050305', '2675413514', '1883900239', '990253836', '1983282517', '3447252279', '2155874910', '3150235376', '1110799418', '1485273317', '1487590404', '2574381136', '2114885502', '1186204484', '2269047840', '3038104260', '3484073028', '271680135', '223034698', '2938888028', '2366555988', '147571495', '2269038470', '893089602', '367730760', '511412108', '334293535', '1066397415', '3435000734', '1856594005', '1296148066', '981850814', '1229893981', '3006395', '112258754', '3141348396', '356099806', '1941272812', '1984063721', '577396855', '2692706639', '389223185', '2388933619', '161611235', '462085472', '3693731897', '498773305', '636888672', '1661887562', '2145238115', '1840099576', '1716625512', '330710440', '877254386', '2354307761', '497496264', '2167172875', '384813162', '2195630460', '885596203', '3101146632', '999366420', '1858461417', '1450122722', '1233772117', '1130940641', '1119902924', '670231902', '2557432982', '1694126074', '1861142303', '1284922976', '482047836', '855667105', '762830231', '909972505', '1666906304', '3697420513', '1222865413', '847488418', '1078234223', '924360640', '2567192320', '1055376929', '1532939472', '2295570862', '2075040249', '2209374935', '1426839230']"
"['685091341', '998966809', '4120580452', '2617025730', '1492320165', '1525974243', '61550919']","['685091341', '998966809', '4120580452', '2020245141', '2617025730', '1492320165']",0.625,4,"['685091341', '998966809', '4120580452', '1089648054', '2020245141', '1597949535', '1151302076', '1632644384', '2617025730', '3151783389', '1492320165', '1525974243', '3389543899', '61550919', '2988324158', '934783004', '1892977267', '1792823443', '1556256788', '1773434599', '3488953817', '3789668710']"
"['1940940103', '3457816115', '2107430198', '1606112074', '1472335495']","['1940940103', '3457816115', '2107430198', '1606112074', '1472335495']",1.0,4,"['1940940103', '648727778', '3457816115', '2107430198', '1606112074', '1472335495', '3663611746', '1193166470', '2994389520', '2297818481', '466756076', '825065970', '1187084682', '872185238', '1040893047', '1521775425', '2540727118']"
[],[],0.0,0,"['2418209103', '654944007', '592425099', '1121192570', '1039673431', '2129420337', '1553464406', '1922600063', '1515170074', '1200589415', '945221512', '2986046128', '2525580912', '1289405201', '2931701543', '809445182', '806052812', '849163840', '1603856541', '2252522439', '2334309009', '1825430700', '2350401940', '419834354', '673356639', '634601515', '1097145807', '2162515531', '2817119040', '3423144474', '8136955', '2723807406', '1623656064', '2034210540', '3468527559', '262580095', '427127735', '2722225202', '2076279661', '1038269060', '1810928880', '1455871138', '2952610619', '2722483240', '935299724', '1702085841', '2045924222', '1191067308', '2180267221', '2729016805', '788894840', '2853088942', '927288700', '2774332211', '3649651557', '2768854539', '270592178', '2851790114', '2264937039', '2586976819', '860752352', '2401963643', '2363267421', '1762765407', '325816016', '2700833460', '2134526121', '1927687702', '1731001962', '2044119401', '2507421518', '1031128023', '227510741', '2596346616', '2423179163', '2781309024', '462544984']"
[],[],0.0,0,"['1104263619', '939778006', '4084466498', '1005877062', '305162789', '2609699543', '1261362133', '1136830713', '1970354735', '2093367350', '2559837107', '121188760', '1013603988', '1640253225', '1843493720', '641716791', '1734543918', '2921529043', '3630376547', '723819202', '2250964512', '2959152129', '3605198776', '891314223', '1746492620']"
"['2469133427', '766127925', '3412773423', '1475466797', '522678244', '711436072', '216808621', '204171333']","['2469133427', '766127925', '3412773423', '1475466797', '522678244', '4122475930', '711436072', '216808621', '204171333']",0.8888888955116272,6,"['2469133427', '766127925', '3412773423', '1475466797', '1774919067', '522678244', '4122475930', '392575477', '1744500045', '801328134', '711436072', '3774004032', '1957355074', '216808621', '204171333', '25573059', '2445500963']"
[],[],0.0,0,"['1315381445', '1434218763', '3144531726', '2270812263', '1099039263', '3675478553', '1148649809', '736140094', '2289899223', '1036141836', '1350200064', '1730703692', '1375403138']"
[],[],0.0,0,"['2243321934', '1214476099', '1534405072', '1121799506', '3104645369', '1542606004', '1812726405', '258680048', '1213422333', '2229907521', '1135299820', '3498216774', '3302078358', '715702763', '619392611', '1287073424']"
[],[],0.0,0,"['483902024', '750879843', '2715887722', '224591287', '454881849', '238104043', '1934975506', '1417254518', '142873044', '3369102324', '280684716']"
"['1957181696', '2642793079', '4034938970', '97407119', '875385544', '4011543380', '2053847600']","['1957181696', '2642793079', '97407119', '4011543380']",0.5714285969734192,4,"['1957181696', '2642793079', '2157879118', '4034938970', '910656001', '557224764', '97407119', '3432234336', '3467302468', '2871384162', '64319285', '875385544', '162742472', '1505985122', '4011543380', '1488214446', '161998066', '589141882', '2053847600']"
"['3441561874', '2120222288', '116775216', '2329634983', '2297386654', '1974566140', '635439023', '379981781', '789473408']","['3441561874', '2120222288', '116775216', '2329634983', '2297386654', '1974566140', '635439023', '379981781', '789473408']",1.0,3,"['3441561874', '2120222288', '116775216', '2563916084', '1139011292', '2329634983', '1728586248', '866276956', '821138817', '2297386654', '3466307250', '1974566140', '176672066', '2799325712', '1332093947', '2905714762', '1679266617', '1763609448', '2335775941', '635439023', '379981781', '4057996133', '3333964322', '1200910062', '3432596860', '2413709915', '3749232707', '2300276943', '2197447361', '754195755', '2221739751', '2489314122', '1416657749', '789473408', '1811472085', '3701965246', '2566503210', '448128056', '4082547184', '162130146', '3388353544', '4075595749', '246763637', '1324608546', '1862416884', '2931393363', '3772436833', '1138876740', '1508692891', '2441796675', '1493183896', '937333894', '1072967752', '614211943', '2075660997', '1075103355', '1758134569']"
[],[],0.0,0,"['991220275', '2919662633', '43169309', '1142016290', '683348134', '2648847000', '424559317', '1420569961', '1475415030', '522102490', '2217373303', '1501225212', '2849509910', '798128436', '227205411', '1479566684', '2533144442']"
[],[],0.0,0,"['2960921008', '519741427', '240927070', '92667524', '814795822', '1675553131', '2608802031', '1184228678', '3490464178', '403757688', '2313313336', '1331995294', '770622771', '377361690', '119840705', '2550376362', '3495094394', '834971713', '3169822515', '2226445170', '1987609328', '1290042508', '1966529204', '347070119']"
[],[],0.0,0,"['609368116', '2567697484', '990842511', '676642730', '3684704243', '2966608545']"
"['1948032444', '1578190988', '328146866', '3745362847', '2632613954', '1975716556', '2009619433', '3653998150', '142645604', '182743558', '3103807115']","['1948032444', '1578190988', '328146866', '3745362847', '2632613954', '1975716556', '2009619433', '3653998150', '142645604', '3103807115', '1116470651']",0.8333333134651184,6,"['1948032444', '1578190988', '3050008307', '2044632135', '1603596733', '2360841631', '4027875310', '2684480340', '328146866', '3745362847', '961375972', '2632613954', '733230237', '1386486442', '2344343084', '1975716556', '1893873041', '2193791087', '2718289140', '1472506683', '2541894158', '1734829566', '2690931280', '1754475788', '1957605580', '2375029282', '2364164569', '2009619433', '1799462074', '1139794325', '709496884', '2303478976', '1069944804', '4001585885', '1978649880', '4013530897', '3653998150', '2523641007', '1891637980', '3425555328', '3979170627', '922125730', '2344082921', '304781090', '1017717312', '142645604', '3370972610', '1119014615', '2774411455', '2349396983', '182743558', '51834560', '1928427194', '1474225102', '1593000833', '74161203', '2532883617', '846180120', '2265204821', '296812751', '1969177929', '1891482976', '720568560', '3759050203', '1374965702', '2189890437', '133279520', '2474388640', '829231590', '3182264291', '1360312534', '1059619109', '1739100481', '3665953570', '2635177983', '2076288308', '1038848322', '1852354856', '591950775', '2922253427', '379484890', '1544523782', '950375243', '1031087817', '3103807115', '1899010010', '4048658474', '205770816', '1116470651', '716898614', '1684535911', '1210057941', '144631139', '2486297572', '1582702186', '930240940', '711380620', '2472285613', '2041231672', '527203549', '622962648']"
[],[],0.0,0,"['1277523723', '1391384844', '2353089167', '2096105918', '214698895', '2518593275', '1074749228', '1766164080', '1073586573', '1918363083', '2886873803', '667260635', '2655436801', '1210274763', '3361105880', '826300740', '2234256905', '2445827009', '1820667879', '4096257622', '2051488570', '1307832979', '445138349', '691801803', '2487756206', '1205581653', '449461242', '2594112923', '2565731338', '1838050307', '2000603536', '1898023821', '208823993', '772980051', '734512717', '2529979542', '1215156661', '1192003241', '1500338531', '2728291232', '946621357', '379160883', '1415440114', '2769626141', '3332981315', '464824403', '713962861', '2585020862', '2503513521', '1166050622', '474601673', '845832237', '330568962', '2208847969', '18105761', '1695210229', '1540553641', '2919468204', '2766654884', '1881131764', '1784486008', '1731595918', '2745537106', '1863244231', '672401268', '978433885', '1581069222', '1876368816', '1692120245', '1209514574', '1695868432', '2457602501', '2588460982', '38590427', '2558587500', '542671585', '2435489508', '2372416976', '3791322726', '2107269801', '1394237400', '867244031', '1456006408', '1815183438', '2152266763', '2714677449', '1676981010', '1271594325', '2463244540', '3376640769', '3468819481', '111370620', '750348725', '3689135523', '3157118751', '2258477430', '1836630720', '1361138221', '2353175107', '1923594911', '1257525718']"
"['1913357506', '1560490351', '2655037643', '2569569172', '2656124073', '3364204673', '138633933', '3762477342', '2789880701', '4095170785', '4156461066']","['1913357506', '1560490351', '2655037643', '2569569172', '2656124073', '3364204673', '138633933', '3762477342', '2789880701', '4095170785', '4156461066']",1.0,2,"['1913357506', '2363468126', '844854981', '1560490351', '3115189449', '725016823', '2655037643', '2422439584', '810884322', '1152422247', '2569569172', '8568845', '2656124073', '3364204673', '138633933', '851605761', '2829588824', '3111662688', '1905571308', '3762477342', '2190100621', '2789880701', '4095170785', '4156461066', '3452893200']"
[],[],0.0,0,"['839349275', '581992921', '990935205', '76388665', '3336877535', '621320628', '3381128402', '2174303300']"
"['4088018464', '2570991719', '317606423', '2773552835', '4161176699', '2169325027', '2603796271', '706244560', '2436930074']","['4088018464', '2570991719', '317606423', '2773552835', '4161176699', '2169325027', '212908441', '2603796271', '706244560', '2436930074', '152111052']",0.8181818127632141,4,"['4088018464', '1945730836', '2570991719', '1006110736', '1077444426', '2468985937', '317606423', '1338938495', '2773552835', '929106213', '380648174', '3417072693', '3122818423', '834881260', '667523567', '2452312727', '2351979844', '145638945', '2494193102', '817697582', '1490189178', '27662251', '4161176699', '2169325027', '212908441', '2640107542', '2371761615', '4157011040', '2603796271', '805880681', '1511466018', '1656426389', '706244560', '2436930074', '152111052', '599489776', '775351700', '1327642151']"
"['1689023429', '2581881070', '1542181093', '1330023405', '1491762344', '957161816', '2924174526', '3488589624', '4107227646', '2625483723', '1567235409', '3337396754', '4083632807', '956251151', '1241378285', '4078741311', '949063475', '2608817642', '3368511630', '4123400423', '2444604664', '585129411', '2069840160', '3485655719', '279986505', '4106171671', '3361114968']","['1689023429', '2581881070', '1542181093', '1330023405', '1491762344', '957161816', '2924174526', '3488589624', '1199206773', '4107227646', '2625483723', '1067644470', '1567235409', '3337396754', '4083632807', '956251151', '1241378285', '4078741311', '949063475', '4117308927', '2608817642', '3368511630', '322492060', '4123400423', '2444604664', '585129411', '331080908', '2069840160', '3485655719', '279986505', '4106171671', '3361114968', '1192857710']",0.8181818127632141,4,"['1689023429', '2581881070', '1542181093', '1330023405', '734738610', '331314915', '2994029504', '2728827514', '949703062', '1049917759', '1491762344', '957161816', '2740352180', '226059516', '1221923361', '2924174526', '3488589624', '2527849780', '484022400', '394435639', '1199206773', '4107227646', '2625483723', '1067644470', '1787764819', '2385391863', '1567235409', '3337396754', '2341035718', '2147980453', '4083632807', '1617574774', '956251151', '2338506373', '2122183507', '3065171607', '2833978636', '1470449057', '540821103', '237084410', '680482222', '3718881549', '484801714', '199684950', '1067623161', '1241378285', '4078741311', '949063475', '4117308927', '2356398678', '3162035970', '2608817642', '3368511630', '1850137977', '2978690468', '322492060', '4123400423', '2444604664', '2781143009', '3638156478', '1989041831', '2334977565', '3397537547', '2930426681', '1372241421', '2660403480', '1870857502', '585129411', '949066084', '2354959272', '913045109', '2129872231', '331080908', '3454023778', '1872839136', '2069840160', '1279040180', '3382071552', '1955795604', '2912157980', '1239492561', '1646438139', '3485655719', '1265946504', '279986505', '1727762977', '1711135595', '2051847973', '4106171671', '723135833', '1115126643', '3361114968', '65849630', '162732092', '977468128', '1192857710', '3304888214', '1771843980', '2957688215', '1336803410', '334573451']"
[],[],0.0,0,"['2159554165', '3388020712', '1713743762', '3312891268', '402005143', '1342052569', '1677623192', '1429832354', '3366539412', '2621804346', '55594988']"
[],[],0.0,0,"['132974853', '118368230', '1703252103', '2604361384', '562337956', '2908607200', '802678866', '115125269']"
[],[],0.0,0,"['820601420', '1281342376', '926262671', '2428008320', '2956006481', '1336019271', '1170251075', '1866075344', '2417643636', '483536290', '2411568709', '1953459651', '1758282002', '2144109264', '1277177467', '2124253613', '1360276440', '491493260', '3371769855', '4044523275', '734649502', '1075524126', '939621075', '3664692648', '670139029', '3145129343']"
[],[],0.0,0,"['719635624', '2535269241', '2626115726', '2503146016', '2212836204', '2214147729', '1385230218', '1662915072', '56677335', '1291400500', '1202169088', '2281076795', '3122262835', '1902630825', '2652970020', '1992049014', '1291045014', '149969276', '271229775', '1845731218', '3167179128', '2325262626', '972984550', '2004916135', '1674470128', '2660731484', '982604758', '3426201872', '867154314', '2929464642', '3453761011', '2876790581', '4119403991', '2906895517', '2915081816', '3640137798', '3115087411', '2537217341', '2795809125', '3491182921', '1479340571', '1109762110', '1660267734', '3488612010', '156256299', '2210207911', '708130001', '3665520975', '1273011429', '2098274729', '1122233346', '2137707912', '164028655', '2101508085', '536730212', '122290659', '396760999', '966475115', '2045381100', '367950999', '1847062923', '866680864', '2862755650', '2648186016', '1172943430', '2996896826', '2589310764', '1702669964', '846565526', '926663888', '2572542812', '1577789133', '2427956161', '450623245', '718251067', '1262412687', '1112921306', '1636380442', '877601324', '1885387978', '2154903823', '1133623239', '1472025431', '423685095', '1373801436', '2145784977', '2170648082', '10504216', '2022325835', '1652830422', '1189459826', '1515461182', '1698440512', '2623539071', '3456559902', '944795763', '274248348', '2826797180', '774858527', '2371349310', '3326445821']"
[],[],0.0,0,"['3310170042', '1180532605', '584403430', '3721988437', '877790538', '4031550149', '1582157612', '1741508340', '8389005', '2846891130', '3382927106', '1521780356', '39711337', '33300065', '1481060561', '778846524', '1305327029', '2778859022', '2691818700', '2083947648', '1096715606', '3033910150', '2524429823', '864177563', '1311508013', '4054182585', '2813104331', '745231421', '1370000600', '3493227813', '2335618900', '4081327059', '4141196060', '2657380500', '3302837878', '2285065173', '1904731710', '708180887', '1732328399', '374081277', '196675693', '1799101522', '1173679402', '2198216326', '1413943811', '3373149914', '3629758575', '374262768', '325223840', '2583820029', '575236011', '3451238140', '1612881734', '963545931', '108219702', '1062112942', '751422496', '264848152', '794076666', '816976758', '2365027796', '3041839206', '1176018571', '2961238518', '1730060566', '2738664922', '1661657989', '22712432', '1576121301', '2743455526', '882828560', '1418334988', '976926097', '1665563242', '2973122916', '575305530', '999481720', '209008730', '353230440', '3683439970', '1989769168', '905080267', '2489078862', '1214712972', '2760007962', '675037200', '3060922990', '1871491340', '3132843685', '1359881669', '1550446071', '1447652135', '3426157643', '2873903706', '4023354560', '4017924118', '1129468838', '379959852', '1824964207', '987346304', '3488492733']"
[],[],0.0,0,"['1555423311', '2216975442', '1508546515', '1864887907', '2963870701', '62901418', '2626394102', '3602965884', '2254946419', '448241803', '66770102', '1308195175', '1915765795', '2946711258', '3707816835', '3428062507', '2123220383']"
[],[],0.0,0,"['1783013576', '1537036565', '287259719', '2315201460', '1435535014', '923136012', '3652800663', '1324472130', '2268681935', '366365728', '1801150740', '3184432244', '2344175063', '2356519562', '2695911132', '1276197885', '1262278143', '2054726302', '1465191105', '1346974696', '2484880250', '1638358688', '873872622', '1019547977', '1767789555', '1234466218', '2107179981', '2598982509', '2042815008', '705163816', '2059192842', '1330210209', '994053874', '41255504', '365675047', '1494721816', '1484006662', '3162112241', '1900342974', '383326083', '196227883', '1957006101', '800446821', '2940164331', '501812531', '2321048939', '2949384930', '2429521731', '2676528826', '133871882', '911538023', '1928544612', '1285576300', '392905800', '2779816608', '2940134781', '2956815119', '1224692005', '3323487517', '2282197007', '644726636', '1350028219', '4009506918', '3724963138', '3389725586', '2123414507', '1318927281', '1642400273', '1281024348', '4038500393', '815965042', '3176058161', '2102849327', '304243675', '927494583', '2100131818', '1987856713', '1341520684', '122541926', '1859717286', '3388234487', '3335895202', '246489499', '1093362534', '573735899', '2739155784', '1244183567', '85506052', '1390779815', '2087850931', '1148076020', '3492479528', '1853281205', '2400864018', '3340942186', '2386886824', '214306615', '659389644', '3053895297', '1052068485', '390208669']"
"['4000793705', '2187783062', '2206250594', '2200257548', '1214055228']","['4000793705', '2187783062', '2206250594', '2200257548', '1214055228']",1.0,7,"['4000793705', '539255839', '2423540700', '1386842569', '2187783062', '3674165257', '1384843903', '1374918536', '4043937809', '2974927539', '4108151980', '2186972527', '639553674', '2255439164', '2650723304', '2206250594', '3492298930', '54599385', '2696418962', '2589914839', '2985187775', '2200257548', '2011767420', '591422378', '1214055228', '2256840911', '1341483818', '2423865931']"
[],[],0.0,0,"['2271677617', '1553051229', '3318562301', '2233925013', '2003651606', '199071660', '2671761318', '2161969863', '425340520', '1402817708', '1621142130', '1758313469']"
"['2467124960', '1039552553', '3427845853', '3497350156', '1214886359', '3174673398', '591371092', '2074546798', '2494536511', '1669164402', '3629945741', '895077810', '1497847097', '2645354766', '405728397', '501041071', '381969072', '991013406', '1531397186', '29624074', '1711052625', '3743081408', '3501173365', '4087444152', '1517018038', '3155978410', '1816955686', '950533107', '3355820672', '4037838605', '4055000103', '2059649425', '1446238696', '206764919', '105447541', '4061675894', '1054118744', '3123055331']","['2467124960', '1039552553', '49551316', '3427845853', '3497350156', '1214886359', '3174673398', '3321423440', '591371092', '2074546798', '2494536511', '1669164402', '3629945741', '895077810', '1497847097', '2645354766', '405728397', '501041071', '381969072', '991013406', '1711052625', '3501173365', '4087444152', '1517018038', '3155978410', '1816955686', '950533107', '4037838605', '4055000103', '2059649425', '1446238696', '206764919', '105447541', '4061675894', '1054118744', '3123055331']",0.8500000238418579,8,"['2467124960', '1393958227', '1039552553', '2400287505', '541342240', '49551316', '1411818791', '3427845853', '3497350156', '1214886359', '2551648917', '3174673398', '3321423440', '449276896', '4006211094', '591371092', '1942285846', '2074546798', '2203810366', '2220345535', '1573681603', '3696495261', '2138836131', '918056107', '1191181687', '372695979', '616892721', '2158746221', '2494536511', '657173837', '1669164402', '3629945741', '25679412', '895077810', '1701243588', '1497847097', '2645354766', '3607448877', '405728397', '3413089596', '501041071', '3342490186', '1726565819', '2701579019', '3123302251', '381969072', '351887941', '991013406', '1531397186', '1124828936', '2380944132', '3674876987', '29624074', '1695134557', '997987364', '2570472268', '1711052625', '120391056', '37097082', '31838078', '585932339', '2630426315', '3743081408', '3501173365', '1164569919', '483882636', '1911675323', '413398664', '65470895', '4087444152', '1517018038', '3155978410', '486618284', '1816955686', '456987684', '415150758', '1328738425', '950533107', '290828849', '1788572440', '3355820672', '4031343579', '2914293078', '485922575', '4037838605', '4055000103', '2059649425', '1446238696', '2218547960', '206764919', '370819114', '2349992633', '105447541', '1770182155', '4061675894', '2699804380', '1054118744', '3060061653', '3123055331', '94138135', '2980388927']"
[],[],0.0,0,"['4000435341', '1815322281', '2806033808', '2303006179', '2707584209', '640145690', '1202684860', '291012250', '818507919', '1474406431', '634506688', '2815933163', '1877722135', '1070518406', '2259584716', '1796132716', '2442921620', '1786497800', '155585312', '3306754460', '2901896002', '4038767250', '1853767382', '2751820520', '1121122785', '1374601034', '345584955', '63556468', '1099322095', '992045262', '305116761', '1204064636', '764059665', '1008049282', '772873237', '1785350878', '3156024355', '1871880184', '967897565', '413767066', '1756216800', '36295555', '309175573', '3182743539', '1873946570', '464329500', '90672721', '1351371011', '1975840838', '51281079', '666561283', '2250376314', '29711445', '162059030', '907672167', '48846045', '757243841', '2056867541', '3495580137', '1227554507', '160353296', '1726719794', '719678211', '156888880', '3754413228', '437534484', '2005064102', '1486690860', '2158034046', '2014122901', '3140214310', '354938612', '1469017312', '2289640602', '1826524581', '1865194660', '2619885104', '67853091', '2694352639', '1295384912', '834931983', '607035500', '1593017681', '476434317', '314412589', '2170216036', '796455112', '1967872562', '406326013', '2503811921', '2752031060', '455119080', '2628443126', '141039380', '2406077328']"
"['217556352', '162270343', '3685615980', '992093091', '2154289518', '2486655468']","['217556352', '162270343', '3685615980', '992093091', '2154289518', '2486655468']",1.0,7,"['217556352', '2854241640', '162270343', '3685615980', '382500454', '992093091', '2272930211', '2154289518', '945340998', '2486655468', '1837325502']"
[],[],0.0,0,"['2596243147', '1020586691', '2636580807', '2404610714', '166687267', '3413074918', '2252347892', '207125249', '3443586449', '1560028403', '2599487635', '1975501075', '13103113', '1427839870', '1089338014', '3306632767', '675236002', '2085159858', '3108271030', '2512596261']"
"['3340668998', '2739268812', '2559543358', '1002981751', '4046471192', '933680759', '2548220069']","['3340668998', '2739268812', '2559543358', '1002981751', '1578617525', '632416443', '3619035099', '933680759', '2548220069']",0.6000000238418579,8,"['3340668998', '106510656', '2739268812', '2559543358', '1002981751', '2607142045', '1919537001', '821326719', '2722009962', '2291853461', '3797199316', '3390239540', '1539558728', '724219727', '1828316921', '1131497676', '74594523', '814316042', '2026973600', '896799600', '2944385637', '1728645101', '564745634', '804984117', '871724501', '2781085732', '1938031565', '1578617525', '3173592915', '2438070881', '2430937924', '3347806643', '1419823381', '1678798420', '2244410916', '2866467237', '3390758854', '2193782719', '632416443', '2055206153', '1299821428', '1984656060', '4046471192', '900243107', '1581624071', '1666438622', '1438654854', '134951379', '2691907953', '488780295', '996828256', '1085338881', '1984772982', '2024600280', '4022266167', '634498273', '1290195567', '891461279', '852588460', '1513222561', '2201087172', '2094305480', '3619035099', '462162902', '1695468960', '933680759', '2358226004', '2701212778', '590979643', '2678359278', '405597908', '1938680844', '2159611823', '1047780733', '1693203820', '734994162', '404764139', '3216034', '1517546112', '1613286574', '95087715', '2378733727', '3428024723', '2755516058', '1886673146', '1104034333', '1798056060', '382922196', '1208038181', '1652879920', '2551056814', '1057421823', '3425213758', '1803149011', '1154755664', '3046073998', '2836089632', '1572403767', '2548220069', '2279050527', '759803620']"
"['1547400308', '2851155701', '1060881296', '2386643490', '2836099357', '16580947']","['1547400308', '2851155701', '1060881296', '2386643490', '2836099357', '16580947']",1.0,2,"['1547400308', '3436939165', '2851155701', '1060881296', '2386643490', '2836099357', '907982030', '16580947', '1997070145', '533663510']"
"['2970979420', '3645598530', '1772896544', '900071892', '1382015177', '3179249036', '509821686', '1321024209']","['2970979420', '3645598530', '1772896544', '509821686', '1321024209', '4142172809']",0.5555555820465088,4,"['2970979420', '2264362781', '3645598530', '915746420', '1411383001', '1712567927', '2403326612', '4099839926', '4113185052', '1522840681', '1222095435', '1772896544', '2348231755', '3181812984', '601974523', '1351276180', '2273074164', '655536701', '1231314400', '1121544020', '1096615310', '441438352', '900071892', '2407230720', '1028738310', '1312608742', '2026953636', '2524353961', '1382015177', '3768027039', '4034925614', '2717510922', '264298159', '10035769', '3179249036', '2791701616', '40742144', '2879414916', '2071400384', '1797849952', '1808731268', '2954387181', '815098137', '844814320', '509821686', '121789725', '153409820', '677079876', '1138675728', '482034723', '637082939', '3054478050', '4045863930', '1587333403', '3659493467', '1321024209', '1369754692', '3356389510', '4017356908', '2359364243', '304786497', '2142415741', '2795498460', '2604525907', '1272230610', '3432512457', '2530856433', '367354760', '1251073260', '2789733331', '2409080336', '2723072539', '4088156419', '702672713', '4142172809', '1573224812', '1029515196', '2238679405', '2795017435', '3406827356', '25058526', '1551924938', '1519701996', '182439886', '1228337171', '1738146161', '657226992', '2780472805', '847218219', '616640731', '3629030547', '1467328970', '2900895906', '4094574165', '395102638', '4139392506', '860256273', '293986590', '1466185585', '69591646', '1913386981']"
"['2059157896', '3642358056', '1017815428', '4103780708', '157779949', '1722422715', '3664281206', '2172344655']","['2059157896', '3642358056', '1017815428', '4103780708', '157779949', '1722422715', '3664281206', '2172344655']",1.0,6,"['2059157896', '3642358056', '683974629', '2147520263', '1970793429', '290201330', '1786901499', '922832248', '1444048820', '1031536848', '1479504012', '956276822', '1387798074', '1982491410', '681171567', '530947220', '554319227', '1911323267', '1290819072', '4042860334', '1763521217', '2410783547', '174338216', '1038756654', '3362486151', '3110481749', '1124405095', '1017815428', '2655655962', '1431774621', '4103780708', '157779949', '4162066061', '2566088358', '2273970656', '1603687841', '489360076', '2526283140', '1617589578', '1722422715', '2009268343', '4118969016', '3381409053', '2171850072', '1952337282', '3664281206', '3615774080', '1037508306', '2172344655', '2545247260', '3136782350', '2303494905', '3038793492', '2985254302', '1619697062', '3441722946', '1287507121', '1934760782', '1968930180', '4034131802', '1123593273', '1637481524', '2172149665', '302613354', '1090681594', '997353184', '3062309180', '250051316', '1491941105', '828984310', '2571625738', '1361175154', '2940161542', '32410650', '2193891026', '2206643561', '1507947876', '858048778', '2361308800', '1701934408', '2178544932', '919755581', '3644539586', '204259828', '1018960354', '1620812976', '1920815950', '1970240173', '1541337741', '1141295281', '1796616039', '1502301558', '1800277257', '4019289281', '592530361', '2896714905', '811995717', '4119190427', '446411065', '284790329', '1275505383']"
[],[],0.0,0,"['2528442211', '2375035868', '983301112', '2975685901', '2489401481', '2574218264', '1208936860', '2890616778', '3179220242', '2275218176', '873518142', '2425317262', '1562863486', '2716973600', '2861149210', '2114063239', '835005402', '1530804906', '763755395', '3461370893', '283963397', '862190566', '1333078982', '1829004180', '794264481', '939084481', '1431297967', '552474003', '2943592416', '1349758597', '833697714', '4042121629', '330606176', '418853575', '712707523', '2587584521', '2472951380', '3771889238', '1647289203', '3644451882', '1339122377', '1713202863', '2887880827', '377955478', '2118873231', '311823182', '2902576700', '158148269', '1001789806', '304771883', '1569870561', '2990451401', '1327172218']"
[],[],0.0,0,"['1706691051', '1729166908', '1989284004', '525347146', '2061794032', '1823294560', '3697971153', '3124037722', '2986118561', '1716584580', '1915606343', '1960674501', '2676540665', '1363062670', '194581737', '2494218102', '791341099', '3613057063', '2382679862', '1667561494', '1026292261', '1862876339', '2896297519', '3068124639', '1724955280', '3769220046', '3787225606', '899594003', '421160995', '1760607683', '1833920829', '2587417108', '1666864612', '2152471577', '2447737636', '1959327629', '439214428', '2353006881', '24225515', '132114028', '1619244010', '403992306', '1430341835', '805556270', '1079820708', '2015989726', '1132294882', '943580039', '613025420', '1996162414', '122023792', '3792653312', '3405646184', '1182063502', '2882297100', '2126869073', '1088350377', '546761759', '204840969', '2378518834', '2171897821', '3302704912', '709393821', '1724213716', '1699564229', '320524233', '1998221781', '2033657560', '273665617', '46605436', '505193696', '3460718277', '2246739858', '1646490883', '1226389606', '2818785930', '933237413', '1510338768', '1875905512', '1116815728', '2569910776', '2229468444', '243833590', '2473618501', '1107383542', '1247329353', '1758476403', '2370950085', '2320904325', '1561097944', '3695198570', '2651551300', '473701373', '2247054123', '403541674', '931140968', '1885246644', '146812723', '785794854', '1925852012', '1906004327']"
[],[],0.0,0,"['37083165', '786171268', '1393294701', '1187608832', '1741160660', '1753177220', '1389453720', '186756337', '1812739932', '76271145', '1405323182', '2305992471', '391932195', '2431875614', '626691621', '515311894', '3429300585', '2236386460', '1973803481', '165734280', '2436127763', '815068121', '773144420', '2687611607', '58638385', '2188314202', '1604849228', '1120754862', '1243957800', '47198305', '887461900', '1768330315', '1032039984', '493277335', '2566187281', '835543240', '1366107631', '1346876733', '3404829451', '1263755593', '2216470069', '1404714020', '408196722', '892876204', '731176310', '942287260', '2795652675', '2041394582', '2327720501', '1885172126', '1861095740', '1388357601', '2491899621', '657512016', '2717704825', '678290078', '1801942929', '114506075', '564599967', '472009927', '2856702431', '3444042222', '2470464181', '132358043', '1674405804', '2855603217', '1412042283', '3340618475', '2536229800', '197066806', '1461656405', '1885590149', '918437433', '2419381400', '2903261836', '1558941580', '2496798961', '90779183', '1817448685', '2441567201', '2537176421', '1986113608', '707725499', '872984540', '1089980714', '656096137', '38940858', '1262111116', '239084268', '3474062865', '1435844063', '842418826', '1902552960', '1837148931', '3671082390', '917264710', '2597737714', '1799924057', '267022303', '2366179217', '2020277794']"
"['4083820304', '1826865040', '200551540', '2817597444', '2161037135', '1862026039', '4069286180', '2573366942']","['4083820304', '1826865040', '200551540', '2817597444', '4127702514', '2161037135', '1862026039', '4069286180', '2573366942', '3399307262']",0.800000011920929,3,"['4083820304', '1302660486', '898977546', '1789356643', '2914992203', '1707659013', '1826865040', '901906055', '200551540', '2817597444', '525551922', '4127702514', '2161037135', '2269364793', '821896317', '1862026039', '1384170283', '2444679235', '3046203668', '2805384149', '2755550461', '1675602962', '263464272', '1891388097', '1983594615', '558766260', '2145110830', '2648327636', '4110273991', '1670705605', '1086305161', '84030202', '2629336002', '1951871271', '2703317728', '1200370968', '2654760530', '2454949217', '2594784453', '2861889180', '2225810906', '1726040301', '1855626960', '2648100635', '2686436845', '1781763747', '551949098', '2758856475', '2010148779', '1749621721', '2817630059', '1602678806', '2645035328', '1074154277', '1510358560', '1712770878', '2859403070', '2090410128', '1175338176', '3480378779', '1657503096', '4069286180', '1337731859', '102323828', '502166840', '191141968', '1344087239', '1774146737', '781503775', '314285834', '2573366942', '3303160321', '1526203668', '2730539439', '1952625812', '336638958', '2901807135', '643009221', '2769661621', '3495395536', '1941576531', '1449094425', '3399307262', '1245578567', '4037872341', '677786663', '1176291841', '659382563', '879018365', '2924036741', '2242307801', '3687768532', '1658181661', '2692965721', '2881243918', '915681397', '2565583000', '1094977769', '3659548179', '4028651710', '1223172562']"
