label_gang_mem_list,pred_gang_mem_list,jaccard,subgraph_gang_label,subgraph_node_map
[],[],0.0,0,"['483902024', '750879843', '2715887722', '224591287', '454881849', '238104043', '1934975506', '1417254518', '142873044', '3369102324', '280684716']"
"['4040921371', '4012207135', '992813487', '2713406963', '2697648577', '3612136828', '1599523883', '4122123404']","['4040921371', '4012207135', '992813487', '2713406963', '2697648577', '3612136828', '1599523883', '4122123404']",1.0,6,"['4040921371', '3133373756', '3669770037', '4012207135', '992813487', '4010600425', '1172873655', '3740979645', '2670009538', '1065152399', '1498398664', '2386068008', '4001282027', '2713406963', '381652597', '4119921229', '2579356446', '2697648577', '480385705', '1117798540', '3427026001', '4086251627', '3612136828', '1599523883', '3356146975', '4122123404', '1786949832', '201084746', '4063178908', '3039251939', '2159014012', '3424332350', '48456009', '922620782', '1026031529', '4118935559', '2471572374', '750663375', '507195404', '2270737367', '2037776954']"
"['291653733', '2683323175', '1768342596', '2641899324', '3649708500']","['291653733', '2683323175', '1768342596', '2641899324', '3649708500']",1.0,6,"['291653733', '1816917341', '96643543', '3057793031', '1627024865', '1689698675', '2683323175', '1775036519', '2843758315', '2865391122', '3410042122', '2857449229', '651204383', '2562718638', '920037767', '1285847263', '3450796479', '1856311002', '851627110', '2431016206', '1881593842', '1340421003', '2745827361', '720141541', '216263469', '3424514855', '3750151833', '1462836136', '3747806233', '2374616244', '2024840283', '2955594328', '1768342596', '2641899324', '1501028026', '1146206927', '1296492736', '1746036680', '613566220', '2632052412', '3179187149', '3790701408', '2107239960', '2551346122', '1300204143', '481135379', '1025903943', '2067221919', '3649708500']"
"['1944939640', '3641581423', '1086150923', '752548988', '1333799649']","['1944939640', '3641581423', '1086150923', '752548988', '1333799649']",1.0,2,"['1944939640', '3641581423', '2200831301', '1525656024', '1086150923', '445830120', '2459916600', '262904157', '1599442542', '1703511083', '1938528101', '1720772800', '1269618101', '271980653', '145910268', '4107550102', '264750740', '1869374819', '1890467372', '1731764301', '3139535816', '1133111581', '877732610', '4062813917', '752548988', '328454919', '263350775', '356371391', '877823942', '67992305', '3760530830', '1381761337', '2710581854', '1948701263', '3059234703', '110626109', '4114519831', '1163196293', '1333799649', '759513188', '67321784', '2192403889']"
[],[],0.0,0,"['1862208729', '62628981', '1012230173', '1978962101', '2211817615', '2179455135', '355521938', '2846980626', '365463655', '2230270239', '238857470', '2545833484', '1868169578', '968091741', '719835944', '1111507808', '1562100060', '2723131111', '1295114345', '2750305933', '1733364057', '224660613', '1440244422', '3343012557', '211380855', '753003613', '1346234439', '758136430', '563327391', '2362911881', '870519438', '4074824364', '2285486074', '1568306013', '2386305660', '2781824260', '2544473427', '1614474615', '107434761', '2484176659', '761414495', '2809718903', '2728668963', '740398333', '3362221255', '1824121213', '310865004', '1005577133', '4153004008', '366042715', '201136322', '1923423381', '2590034661', '1293013308', '1723391037', '1809028738', '89252635', '544236091', '2817551960', '1317965541', '257624244', '313341047', '1701792304', '1852268341', '2758832378', '647499500', '581091410', '1552553378', '1357245910', '1097610340', '2135752409', '2545541822', '3499170734', '2122091310', '2809529426', '3110215587', '2284629326', '2122725662', '3494050343', '1375613996', '63626405', '1012142320', '1132099270', '1841100900', '994001417', '1169354915', '4063436123', '1791442201', '1528391133', '302217671', '604362901', '2075279620', '2797574613', '2717060380', '1671195238', '142005515', '793589944', '562427984', '26980875', '2315894764', '230668367']"
[],[],0.0,0,"['2303606321', '611545024', '2937096962', '2964276668', '4501792', '2797400121', '2085380281', '948492581', '3172270779', '2861330511', '1517915706', '198587520', '1397490340', '732592724', '1135265440', '1410410080', '1972006338', '2707736436', '1927908203', '2037045461', '228572215', '1550988119', '2918780061', '2483567509', '3109933668', '829563480', '1756731926', '18726772', '108032673', '1362368560', '2110263981']"
[],[],0.0,0,"['1027334407', '1050078461', '916276224', '41036145', '2297241276', '204289152', '2830372920', '2809203611', '1563090438', '2061108040', '1304063922', '648434023', '53988725', '2967158860', '117155142', '1963931860', '112742231', '1626523783', '3057301478', '2376549897', '2554257859', '1906350392', '3402627581', '2670486444', '70326726', '3176258032', '3401854363', '256518982', '771776221', '1793739661', '1434908100', '1656192452', '2198183375', '542159305', '3342198825', '1783033917', '2286275307', '2006852510', '1750446185', '342014221', '145256240', '797722842', '2272319302', '2907249383', '414279465', '888015337', '2355681482', '606198535', '2323614404', '1359508340', '215613260', '2620013946', '3700992736', '2214418021', '4047681961', '2851924617', '469509953', '2461863751', '251262624', '1252690706', '589044888', '1984970478', '3309720036', '333653540', '791913886', '400919962', '2147695958', '1317065903', '1171569171', '2831619560', '3609838707', '1558653460', '3693607546', '1661174681', '1010633983', '2382855309', '1180395484', '888029968', '1446924773', '2050353800', '1422147906', '3321093514', '476412200', '2412334012', '1345293275', '1971365728', '3662768364', '807006552', '4104431120', '174331079', '467674857', '3699829260', '4079025803', '3045744478', '806126627', '1066677988', '1371215865', '2089821134', '2571965031', '3426081510', '1497439341']"
[],[],0.0,0,"['2416413941', '3778019135', '2446640701', '2538686022', '1555940381', '931576477', '2033862967', '3491758210', '2037043906', '1875884262', '381181804', '1612693605', '2872111864', '1977081683', '839914961', '2934510460', '2021549227', '839434838', '921157865', '2104196517', '1481218921', '3665388180', '1307325347', '1526160416', '191837095', '1315031063', '1850609242', '674545131', '1903727729', '713100703', '2313446034', '838621026', '2695821144', '644540670', '874128482', '2775194607', '2678505081', '2034816002', '1687599622', '1438075837', '2186096626', '487387239', '2775427954', '2212607925', '879491140', '139387759', '3313444030', '2280642885', '2899742225', '2750493437', '739832043', '2375789184', '5950675', '1533338138', '3767852145', '3469562680', '1866143183', '2293751594', '1708077611', '2633045117', '1672980033', '305724195', '569419935', '1992243071', '364964045', '149334415', '2324372944', '1476676421', '1268582802', '2301338635', '131955492', '1357965522', '2847486733', '1973275474', '2738812118', '3679336868', '857657284', '2211950361', '2517826340', '2349791810', '2461105229', '2222268241', '1434263880', '141467990', '1103325969', '1255830442', '698020622', '1206709057', '144167235', '1493186709', '1123148884', '2520036712', '1842485759', '414591095', '970454032', '2543014865', '204914953', '1250105096', '755672246', '2274185575', '2101800039']"
"['488286716', '357258215', '1918635052', '3672399043', '456635768', '1280496753', '2373203354']","['488286716', '1918635052', '3672399043', '456635768', '1280496753', '2373203354']",0.8571428656578064,5,"['488286716', '357258215', '1432790815', '679393183', '1790903233', '707903388', '1918635052', '219307301', '1016341231', '3672399043', '456635768', '1280496753', '2373203354', '1832236247', '2824126876', '2098888634', '447326562', '843696260', '172008115', '216264366', '3143454692', '1779681759', '1622666804', '1932223384', '2166113700', '1322069108', '889590818', '726759054', '2813667005', '3691081033', '2320527841', '2519029441', '1986349987', '2852728565', '2455133131', '1789855305', '1594609998', '2866291838', '2014861021', '3359918318', '3183034298', '1442464685', '2550824206', '2103013433', '173329975', '2643991061', '736838362', '1566693826', '1990611182', '1724463731', '2704324283', '2138801620', '238171938', '281780715', '1357028918', '1304487730', '563814773', '3117986925', '1887873617', '2324412316', '2253715475', '1020565241', '946340328', '1208240603', '1912674773', '250233682', '896903577', '97092149', '2020536863', '3107240375', '1159309781', '2885502780', '657617821', '414303563', '2546374415', '3697047538', '1570484444', '1047627182', '4033559918', '800166270', '3350240043', '573504565', '2162954109', '4049869494', '1249454700', '2461646131', '1417395538', '2406666624', '355595060', '2385988878', '3483484329', '198457144', '360012610', '1752323451', '3102195204', '3611615470', '645153385', '56938639', '1559974183', '2049088480', '234544550']"
"['1962062411', '1963019288', '213141649', '2099238739', '1353544859', '584863705', '1825315634']","['1962062411', '1963019288', '213141649', '524085426', '2099238739', '1353544859', '543610254', '584863705', '1825315634']",0.7777777910232544,4,"['1962062411', '1721432690', '998473245', '1963019288', '213141649', '524085426', '2099238739', '1353544859', '2554927023', '543610254', '584863705', '2628105300', '982578826', '1149741613', '1825315634']"
"['1957181696', '2642793079', '4034938970', '97407119', '875385544', '4011543380', '2053847600']","['1957181696', '2642793079', '97407119', '4011543380']",0.5714285969734192,4,"['1957181696', '2642793079', '2157879118', '4034938970', '910656001', '557224764', '97407119', '3432234336', '3467302468', '2871384162', '64319285', '875385544', '162742472', '1505985122', '4011543380', '1488214446', '161998066', '589141882', '2053847600']"
"['1085139496', '207919800', '1977486651', '3100794379', '3374953615', '2031893378', '899818562']","['1085139496', '207919800', '1977486651', '3100794379', '3374953615', '2031893378', '899818562']",1.0,5,"['1085139496', '207919800', '1977486651', '3100794379', '3374953615', '3376804599', '949238400', '2031893378', '2818822855', '899818562']"
[],[],0.0,0,"['719635624', '2535269241', '2626115726', '2503146016', '2212836204', '2214147729', '1385230218', '1662915072', '56677335', '1291400500', '1202169088', '2281076795', '3122262835', '1902630825', '2652970020', '1992049014', '1291045014', '149969276', '271229775', '1845731218', '3167179128', '2325262626', '972984550', '2004916135', '1674470128', '2660731484', '982604758', '3426201872', '867154314', '2929464642', '3453761011', '2876790581', '4119403991', '2906895517', '2915081816', '3640137798', '3115087411', '2537217341', '2795809125', '3491182921', '1479340571', '1109762110', '1660267734', '3488612010', '156256299', '2210207911', '708130001', '3665520975', '1273011429', '2098274729', '1122233346', '2137707912', '164028655', '2101508085', '536730212', '122290659', '396760999', '966475115', '2045381100', '367950999', '1847062923', '866680864', '2862755650', '2648186016', '1172943430', '2996896826', '2589310764', '1702669964', '846565526', '926663888', '2572542812', '1577789133', '2427956161', '450623245', '718251067', '1262412687', '1112921306', '1636380442', '877601324', '1885387978', '2154903823', '1133623239', '1472025431', '423685095', '1373801436', '2145784977', '2170648082', '10504216', '2022325835', '1652830422', '1189459826', '1515461182', '1698440512', '2623539071', '3456559902', '944795763', '274248348', '2826797180', '774858527', '2371349310', '3326445821']"
"['4042581202', '2137056365', '659516366', '3162456057', '825381470', '3315262662', '4158351377', '973897700', '4010407036', '4054406138', '688123037', '630568659', '1032660584', '2884751573', '3434157717', '1870859040', '2037860093', '4048658994']","['4042581202', '2137056365', '659516366', '825381470', '3315262662', '4158351377', '84842535', '4010407036', '4054406138', '688123037', '630568659', '1032660584', '2884751573', '3434157717', '1870859040', '2037860093', '586731306', '4048658994']",0.800000011920929,4,"['4042581202', '140689503', '1281979185', '2137056365', '2041746134', '659516366', '297137476', '2216532520', '3162456057', '1731389968', '2919661827', '1487894425', '615242792', '836628130', '2362934578', '1738127331', '2011165973', '3673981545', '1944907430', '825381470', '2056779456', '927571872', '3315262662', '4158351377', '116308141', '508273322', '973897700', '84842535', '3172586981', '4010407036', '525248853', '4054406138', '857300322', '688123037', '2633285182', '3681429215', '1079047576', '630568659', '1032660584', '4041719201', '3187674673', '512197117', '2884751573', '527886570', '3434157717', '337859786', '3470549139', '4158203911', '2097395609', '1529689089', '1870859040', '1918004173', '51120259', '66243860', '3446938370', '1191766063', '2037860093', '586731306', '4048658994']"
"['1924980851', '3603438506', '3708350330', '115878566', '1969690125']","['1924980851', '3603438506', '115878566', '1969690125']",0.800000011920929,15,"['1924980851', '3603438506', '3708350330', '115878566', '1175177814', '1810982729', '340709187', '1969690125']"
[],[],0.0,0,"['2627590908', '657788094', '2401525730', '2436607820', '1275059725', '753563664', '57815503', '1461735077', '609514481', '3625103735', '2831061300', '1379114429', '3124332863', '839239570', '3058062826', '15674750', '700235680', '623031434', '1041720040', '572199420', '1610893700', '2471314137', '1339305225', '209625176', '75884190', '2603535784', '2869807460', '727142875', '1873807633', '2175247331', '3122651413', '1291339873', '1887241067', '2024056025', '615843137', '2117414528', '647389340', '874704260', '2787615823', '561883049', '2055096940', '3706160723', '2770528025', '3771133514', '1493135253', '2194869615', '2939799620', '1027795862', '2646684815', '1072481558', '196912587', '2270511844', '2780086509', '232306835', '354929255', '461755640', '1962426370', '2044636828', '28033623', '2940858433', '2137379206', '1735432627', '2124630175', '383371517', '792312971', '962062331', '131214000', '1676857946', '890226405', '1797839482', '1825332403', '2039906683', '1569585634', '1995926562', '85975465', '2217292340', '1699339303', '1193487681', '629955114', '77505517', '2861959115', '2280286803', '2871360144', '4010897614', '2131539301', '2530972043', '2633303538', '272389549', '2257719558', '1639919801', '2518886580', '2242871733', '1493395761', '2138969653', '1499661580', '1255522661', '3173484583', '105747584', '1303180802', '370330362', '2945371410']"
"['4034892940', '4154791841', '2951999231', '2728485848', '4035485880', '1544135451', '1378294097', '2354960523']","['4034892940', '4154791841', '2951999231', '4035485880', '1544135451', '1378294097', '2354960523']",0.875,6,"['4034892940', '4154791841', '1344378586', '133229801', '386737798', '2951999231', '1217117996', '2728485848', '2789417847', '910880031', '4035485880', '1939307385', '2355959039', '3399405161', '1637220965', '4127381009', '1544135451', '1757709373', '82325953', '2803496039', '1077454249', '675026793', '4074533619', '1378294097', '2227691138', '2768843455', '3704062642', '1346665078', '2354960523']"
[],[],0.0,0,"['990242744', '1680685901', '615289201', '3369180975', '1924297502', '585855056', '2412361005', '2451209480', '2285779335', '699942907', '2151328477', '978351240', '2182660538', '2847910781', '1966675406', '3445006111', '3428991625', '1890256760', '553221306', '1459265404', '1060036996', '313721741', '923364516', '1871961961', '2413866431', '1000493224', '1204781640', '3640352316', '841090606', '1404210289', '1184435976', '1541811517', '2847881247', '373196178', '66222571', '2195247076', '3166289359', '2501691006', '1852262737', '175408767', '982418119', '3461626016', '2267542076', '1917801625', '1997373526', '1860022647', '699740413', '1045136561', '408412640', '1638711528', '1536113741', '3032929766', '1214845318', '1621645837', '364027162', '840503570', '1740087730', '1106543475', '2910088381', '1596568053', '293632633', '3169624361', '2219967462', '3493030476', '2108387309', '2495842213', '895151036', '2346176621', '1050111016', '99389439', '2879633813', '3384267066', '2652835224', '971018185', '2765666420', '1018378624', '2309382931', '3040174563', '334565267', '2732256127', '720706741', '1727834362', '1767483218', '1026871841', '1028990602', '3050060764', '631175462', '1038179067', '1028244877', '2119054081', '2747568084', '2878819040', '1100337326', '1619642349', '3493121942', '1624118287', '2435777642', '946775679', '716459434', '55021636', '3483928668']"
"['1770766602', '1245224057', '4115457069', '1124856058', '1595874183', '2564164579', '1081614004', '2163695743', '551255505', '625651462', '858881763', '1414878457', '1782956462', '2022005159', '2355663703']","['1770766602', '4115457069', '1124856058', '1595874183', '2564164579', '2163695743', '551255505', '293655831', '625651462', '858881763', '1782956462']",0.625,2,"['1770766602', '2152705593', '219800822', '1245224057', '427245859', '4115457069', '1124856058', '355440032', '1595874183', '466721808', '2564164579', '3039170738', '1906685457', '1744070249', '1626549414', '1081614004', '611287874', '3664927351', '1492197307', '2163695743', '551255505', '2947376871', '293655831', '625651462', '2864979023', '858881763', '1745862298', '1882958473', '2670678117', '1414878457', '1782956462', '1314773555', '4024413739', '1274869752', '2022005159', '2355663703']"
[],[],0.0,0,"['1677010514', '1528009456', '732860984', '2253079149', '2754926082', '2781480517', '2685234731', '2795699826', '1635583311', '544081465', '1080668474', '962627138', '203697200', '2333420115', '10342733', '3409414261', '708183750', '938141591', '1478899308', '2331396710', '1338892239', '802189453', '1708320366', '686224538', '654108430', '1761503411', '2665278960', '838292747', '1466557777', '751318140', '2468633012', '1906739433', '3151989135', '2936594482', '1963690829', '977777661', '1642564980', '1840944194', '1826327309', '1051397263', '363289666', '229505025', '3473087905', '1831551119', '3329521656', '1460943243', '598494590', '1383710620', '4076351177', '3482852561', '2702652083', '2660866924', '2729402820', '1966438638', '977019016', '3380133503', '1449278107', '2841082905', '2034077121', '810269312', '2438099968', '1688920513', '1386028576', '832058315', '1664951697', '1190792500', '600453464', '4133668273', '469399974', '2270388919', '3155086893', '1598054065', '1820564484', '1627129664', '1406090869', '2242758201', '1650051854', '3763377344', '1907935313', '2574511310', '2672592629', '4041627103', '1185590834', '3124284695', '1726040514', '1361394807', '1673957806', '334029421', '1216218231', '3396863613', '3037208434', '2053753325', '1260292437']"
"['2469133427', '766127925', '3412773423', '1475466797', '522678244', '711436072', '216808621', '204171333']","['2469133427', '766127925', '3412773423', '1475466797', '522678244', '4122475930', '711436072', '216808621', '204171333']",0.8888888955116272,6,"['2469133427', '766127925', '3412773423', '1475466797', '1774919067', '522678244', '4122475930', '392575477', '1744500045', '801328134', '711436072', '3774004032', '1957355074', '216808621', '204171333', '25573059', '2445500963']"
[],[],0.0,0,"['1929300520', '1048286433', '1985167960', '1677993900', '865404680', '891985342', '599264735', '2766582082', '2199159537', '705351226', '2406409355', '2528057825', '1242077780', '1831301332', '2337573433', '897566109', '2272871084', '2331194505', '538399020', '1275296233', '3483660080', '2236568461', '1782888330', '2311877780', '986999341', '935270195', '1434528172', '1099199980', '2258371872', '87703040', '1960844509', '2565901719', '1418001002', '2191031498', '1099763282', '1679045581', '886845661', '411084955', '119465817', '236899495', '635658280', '947675480', '1113672742', '927630710', '1806512527', '4059440231', '2557830715', '1920647241', '436838600', '1967588140', '1119391281', '757310429', '2616637478', '3429903669', '2351783311', '1227294082', '819000720', '1219226022', '193761155', '1572847981', '450604455', '685260219', '2496046181', '2716016001', '165985688', '233801575', '869088002', '2586572183', '2153966035', '1584601760', '1305175320', '281383855', '1560434512', '1381895849', '2805654733', '2560838413', '1926141401', '1553605739', '750445638', '2740283784', '1465455914', '4014108944', '1789137711', '1735529025', '3187976695', '917981380', '662458036', '79463182', '100409769', '855067120', '3646173654', '1078446844', '1229336577', '1571013401', '2370332380', '991061732', '1334537781', '2325456742', '1212280912', '3415808327', '777881531']"
"['3321283768', '4085514592', '2761700911', '2355062853', '1096634777', '1825583966']","['3321283768', '4085514592', '2761700911', '2355062853', '1096634777', '1825583966']",1.0,3,"['3321283768', '1420351039', '4085514592', '2655261901', '2761700911', '2355062853', '1096634777', '940552567', '107677633', '2356713498', '1590587906', '1612119367', '965901705', '1049253023', '3369415748', '416788290', '374823394', '793913316', '904825842', '3341749910', '3172955188', '1121172256', '954075572', '343021121', '3690276961', '686806550', '3451853238', '432858394', '1943508302', '4058420617', '1825583966', '3455080404', '1016983878', '229771072', '375908910', '3477997815', '686767941']"
"['1881370353', '1266170470', '297617989', '599067058', '1310022307', '500483672', '2436116827', '3748433625', '2076811559', '1443443161', '4057370230', '4055339192']","['1881370353', '1266170470', '297617989', '599067058', '1310022307', '500483672', '2436116827', '3748433625', '2076811559', '1443443161', '4057370230', '1056877543', '4055339192']",0.9230769276618958,6,"['1881370353', '4018100165', '1483492743', '1266170470', '597934367', '2025923904', '1870807881', '297617989', '599067058', '1310022307', '500483672', '2436116827', '4040373991', '3755314818', '2099578299', '2264851562', '4116069615', '2256379245', '20230451', '3748433625', '2223576518', '277536553', '2076811559', '1443443161', '552445778', '4015143693', '1912291291', '4057370230', '2293791462', '4161123614', '1056877543', '1977235970', '1246880926', '297200228', '4029394246', '3157608978', '141487598', '1623387158', '94572538', '4055339192', '2687650775', '208297030']"
[],[],0.0,0,"['1212075710', '2161984064', '1516490414', '2366275808', '565858937', '559635284', '3480342760', '1254481484', '3419027595', '1282080311', '4472405', '1758068816', '1049004134', '727434179', '821214782', '1259276629', '1739111328', '2252494204', '1070979686', '820118032', '1414184579', '2653036021', '1330681632', '568404000', '489908298', '942669660', '2531250763', '1499121745', '2268114406', '1674460399', '117058728', '1599333434', '3464153683', '445773246', '835826042', '2235095404', '1008275501', '24580996', '2764004600', '354568608', '2483215732', '457093347', '2822320253', '1406523934', '4084395962', '3154966689', '488977616', '2236796491', '1804463181', '1592919598', '626030661', '1420531818', '1985147016', '2133065847', '1229137921', '1663402115', '2017180738', '2257985562', '1325268187', '983756008', '2069895262', '1398006666', '2122933879', '1015198207', '1379811146', '984288006', '1183266983', '1051012275', '725750065', '923764928', '286205381', '1806253719', '1305587717', '105889925', '714313039', '2056581566', '772289535', '3379773014', '1312252224', '2259200440', '790112775', '82997470', '2963638023', '902598040', '258409640', '338058795', '2519739062', '1131245401', '3132327467', '702179861', '126883538', '4125246102', '2493179141', '1676976937', '2231048381', '1396289336', '2236987224', '2112710244', '2610985362', '1776909559', '1752610936']"
[],[],0.0,0,"['490748627', '1155417591', '2270718862', '1794776568', '2926615823', '3650918165', '3104884687', '630015747', '2413375852', '2614114648', '3454634975', '2083676947', '489968912', '87049477', '4000816726', '1262615325', '2292218789', '1120849060', '1035682388', '20344176', '167934127', '1663369702', '930678292', '3051960718', '1894561204', '690068495', '1363554669', '3105542964', '3179920054', '511253819', '1916843728', '312064604', '694810852', '1200853567', '3797995700', '381517530', '2239298127', '2532890525', '1433260204', '1438282493', '64552124', '1933347848', '732310379', '2265175855', '1095010368']"
[],[],0.0,0,"['1418706813', '1945335310', '1500876371', '1210768717', '61141303', '1959025338', '2492919905', '2300920943', '1326503270', '2015344427', '1123497728', '2541704336', '2188837714', '211969234', '2089607303', '39702140', '1106752032', '2175850925', '2814398422', '1505789507', '707414377', '1938944335', '749571020', '2636693100', '783808204', '3469927596', '371389365', '3662583076', '1960340384', '63176695', '2001243826', '1775901482', '1476457236', '458741529', '199728092', '600479176', '2344517861', '2643653415', '2866707180', '218262444', '55978770', '1930244074', '576407913', '1578318575', '1641742563', '469993617', '1291877022', '2835653337', '1226163719', '1163231202', '2852483813', '1356716359', '1249039274', '2836813740', '2804378913', '2203241773', '1126242636', '2581828461', '841971825', '40218995', '1964450454', '1903152438', '857256301', '2593846015', '3151211668', '6113499', '3302475721', '71783208', '2972124429', '1526536111', '2431107138', '1803796605', '1316003437', '1872370024', '2104069271', '507987109', '23260247', '1779213571', '3361056876', '2341855808', '2214569525', '2540320610', '2859278637', '2793709334', '673403603', '643756351', '1078122536', '210159695', '468881743', '2768382081', '2888454880', '3163277689', '1687857539', '1167160006', '3303606534', '3302095177', '2423661802', '65046199', '719393610', '301178284', '2216894340']"
[],[],0.0,0,"['2192905257', '1183925784', '1899027039', '658923270', '1733444925', '700202730', '1961850331', '2941523631', '577648201', '2089229502']"
"['958549617', '2407835553', '3409123780', '1302837659', '1676117638', '4057849810', '464405322', '3345416448', '2168571505']","['958549617', '2407835553', '3409123780', '1302837659', '1676117638', '4057849810', '464405322', '3345416448', '2168571505']",1.0,4,"['958549617', '2407835553', '3409123780', '1302837659', '1676117638', '523264941', '2861598284', '4057849810', '436369603', '639762017', '1505273354', '1422382836', '4083764366', '769954988', '464405322', '1138234585', '3345416448', '2135687590', '3065417966', '395549443', '2168571505']"
"['1176420247', '2078965090', '962294008', '2895545708', '470804799', '1560131930', '2699902646', '2507120717', '4044623023', '1666905059', '168728058', '591085109', '1109780888', '595627485', '715857367', '876835751', '3722428521', '2848375065', '3478738582', '2325649952', '3461808407', '1093094053']","['1176420247', '2078965090', '962294008', '2895545708', '470804799', '1560131930', '2699902646', '2507120717', '4044623023', '1666905059', '168728058', '591085109', '1109780888', '595627485', '715857367', '876835751', '3722428521', '2848375065', '3478738582', '2325649952', '3461808407', '1093094053']",1.0,6,"['1176420247', '2078965090', '962294008', '2895545708', '470804799', '1060702526', '1560131930', '3160233288', '1337459391', '2699902646', '2507120717', '4044623023', '1263316529', '457483105', '1666905059', '2267366653', '1804565170', '3404602773', '168728058', '896544743', '591085109', '1109780888', '276560343', '2187256793', '265829565', '4117638392', '1520147893', '3346751081', '353105259', '2595912933', '218133072', '2567361545', '2348094002', '309965385', '1111243256', '3611949521', '4009764256', '2713580200', '782565684', '1638854126', '759055291', '595627485', '2480278419', '715857367', '3388499183', '250536885', '444880577', '1524741784', '2921932471', '876835751', '4019033702', '2446172149', '11586743', '2665316055', '3722428521', '2848375065', '1670301159', '2747341568', '3478738582', '2325649952', '976306287', '3747014400', '2570676418', '1703349505', '187253513', '3461808407', '660591513', '1451575154', '2778151449', '1093094053', '2795935821', '2586074151', '629902699', '3360862815', '1940460945', '809990062', '1132374384']"
"['1900458090', '543416018', '1630755109', '3671648478', '1935236268', '573524534', '573604552', '3111814802', '2480567473', '3392660670', '1974798468', '2461237551', '920550949', '4048577497', '1391865073', '1994971978', '1736486431', '2667973713', '2989442150']","['1900458090', '543416018', '1630755109', '3671648478', '1935236268', '573524534', '573604552', '3111814802', '2480567473', '3392660670', '1974798468', '490138846', '2461237551', '920550949', '4048577497', '1391865073', '1994971978', '1736486431', '2667973713', '2989442150']",0.949999988079071,4,"['1900458090', '543416018', '2686875537', '1630755109', '2609684061', '2997193581', '3671648478', '2288126444', '1708951364', '2857222580', '701544519', '2588819500', '2236409240', '2068444825', '2960017215', '1935236268', '573524534', '3690700248', '2718540874', '2932303380', '573604552', '3111814802', '938808332', '1616807322', '462141600', '2494619406', '3154774818', '1087864082', '2480567473', '585129325', '2133138093', '1525204221', '408022825', '923036905', '1332134523', '1383604946', '1706829740', '1456757722', '2920798213', '3392660670', '2150902535', '2479181342', '1886304622', '1499760780', '1573913173', '2233517929', '253454113', '3678651879', '962332416', '262738469', '4128158314', '3480376948', '1383888107', '931286018', '1702410093', '1974798468', '2386847474', '939921459', '490138846', '2985181829', '2534200660', '718077974', '108516036', '2977567671', '2403046984', '2461237551', '2708702421', '1291274778', '3670494128', '1293015980', '90778911', '1449849233', '1408638571', '920550949', '3476334307', '1151517230', '4048577497', '211977873', '1391865073', '1206413102', '3053063150', '1994971978', '1924397881', '2479445308', '1276527421', '1736486431', '2732083351', '1337080769', '2667973713', '2989442150', '2122985871', '2286794628', '15076243', '194838460', '1448225254']"
[],[],0.0,0,"['2035941270', '2733540071', '2207873706', '2776765103', '244140127', '3429200202', '857061931', '703462741', '2122646627', '849728809', '2179962489', '782741538', '724541344']"
[],[],0.0,0,"['2303386533', '4059986273', '2189693718', '858263016', '488562023', '173244342', '3409632680', '3313599729', '3124046371', '2376864236', '2635725004', '3401025050', '1451011566', '327260183', '157591430', '2893191684', '1321483473', '2162343333', '217542792', '1132775531', '3066168532']"
[],[],0.0,0,"['132974853', '118368230', '1703252103', '2604361384', '562337956', '2908607200', '802678866', '115125269']"
[],[],0.0,0,"['1533001479', '3044048694', '3784535126', '722261561', '2516977862', '2128089076', '268966622', '2921880732', '1894115276', '1359267124', '1326591317', '3773255339', '818181816', '2014625510', '2929029373', '1009184036', '1992217470', '82887249', '3184055397', '219048551', '1006545444']"
"['4093318338', '1649246013', '1983845180', '3037516481', '1505687256', '1205162033', '1487574672', '536033800', '4023628556', '2050764171', '987037969']","['4093318338', '1649246013', '1983845180', '3037516481', '1505687256', '1205162033', '1487574672', '536033800', '334390851', '57375824', '4023628556', '2050764171', '987037969', '1380818393', '450221057']",0.7333333492279053,3,"['4093318338', '806107190', '1649246013', '1983845180', '3037516481', '2496749959', '1505687256', '1205162033', '1487574672', '536033800', '334390851', '57375824', '489133213', '4023628556', '2050764171', '987037969', '456582720', '1380818393', '3633499750', '369125570', '450221057']"
[],[],0.0,0,"['334818772', '3166025653', '1075164064', '1265620609', '98784620', '3461131275', '418170318', '237734154', '862597729', '3363132413', '1985216922', '2675519016', '2628050305', '2675413514', '1883900239', '990253836', '1983282517', '3447252279', '2155874910', '3150235376', '1110799418', '1485273317', '1487590404', '2574381136', '2114885502', '1186204484', '2269047840', '3038104260', '3484073028', '271680135', '223034698', '2938888028', '2366555988', '147571495', '2269038470', '893089602', '367730760', '511412108', '334293535', '1066397415', '3435000734', '1856594005', '1296148066', '981850814', '1229893981', '3006395', '112258754', '3141348396', '356099806', '1941272812', '1984063721', '577396855', '2692706639', '389223185', '2388933619', '161611235', '462085472', '3693731897', '498773305', '636888672', '1661887562', '2145238115', '1840099576', '1716625512', '330710440', '877254386', '2354307761', '497496264', '2167172875', '384813162', '2195630460', '885596203', '3101146632', '999366420', '1858461417', '1450122722', '1233772117', '1130940641', '1119902924', '670231902', '2557432982', '1694126074', '1861142303', '1284922976', '482047836', '855667105', '762830231', '909972505', '1666906304', '3697420513', '1222865413', '847488418', '1078234223', '924360640', '2567192320', '1055376929', '1532939472', '2295570862', '2075040249', '2209374935', '1426839230']"
"['2587678451', '3321064070', '1389408076', '254381825', '1724088045', '345251977']","['3660895413', '2587678451', '3321064070', '1389408076', '254381825', '1724088045', '345251977']",0.8571428656578064,2,"['3660895413', '2587678451', '1388736569', '1374410401', '3321064070', '2054590975', '1389408076', '254381825', '2781588414', '1180906968', '1724088045', '4025052453', '370928679', '3324011863', '2446379518', '637982718', '345251977', '234929206', '49195678', '3178971013', '436243982', '519734454', '1201970389', '4094442408', '807309779', '2425178259', '184939979']"
"['1654313288', '2941150746', '3704496202', '2028351853', '1261669269', '1981433685', '19906619', '1514832266']","['1654313288', '1261669269', '1981433685', '390213940']",0.3333333432674408,17,"['1654313288', '2941150746', '465003620', '99980005', '3704496202', '2028351853', '1261669269', '31333279', '705680627', '3058941931', '1981433685', '19906619', '1514832266', '2775278902', '390213940', '4062660716']"
[],[],0.0,0,"['1853279837', '2563206683', '816774620', '1834077542', '1689423161', '2712481962', '26904875', '4035634978', '626247728', '452722696', '1220350344', '716665111', '785877120', '818781221', '1747373577', '1184323046', '273383984', '2274233705', '577985869', '2607355411', '235557101', '629647227', '2465019816', '1690610861', '2094192462', '1652899093', '602476017', '2283061928', '3432240424', '247896013', '2608020564', '2000987705', '786251275', '1221310938', '1739369320', '2477563675', '2763577667', '928703943', '384585441', '2348814716', '459381599', '423637257', '466254780', '42097157', '463782040', '113601991', '1793334343', '2604548846', '792346100', '1866985570', '1559834321', '1232550589', '26854155', '2108219917', '1913467366', '1971467500', '2673167238', '1601225371', '3752366644', '451650457', '3162327422', '61784750', '2125581223', '1620076926', '1006629372', '2221597034', '2777104279', '1779910810', '2196669719', '2079148525', '272230049', '3314483052', '3169303760', '252843607', '2806554630', '1905532038', '2135026371', '3687540368', '245504006', '2276131608', '215715215', '294382405', '2673349632', '657467060', '1709655117', '603642930', '2850099782', '2817437943', '294259151', '40230285', '48108985', '2909362617', '2414032816', '985720290', '3492610919', '908902341', '1916198762', '1929489521', '2861274860', '1808088483', '2763110502']"
"['1171161428', '2416046706', '2501882832', '3767973337', '2219015071', '225276177', '421643527', '863374328']","['1171161428', '2416046706', '3767973337', '2219015071', '421643527', '863374328']",0.75,3,"['1171161428', '2416046706', '2501882832', '3767973337', '2219015071', '3981177763', '225276177', '421643527', '863374328']"
"['4029584072', '1364285978', '2477850130', '1108253910', '857926902', '1143410272', '2802735061', '4159714913']","['4029584072', '1364285978', '2477850130', '1108253910', '857926902', '1143410272', '2802735061', '4159714913']",1.0,4,"['4029584072', '1364285978', '2477850130', '2753739214', '1310747216', '1275034374', '1372401981', '2700981043', '1108253910', '76929192', '2744738402', '2997168334', '1132968231', '2091003577', '1492844414', '572779200', '1709947239', '3043117556', '1100029627', '2123239556', '1335272151', '1272548683', '3161449452', '536214021', '857926902', '2837990644', '671569947', '469724818', '1610729401', '2596767429', '689404734', '1665292312', '841856736', '1666733533', '3473111598', '1612753036', '3059130155', '608981220', '1846226564', '2052679607', '2855913120', '1143410272', '837111127', '2759904921', '1067104010', '531263657', '650399735', '2802735061', '1554885001', '1352164329', '3137302915', '4159714913', '2935284706', '1788129061', '615640142', '1170352228']"
[],[],0.0,0,"['134089068', '708899713', '278340131', '4021657489', '1600738431', '147711197', '1586791101', '1493587423', '2880745344', '26847039']"
"['1668286127', '1338146564', '2500947942', '3343212720', '2575174563', '209728794']","['1668286127', '3343212720', '209728794']",0.5,2,"['1668286127', '3480779920', '1338146564', '920636870', '1727736434', '56875158', '110380184', '2500947942', '3343212720', '1543891873', '2686887983', '2575174563', '671794427', '638807062', '114875142', '2711618727', '2079054135', '2511532208', '796754319', '1864328836', '20629607', '252921453', '268723558', '1563508064', '1646913317', '615402201', '811479623', '209728794', '302239590', '1187156288']"
[],[],0.0,0,"['1153562745', '1713849126', '976907431', '343830466', '64481442', '226115577', '1568944375', '3358164216', '2596781921', '632280948', '1387500195', '262409754', '414036361', '4048120204', '914715627', '573356942', '3141305156', '2209938916', '3167750167', '2052809942', '368541436', '1410660674', '2041722412', '1042906528', '2791758218', '846616356', '1233957845', '1670730903', '304556619', '3116695778', '4025067376', '1501337969', '3637145172', '1277913181', '1884637967', '873331308', '1606687179', '381437069', '2796148127', '1938776766', '3400570465', '1447277335', '826335886', '76221667', '73152108', '224049269', '1808312583', '838505166', '964434767', '2060555926', '1885992429', '3041404974', '3363490636', '1449240002', '2853721374', '2733298314', '3785041834', '263767784', '514712848', '2644336607', '3431916387', '2044619238', '362963598', '405233792', '2422753229', '1438753874', '3716107730', '211256596', '521397713', '1515206546', '1655281003', '358644196', '1256035768', '124442311', '1956689171', '1627829469', '3633474951', '771230734', '3603810400', '3306633093', '2565926500', '4117481915', '419655380', '882064749', '872765016', '2796728870', '3170994507', '402172904', '3168440037', '2765712806', '1431822821', '3321928702', '286039657', '884698365', '358971934', '3704926543', '3056980528', '299038464', '1129539979', '2157081395']"
[],[],0.0,0,"['2334863340', '1889504245', '162103072', '707907822', '1453748583', '617668680', '1498007825', '751760863', '2313894202', '382149622']"
[],[],0.0,0,"['127194257', '1292180241', '2420607735', '1582303387', '3113841327', '1847219125', '2691614937', '3046056355', '2443550969', '2870151243', '2299034239', '479001079', '3384433946', '86380668', '2565931120', '1748183744', '1815885294', '1081736155', '315274150', '804446456', '1990904265', '1781422751', '3387696008', '2654528513', '1395252245', '50897305', '2102302736', '2362003739', '1847936929', '1887251020', '600524035', '530011998', '2745121667', '2544941701', '1221301816', '2581485922', '1478531999', '2867737551', '345469231', '2482018864', '100110017', '1412672340', '3102902370', '2189830728', '2538646582', '3062430489', '1683300082', '242389862', '65774246', '48543170', '521732688', '2806124906', '1278811359', '3131512937', '1629760424', '3613349149', '2253552721', '2492003670', '306621650', '2174136831', '1116525860', '2602664930', '672258935', '2016862481', '741275466', '3317673307', '596714688', '1142349962', '2474937501', '1840377962', '1689493117', '1741597479', '1933405528', '3417536211', '3653350167', '1475873274', '1606067613', '2560049911', '2062616305', '460545646', '910781112', '2436969412', '1966624400', '3398742814', '1462861784', '3434125317', '3177664670', '2157672092', '1555726479', '3737147042', '83750448', '3681308949', '1130535484', '2082362482', '2617675771', '2037966525', '1692538474', '1760748501', '1455523233', '2583028934', '1214705828']"
"['1970280249', '3460943937', '2585489723', '3049800545', '3488268059', '1894552972', '2045825171', '503201017']","['1970280249', '3460943937', '2585489723', '3049800545', '3488268059', '1894552972', '2045825171', '503201017']",1.0,7,"['1970280249', '3460943937', '2585489723', '3049800545', '3488268059', '1894552972', '207851905', '2045825171', '503201017', '4103147944']"
[],[],0.0,0,"['554145184', '3052470722', '1987215527', '943972976', '1336726193', '4040970691', '2437584582', '465909129', '643091321', '460013633', '323742690', '2818241246', '168511202']"
[],[],0.0,0,"['2521587543', '1816586113', '685460314', '873932823', '313230167', '2571782907', '737138717', '939697717', '784109226', '913102927', '1849084264', '2602625616', '2937587635', '1627485374', '902436064']"
[],[],0.0,0,"['37083165', '786171268', '1393294701', '1187608832', '1741160660', '1753177220', '1389453720', '186756337', '1812739932', '76271145', '1405323182', '2305992471', '391932195', '2431875614', '626691621', '515311894', '3429300585', '2236386460', '1973803481', '165734280', '2436127763', '815068121', '773144420', '2687611607', '58638385', '2188314202', '1604849228', '1120754862', '1243957800', '47198305', '887461900', '1768330315', '1032039984', '493277335', '2566187281', '835543240', '1366107631', '1346876733', '3404829451', '1263755593', '2216470069', '1404714020', '408196722', '892876204', '731176310', '942287260', '2795652675', '2041394582', '2327720501', '1885172126', '1861095740', '1388357601', '2491899621', '657512016', '2717704825', '678290078', '1801942929', '114506075', '564599967', '472009927', '2856702431', '3444042222', '2470464181', '132358043', '1674405804', '2855603217', '1412042283', '3340618475', '2536229800', '197066806', '1461656405', '1885590149', '918437433', '2419381400', '2903261836', '1558941580', '2496798961', '90779183', '1817448685', '2441567201', '2537176421', '1986113608', '707725499', '872984540', '1089980714', '656096137', '38940858', '1262111116', '239084268', '3474062865', '1435844063', '842418826', '1902552960', '1837148931', '3671082390', '917264710', '2597737714', '1799924057', '267022303', '2366179217', '2020277794']"
[],[],0.0,0,"['1790868988', '1466823602', '1665739624', '1084720612', '472415760', '1186544542', '2164933702', '176594894', '103948180', '2479055140', '2355303167', '2794983911', '3150632337', '2093169884', '2994372901', '2204901868', '1531724938', '648808537', '1695581717', '147538215', '2162461896', '1734866474', '3467675023', '2959062600', '697477130', '2113150568', '1247901199', '815453610', '345311955', '1392989545', '2493488005', '1358308332', '2577295740', '2188357280', '2458452949', '2017290856', '258919854', '1721545531', '2731465425', '1700463112', '1996883639', '304826687', '1678323816', '1623050614', '2452876826', '2405357676', '1761577972', '2496460128', '421546410', '1074540298', '778107789', '389956435', '1227893432', '3617749711', '4018912690', '642014201', '3756451042', '562776541', '2217001729', '3043780194', '4160488643', '95194540', '3391040819', '115184599', '1051129623', '636687887', '2255075523', '792813266', '829017826', '3405613448', '1032884241', '2049165334', '4122006838', '1289135269', '311764560', '2328270033', '1631997480', '666525372', '788925666', '3393582239', '981687897', '2526829005', '2567229121', '777202723', '3418524562', '3312956958', '2834517439', '2042314763', '1862750373', '2095015220', '385810888', '198921119', '544991177']"
[],[],0.0,0,"['2271677617', '1553051229', '3318562301', '2233925013', '2003651606', '199071660', '2671761318', '2161969863', '425340520', '1402817708', '1621142130', '1758313469']"
"['2431090615', '2624842452', '1536627937', '1386185691', '896972094', '3628115387', '2308271311', '2857898036', '2097447143']","['2431090615', '2624842452', '1536627937', '1386185691', '896972094', '3628115387', '2308271311', '2857898036', '2097447143']",1.0,3,"['2431090615', '294687812', '2624842452', '405863709', '2529816012', '1821189265', '1536627937', '2893778261', '1386185691', '4031957400', '2972304803', '1811605875', '896972094', '3628115387', '2308271311', '782170482', '2857898036', '129287021', '4008712245', '1477449830', '343841291', '2564429981', '2097447143', '857940980']"
"['1964175822', '2661938345', '4008711589', '3745740237', '778151606', '136519610', '4056716100', '1137350588', '1953124770', '4057573804', '247812202', '2566506467', '2283281234', '2319990223', '582857063', '4153829969', '534246979', '3391900091', '1105708285', '4059195058', '4103442719']","['1964175822', '2661938345', '4008711589', '3745740237', '778151606', '136519610', '4056716100', '1137350588', '1953124770', '4057573804', '247812202', '2566506467', '2283281234', '2319990223', '582857063', '927596235', '4153829969', '534246979', '3391900091', '1105708285', '2435266083', '4059195058', '605795266', '4103442719']",0.875,6,"['1964175822', '575338257', '263997387', '2661938345', '4008711589', '2730173937', '3745740237', '3177934662', '778151606', '136519610', '4056716100', '1137350588', '1953124770', '4057573804', '247812202', '2566506467', '2283281234', '1347403916', '2319990223', '582857063', '927596235', '2149712659', '3318336476', '4153829969', '534246979', '529467047', '3391900091', '1105708285', '2435266083', '1960115294', '4059195058', '605795266', '4103442719']"
"['4082287051', '2423146364', '4009690588', '4058119016', '2040839649', '941339687', '1891261398']","['4082287051', '2423146364', '4009690588', '4058119016', '2040839649', '941339687', '1891261398']",1.0,6,"['4082287051', '2423146364', '2046397376', '171495632', '1978744292', '1548767531', '3604608008', '933573291', '684058587', '601817213', '2171820209', '1500559742', '3344856616', '459671729', '3144292793', '752086961', '1802289557', '4089253548', '2983934457', '2615617177', '3641464752', '572023707', '1162932974', '4021051297', '1095177619', '197131881', '419107986', '85426283', '1762003919', '166877353', '2151910421', '1211503570', '407075799', '3789188804', '320321335', '492790206', '2856538314', '2620468631', '1142057255', '2090450385', '484177906', '2006427261', '3629238601', '4009690588', '1996572740', '1356282864', '2860442338', '1179205253', '1115684537', '2001774180', '54027453', '4058119016', '1538047774', '2040839649', '434377320', '3174162280', '941339687', '1114425895', '3674043738', '2825560617', '1724199694', '2056113495', '2109020930', '1142316954', '2622122871', '1624372513', '3136220080', '2497986605', '4008898971', '99445453', '2225576021', '3633801708', '2587830132', '2890298018', '1637967529', '3444446592', '1346449101', '1276848525', '2221048779', '1957542013', '3645197040', '1388345819', '2298601408', '51370144', '3309863122', '1628536508', '210110884', '2996210523', '3346594134', '3351571463', '3337133502', '2228486713', '1454686660', '1638170197', '1100133657', '358405477', '1891261398', '1247940027', '861135257', '4139698155', '1579292740']"
"['1920155054', '396798407', '875967766', '1483341915', '2053348186', '2124203487', '740741497', '1266321447']","['1920155054', '2053348186', '1266321447']",0.375,5,"['1920155054', '2056444154', '1259747990', '396798407', '189367619', '3716724145', '1594862914', '97359430', '354002595', '141209479', '463180352', '875967766', '806696927', '1483341915', '338554216', '2839740453', '1450296802', '1424172405', '2336264361', '3681645376', '1792849610', '2340678851', '2053024089', '2053348186', '1523199844', '1220300259', '2124203487', '876234011', '2701790908', '3168140315', '797364712', '740741497', '800097870', '1676902900', '2750922161', '182244998', '1479034407', '1758352926', '1140847281', '1266321447', '2485278713', '357232646', '2142291963', '2169993409', '2406259900', '1557148240', '1559147263']"
[],[],0.0,0,"['1174471315', '1242301880', '2485665530', '1407603041', '1779155640', '961477218', '605423830', '707673725', '2302878303', '623210066', '1371098281', '3313254396', '1306422868', '2151238306', '1871156805', '311486541', '818696371', '2377183623', '1248206463', '819458821', '1548445402', '1037009530', '2453445135', '978730306', '661453780', '23885242', '1408425162', '204498880', '2576324940', '2282681124']"
"['3492400388', '3166319218', '3739483206', '1242873245', '4008856083']","['3492400388', '3166319218', '3739483206', '1242873245', '4008856083']",1.0,8,"['3492400388', '640542105', '3166319218', '3739483206', '3100598884', '772568000', '2438607624', '1242873245', '913597480', '2375501460', '1493768329', '889903891', '4008856083']"
[],[],0.0,0,"['2663492200', '16238335', '503577160', '605221480', '414604280', '2672173042', '32222925', '421399520', '849777833', '436687935', '64142885', '2557531943', '3189048872', '4026130680', '110894331', '3309466670', '1915221339', '1041561943', '2647897714', '735797479', '1018933324', '3416741646', '954035416', '2144707260', '1013313330', '3642321053', '1766119180', '3123108625', '2293527064', '1856947600', '1477902302', '2370939301', '1467692106', '3746950239', '2006058844', '1816479664', '954945744', '2088238084', '2536715180', '2586816233', '127822064', '1556568763', '2198555429', '2333119067', '2347277360', '2544255833', '2192806944', '842664405', '681145523', '1098488162', '1305215494', '690057025', '2857704036', '815106961', '1865650696', '71837105', '1439549842', '1206085941', '1098678961', '1683820737', '15020235', '1014873855', '973033000', '2954333344', '2309164412', '1668509468', '423129419', '2755171583', '898163449', '1077931233', '2156335466', '952769093', '2263823307', '2060956825', '3479746716', '2217283540', '963394434', '2773229102', '3326525735', '2298482810', '1545586569', '3606730188', '2694440029', '18964685', '31685165', '1838674324', '3421563177']"
"['2035591031', '853327235', '1154454592', '2440515022', '749387222', '3130465569', '3322943250', '4076926200', '2484964448', '2834486947', '3760508015', '2624581851', '4099749145', '4012573706', '266775395', '4006491072', '4099290088', '1049502296', '3312708527', '4081565691', '610398641', '1256206265', '1464932666', '1775969391', '2943661554', '4121618527', '2626973612', '2718444967', '2984697957', '4003572946', '2867730754', '708634053', '216200482', '4079249681', '4085669066', '191395353', '555061277', '2224590949']","['2035591031', '853327235', '1154454592', '2440515022', '749387222', '3130465569', '3322943250', '4076926200', '2484964448', '2834486947', '3760508015', '2624581851', '4099749145', '4028703904', '266775395', '4006491072', '4099290088', '1049502296', '4081565691', '610398641', '1256206265', '1464932666', '1775969391', '2943661554', '4121618527', '2626973612', '1280054516', '2718444967', '2984697957', '4003572946', '2867730754', '2814864169', '708634053', '216200482', '4079249681', '4085669066', '191395353', '555061277', '2224590949']",0.8780487775802612,5,"['2035591031', '853327235', '2707927380', '1154454592', '2440515022', '749387222', '3130465569', '3322943250', '4076926200', '2484964448', '2768393450', '2371384030', '363715309', '2834486947', '3760508015', '968803311', '2624581851', '4099749145', '4028703904', '4137862640', '4012573706', '266775395', '1805430041', '4006491072', '4099290088', '712568317', '1049502296', '288911001', '2285471248', '272215655', '3312708527', '275238375', '2643057881', '136861915', '1258285060', '1098780770', '1833377681', '446626021', '4081565691', '3650915308', '4060002076', '610398641', '1256206265', '504091497', '4016087057', '663971396', '2222592217', '1991504533', '955874433', '1464932666', '2683273935', '1775969391', '2943661554', '4121618527', '2626973612', '1280054516', '1713933827', '2718444967', '1424695050', '1145372121', '2984697957', '4003572946', '3610614644', '1738609966', '2867730754', '385800682', '1392074011', '1971767064', '2207796228', '2925344655', '2414513626', '188759703', '484953545', '56170842', '2814864169', '361444985', '708634053', '1319923417', '2364923871', '216200482', '4079249681', '4085669066', '191395353', '555061277', '2224590949', '290419196', '3606834977', '4007522377', '2512807815']"
[],[],0.0,0,"['1244679817', '2475931007', '2798611680', '2273353913', '1899113442', '786262010', '2469262927', '1965041877', '2682289613', '934798144', '2490903962', '2032634964', '1401768867', '1767048518', '1379150917', '3478698887', '3494361425', '1269779964', '1595729761', '625099630', '260816037', '1833250169', '2877350362', '1822362559', '951347218']"
"['1048478787', '1500936489', '1471797679', '2422734278', '3116436302', '1476946866', '2456133909', '2074023949', '4000875181', '1337550450', '3115034599', '787425034']","['1048478787', '1500936489', '1471797679', '2422734278', '3116436302', '1476946866', '2456133909', '2074023949', '1137233495', '4000875181', '1337550450', '3115034599', '787425034']",0.9230769276618958,3,"['1048478787', '2418561462', '687248672', '1500936489', '2079915164', '1690338408', '1471797679', '2422734278', '1199392830', '3116436302', '1735329377', '1593848391', '721735522', '1476946866', '2456133909', '630921737', '734152872', '2074023949', '1137233495', '3181078183', '1321909274', '1576366927', '1636398192', '4000875181', '3387604970', '1337550450', '1190061570', '3443571023', '294573156', '1588541180', '3115034599', '787425034', '1633265554', '1565628577', '190079285', '1377330119', '1641165244', '1954795955']"
[],[],0.0,0,"['1076679820', '1606580336', '2541656103', '792160209', '879272801', '965075310', '2183795145', '1202280200', '1286305831', '817588332', '236160910', '2315461359', '1606743416', '3626360409', '1789252848', '3689204885', '2360555427', '1496531701', '2546182022', '1997772769', '603981838', '2375792156', '296328596', '1088899244', '390090487', '2302243939', '2665324832', '1682848110', '1587357335', '4080772460', '1229393244', '374613089', '3760081246', '2316527618', '1164153267', '613479821', '438218495', '2477053725', '2463523937', '2683393521', '927456648', '2136825287', '2299010613', '2109645874', '1404871169', '2985013573', '2205251677', '2047000661', '2293500774', '3788580616', '470362527', '1294895000', '31702967', '2731183903', '2089417234', '2184360294', '1921077234', '2753937181', '2436930327', '2271653617', '2024598121', '2930570614', '910097281', '1727071435', '2747552560', '2452703983', '1901946543', '127896347', '1869118118', '2847943362', '331418690', '1817283302', '467495337', '1911037631', '1383370552', '1328028935', '724250266', '2802838026', '250341395', '1015220206', '2290100223', '1416742338', '512521340', '689135662', '1856357404', '2127577857', '2308097641', '585355621', '2915879532', '2054263276', '2324814481', '80811655', '2970906432', '1183503414', '1565657283', '1638483200', '41641244', '2004524521', '101098194', '678169524', '2818957660']"
"['2382474923', '3469293689', '1438322291', '2381484018', '1910094591', '4048516969', '1041432112', '2296660945']","['2382474923', '3469293689', '1438322291', '2381484018', '1910094591', '4048516969', '1041432112', '2296660945']",1.0,4,"['2382474923', '2495330154', '3469293689', '1438322291', '3376620910', '2381484018', '1910094591', '4048516969', '1041432112', '2387692086', '2296660945', '2331943614']"
"['525299888', '3762019030', '3352890163', '1832300982', '1422374759']",[],0.0,2,"['525299888', '2798610433', '3762019030', '3352890163', '1832300982', '3616852785', '442049258', '147255185', '1422374759']"
[],[],0.0,0,"['1832483731', '3763405434', '2788720361', '3103216491', '1613588262', '1272177418', '2715956420', '1004159659', '1152040741', '2780804552', '2873131414', '1805160782']"
"['2341166714', '167412367', '2975989761', '3616743612', '2284460988']","['2341166714', '992092297', '2975989761', '3616743612']",0.5,3,"['2341166714', '167412367', '992092297', '2975989761', '3616743612', '2284460988']"
"['2918674879', '1140023971', '1558413077', '3779588435', '1106815294', '321464390', '3379937229', '2442260915', '553713864']","['2918674879', '1140023971', '1558413077', '3779588435', '1106815294', '321464390', '3379937229', '2442260915', '553713864', '725498492']",0.8999999761581421,5,"['2918674879', '1140023971', '1558413077', '132925125', '2343634193', '3779588435', '1106815294', '321464390', '1650672173', '734604829', '3379937229', '2442260915', '3706825628', '1846582201', '553713864', '269221370', '725498492']"
[],[],0.0,0,"['28181724', '2875610926', '1667087015', '23912405', '1231964863', '612488202', '3365755610', '1561830522', '2886540629', '1489605701', '1121454822', '364397955', '1391767344', '2671795681', '1173604076', '276332787', '2421104579', '2068077403', '1341478399', '3161797992', '2763753066', '3034819672', '669225402', '2345294738', '241573109', '1887350267', '2537151028', '2295630802', '1970374417', '900218099', '2297713942', '497375735', '3043463702', '2435230108', '1392942737', '4020571754', '3705086421', '1823501716', '3769338402', '525491222', '1577627584', '3406280209', '2651781459', '2285144392', '1248993310', '905410223', '2720846309', '3157491629', '3100006377', '3747124606', '1268310230', '2211466116', '3110753956', '3638219468', '804738777', '1557535680', '3375686716', '1870260326', '584091174', '1810720239', '2366360875', '150868979', '3451171011', '3778867235', '1403084960', '1887667422', '925801638', '815462361', '3136189903', '94911575', '1948572909', '1221032501', '1765746218', '1505053306', '208564094', '3446768087', '3397601809', '2814181728', '1693311209', '810685013', '2668263562', '1398563805', '3680988230', '681282698', '2850105202', '2603700518', '930881811', '3504162369', '3774450137', '1114179382', '1850451517', '1516782276', '2001204496', '1263877983', '2220347625', '2414497330', '675607816', '2617830919', '2566291027', '2461677118', '876761208']"
"['1940940103', '3457816115', '2107430198', '1606112074', '1472335495']","['1940940103', '3457816115', '2107430198', '1606112074', '1472335495']",1.0,4,"['1940940103', '648727778', '3457816115', '2107430198', '1606112074', '1472335495', '3663611746', '1193166470', '2994389520', '2297818481', '466756076', '825065970', '1187084682', '872185238', '1040893047', '1521775425', '2540727118']"
"['2682587179', '2684932423', '2804546680', '668071916', '2171795367', '2984548163', '3362922841']","['2682587179', '2684932423', '2804546680', '668071916', '2171795367', '3362922841']",0.8571428656578064,7,"['1469935783', '1805378280', '2682587179', '2521443028', '2684932423', '4118177440', '1479254293', '2804546680', '4023316449', '668071916', '2189057034', '844828128', '1830447269', '630326011', '822955615', '2171795367', '1130386024', '3362216959', '36305750', '1354081872', '1002087064', '2256565592', '659599138', '2952174860', '1144481105', '3399283236', '759062081', '1804363438', '866817038', '1480068517', '2078627441', '1475259369', '608921844', '2943255581', '3618934003', '2264255860', '2162634783', '2474254834', '2282762412', '2191695543', '1633664878', '626751303', '1364823126', '3650434531', '3124131867', '3038146182', '1188047842', '1948081014', '818839012', '397138634', '918194621', '760143825', '2984548163', '2847666230', '1588121616', '1710069010', '2282455237', '1454334966', '2703021802', '2083625741', '1980800828', '3186346211', '1865339805', '1142363625', '1634661184', '3340030865', '3713266237', '3413898210', '377719797', '406270025', '2750191365', '914567496', '443567253', '2643125202', '1105447918', '651473597', '1285030863', '193853636', '1633124227', '1099529729', '3343142203', '2219271677', '39070079', '2774304625', '1624176368', '2341574140', '3362922841', '2140879771', '2083946501', '3186650287', '2682916436', '72939678', '2376563707', '1214167769', '491435124', '1661345713', '123708446', '2332303841', '1332537411', '563934822', '1501951927']"
"['614446257', '512806186', '2694717155', '1838594079', '1783497678']","['614446257', '512806186', '2694717155', '1838594079', '1783497678']",1.0,6,"['614446257', '1864855237', '512806186', '303685058', '2694717155', '1838594079', '432815429', '1783497678', '2849098564', '1783537491']"
"['934346630', '2818440068', '3644266287', '1044619201', '1792937694', '2475926902', '1391544075', '1362423467', '1989901570']","['934346630', '2818440068', '3644266287', '1044619201', '1792937694', '2475926902', '1391544075', '1362423467', '1989901570']",1.0,8,"['934346630', '3382836891', '769119229', '2818440068', '3644266287', '1044619201', '1792937694', '2475926902', '1391544075', '4075638971', '1362423467', '1989901570']"
"['667806515', '3708604911', '1611811551', '1431992558', '595698359']","['667806515', '3708604911', '1611811551', '1431992558', '595698359']",1.0,2,"['667806515', '832316211', '3708604911', '2877477241', '1611811551', '2758767115', '2683914863', '2009470432', '3308531876', '183922336', '2793261863', '672018931', '499914824', '279259595', '1431992558', '1907865061', '1765091235', '892277278', '1408769635', '2155055429', '1172596202', '2095903433', '2282344355', '3331007520', '620376620', '595698359', '1142713301', '1426629218', '595993993', '2925017705', '2473993924', '1194104686', '1703301209', '1099467189', '2803533604', '2384420818', '123900330', '1648058760', '777601763', '1997190743', '221809625', '2895638969', '1681910904', '1035537941', '127258715', '2307194840', '370266360', '2852984613', '1693013377', '886140206', '1344130640', '1726706032', '2280174209', '837918539', '2165091872', '3452714964', '595093689', '1332404301', '506734942', '322446655', '1038734771', '2585309125', '514323800', '2555099119', '1518296831', '1930765442', '2125625333', '2230676722', '1503928580', '1850831225', '606557519', '1571718996', '439060574', '597012634', '2445113881', '1269682019', '2687717421', '6161695', '340205644', '2300146634', '2360435134', '1807773622', '4122305452']"
"['1872223635', '866619739', '1601418934', '1657804195', '2525083215', '1276358462', '1590305215', '4080617454', '2234161959', '1498613058', '3067180044', '635138883', '723192829', '349251249', '513277088', '773288166', '3722501946', '4135885949', '2171452762', '159160461', '4030305145', '548096897', '662246826', '440176034']","['1872223635', '866619739', '1601418934', '1657804195', '2525083215', '1276358462', '1590305215', '4080617454', '2234161959', '1498613058', '3067180044', '723192829', '349251249', '513277088', '773288166', '3722501946', '4135885949', '2171452762', '159160461', '4030305145', '548096897', '440176034']",0.9166666865348816,6,"['1872223635', '866619739', '2323716321', '1601418934', '1657804195', '2525083215', '1276358462', '1590305215', '4080617454', '418618126', '2234161959', '1498613058', '3067180044', '635138883', '723192829', '349251249', '105118063', '868307611', '513277088', '773288166', '3722501946', '1592085415', '4135885949', '2171452762', '41966845', '556684040', '159160461', '3709971729', '4030305145', '548096897', '2637154661', '662246826', '440176034']"
[],[],0.0,0,"['1748535633', '1715439521', '3684248633', '1595997713', '1795831172', '3640187886', '231315315', '714320822', '161104870', '606668637', '564474517', '2082687398', '1285954749', '1929732133', '1663141673', '2350984094', '121411253', '1466220922', '1307991728', '826267318', '626419961', '2374962810', '23855480', '3035018135', '1923452073', '2907504443', '910717869', '1393353269', '3300583033', '3471385116', '382665361', '3475703858', '3667989713', '454271863', '319804665', '3666800675', '3374444291', '1125342885', '963228468', '3760757604', '2524921215', '1718258170', '2170165360', '3142169205', '466363419', '1426866693', '3641309013', '440684046', '2541728418', '92038431', '302107645', '1418352597', '1079120497', '1679176875', '2252416969', '3303422862', '1481999906', '289484531', '2542648230', '3393678750', '958593025', '3404611127', '2450268969', '3056033513', '840348267', '267650826', '3637824692', '4034394640', '2365143479', '315922990', '1770400593', '2688972719', '3167998425', '47328184', '2897832456', '1041109433', '1020596224', '3655731368', '1825309377', '1195174529', '1672146951', '959750208', '3340457366', '308726965', '1544396937', '3724140513', '1999599208', '1054185221', '3334940266', '1518549514', '1039779582', '3325049379', '2931160422', '2075316621', '1120244155', '1617166697', '1153631392', '2174006963', '404278513', '1713954490', '583827236']"
[],[],0.0,0,"['600781206', '2419581536', '547364494', '2064257369', '840776623', '394449305', '327169235', '2375513726', '2715826533', '3130734592', '1808707613', '3431851564', '1528527740', '2706342227', '942931297', '2218401244', '664214872', '305466627', '1445021430', '879699929', '2278806826', '2022196434', '2143886361', '2675224024', '701116981', '764020282', '3574481', '1612653580', '2836354112', '1076800242', '421493087', '1610500218', '2131053483', '976385163', '1392660519', '2165329262', '2334371701', '2965128730', '971459922', '1980719139', '3324103088', '1997136768', '2677212719', '1743856264', '2768006566', '977674729', '967619522', '417319694', '4016723481', '3381978951', '650328719', '2832322660', '2209276341', '1184062713', '190048421', '2102418430', '1206281290', '1652623513', '3350339148', '1572814322', '2785717304', '2340502181', '2467746340', '2131824571', '959219132', '2058188855', '2005025270', '1341702944', '3173778337', '1704799346', '3431025717', '1834700438', '2630262460', '2966278627', '2206300827', '3354082139', '1760584710', '870355560', '1364828601', '400677038', '2375646818', '858385043', '114202097', '881841993', '438773903', '4002087419', '3131394264', '2171325967', '1780489028', '1802047071', '930030806', '788441839', '1295317530']"
[],[],0.0,0,"['1225359667', '688473811', '909821737', '240213687', '1138975949', '337997250', '365058586', '543271789', '3325175597', '2269877110', '995948510', '534761524', '506426039', '178432343', '358939190', '3343057000', '2916778128', '1098077481', '1085621390', '204064986', '1882575418', '1526236155', '393367246', '3371607779', '303299645', '50074158', '2032661031', '1421303861', '3632117633', '1076694242', '2347183962', '982257273', '1814744472', '2267981982', '644015158', '3673752513', '803956953', '753387724', '3175596368', '2766634233', '2561913256', '45187806', '3405595083', '1909780255', '736850979', '3481710327', '472448525', '990977013', '597309436', '137605765', '2356818795', '62671006', '1020213870', '2953539482', '91132727', '934999377', '919759009', '2103104231', '1014438126', '2507891002', '898226012', '136915354', '194480436', '325035330', '3687804055', '1799300661', '1222862784', '1641272075', '996071077', '1638549783', '1101359746', '3161129821', '1792555386', '2647640216', '1378219168', '264031997', '2126815024', '1078134213', '3417025245', '1350480313', '3038615925', '657913017', '2541584132', '1889941599', '2505197714', '4114919117', '73538340', '2089327425', '385828256', '1892604077', '3034774805', '3386585160', '2909730280', '1215405980', '833644739', '1556289074', '3476090514', '2339999501', '122361838', '1673516617', '2020706941']"
[],[],0.0,0,"['1343777925', '1437824933', '1241015822', '567745988', '2837326605', '3066789139', '2860042232', '1332586603', '1678994915', '2284894639', '1930626286', '2169019707', '116672148', '342233585', '633594263', '390927489', '3635918121', '37532585', '1217623960', '1382653107', '1324429239', '2334294702', '48336966', '1247476341', '973131910', '3620430335', '2237076536', '3150048385', '1050294163', '2314125982', '1860634741', '888128912', '306387327', '2600413521', '2125684821', '3363155991', '1214033319', '2340961336', '1649969085', '2148176731', '422518442', '101790', '623609413', '3386098892', '3304223868', '2733642612', '1183767723', '3438734492', '2204225960', '1855558662', '2036977130', '2430951879', '1856242629', '2539577536', '3053776614', '2516640526', '2564420461', '425627069', '759321642', '2321211933', '1661771963', '637563901', '2890713782', '912641445', '870927350', '922842340', '1377588460', '1696217790', '3400229303', '929454881', '1114429063', '8569163', '2341311940', '447160400', '1782286775', '2839425730', '998223407', '3353589272', '1794495913', '2890708680', '19786315', '1146487904', '2519123329', '1932912768', '1154082443', '840067580', '1578701284', '293928575', '883901288', '2881120501', '60062707']"
[],[],0.0,0,"['2787245782', '1369683126', '2775600533', '1060054830', '417681146', '3402041078', '1790353622', '1068800343', '1463586243', '702251042', '3696497848', '1149224879', '1234606125', '3044625544', '2864548868', '358777097', '3178029441', '2922142481', '848083960', '2961954732', '2718280803', '1277124008', '1100328657', '491187501', '3436950720', '1433524913', '879534820', '1070174812', '1691045702', '2784913480', '2429225118', '2813516617', '2828495220', '2036933918', '2278020925', '1206036129', '2189092962', '1466918464', '435410683', '2600959481', '2404262083', '2515415064', '1001779712', '2751989063', '1353317260', '920694529', '2798027017', '1427704443', '2856249538', '832398381', '3464139363', '1419390772', '1141703480', '2129471482', '3335646553', '1825862363', '1176620332', '967012412', '1380720324', '1328457398', '2565936634', '2942209318', '349592115', '2252678349', '1600197409', '751419165', '924332060', '1314531842', '2011980357', '1604639380', '258192050', '1844108632', '3130136714', '2526911333', '2010321723', '1784370729', '2355100806', '2106243763', '1361215327', '2539539111', '2707719612', '1283057213', '1855717688', '550376812', '1888157481', '3725103948', '1166119721', '1436169042', '2015242308', '2319988163', '1992988921', '1944664920', '1989233902', '2377179679', '960591538', '17011922', '1218401914', '71448834', '368968135', '2067458368', '2784600337']"
"['3158661332', '433236175', '3792909044', '1151383525', '4115087046', '3682964224', '4014913423', '2317049084', '4034519002', '4062336142', '3056412608']","['3158661332', '433236175', '3792909044', '1151383525', '4115087046', '3682964224', '4014913423', '2317049084', '4034519002', '4062336142', '3056412608']",1.0,2,"['3158661332', '920496310', '433236175', '3792909044', '337071725', '1151383525', '71108582', '589793210', '4115087046', '3682964224', '413467205', '2027993871', '1965450167', '2767142701', '1901854255', '2902246440', '1799244753', '226683787', '4014913423', '2873060260', '626454184', '2879839951', '1449325443', '3393349773', '1058494969', '1219372852', '813253899', '2317049084', '4034519002', '3675461891', '1795916316', '4062336142', '3472990822', '663726265', '1406810593', '41444245', '3661472602', '816180866', '3394624920', '3056412608', '674167474', '3344350478', '1576536991']"
"['4041020109', '164200799', '4096126082', '1410823023', '1039191842', '709248433']","['4041020109', '164200799', '4096126082', '1410823023', '1039191842', '709248433', '3605731478']",0.8571428656578064,8,"['4041020109', '1393678109', '164200799', '4096126082', '1410823023', '1351122492', '1039191842', '1925949561', '1887833929', '709248433', '2477465340', '3605731478']"
"['51525469', '896957475', '2360733773', '505660330', '2126024160', '1776799554', '596298616', '717893344', '340746876']","['51525469', '896957475', '2360733773', '505660330', '2126024160', '1776799554', '596298616', '717893344', '340746876']",1.0,4,"['51525469', '896957475', '566116799', '2360733773', '505660330', '2126024160', '514566480', '3458819958', '253735934', '2071644868', '1776799554', '1012597680', '300756015', '1103901840', '596298616', '717893344', '340746876']"
"['4036178868', '1292861404', '2350032533', '1606044071', '589212471', '1092800996', '4160464747']","['4036178868', '1292861404', '2350032533', '1606044071', '589212471', '1092800996', '4160464747']",1.0,6,"['4036178868', '1292861404', '1543458117', '3707418630', '935658222', '2350032533', '1606044071', '589212471', '1092800996', '1637186782', '632710095', '137739638', '2523906582', '1383915747', '1264082591', '2018598344', '4160464747']"
[],[],0.0,0,"['1832654428', '3679930419', '1687042967', '136603152', '2549605200', '2207874029', '2254041165', '2217103974', '945666667', '2533607533', '64974637', '1176976339', '361983824', '2102604615', '1663660631', '2284644833', '2208353581', '288046734', '1315276882', '217927748', '2831585927', '668500011', '788122274', '779698807', '2000208470', '2113216374', '2368836724', '1852545536', '909364435']"
"['1883860234', '1125689366', '1144908867', '768049242', '3180034755', '2714797518', '2374939632', '2872145608', '429855645', '3423821976', '3732672430', '2052032052', '1050263776', '4120394434']","['1883860234', '1125689366', '1144908867', '768049242', '3180034755', '2374939632', '2872145608', '429855645', '3423821976', '3732672430', '2052032052', '1050263776', '4120394434']",0.9285714030265808,4,"['1883860234', '1125689366', '1700047910', '1290293681', '1144908867', '1924301374', '2210517021', '76549465', '768049242', '828427391', '3180034755', '1729321713', '3123953520', '539516718', '1029997527', '2714797518', '2374939632', '2372013522', '1834761974', '2757042061', '2872145608', '3308536466', '2653666414', '3791041002', '770952070', '3454351250', '176884571', '3364950556', '429855645', '355847952', '36794345', '3447459947', '1563499720', '298963600', '2058822480', '3423821976', '972956281', '3732672430', '1437284761', '3799820131', '144535478', '1699680061', '2131376874', '2052032052', '3176496324', '2476340766', '204950023', '2936932418', '216879198', '2500738036', '2979201281', '550570641', '1443947896', '837361320', '1050263776', '2249289661', '2539881738', '4028103735', '2755839139', '1025628548', '40588938', '775291232', '656614380', '3390531787', '2056879740', '4120394434', '1096621131', '739108115', '2880353736', '485477011', '2097872199', '2629299600', '1298837771', '225306548', '1859207310', '957195678', '1920217999', '952003521', '1713952464', '2080639605', '2449927880', '2431257344', '3160424936', '33388128', '3343460846', '590546137', '155253525', '1604364007', '2336072017', '3794183008', '3404050836', '2284970227', '1472705939', '1414470781', '289183073', '967249261', '2986062141', '598126958', '2750808239', '4121097950', '3059056537']"
"['2603303911', '1960482063', '2264822275', '382142106', '3474584827']","['2603303911', '1960482063', '2264822275', '382142106', '3474584827']",1.0,4,"['2603303911', '275126799', '1557955300', '2444634140', '2979100340', '1960482063', '1965395501', '2846543522', '1953856814', '3166151332', '1634916842', '2094049307', '2813508581', '2264822275', '691049112', '2365074481', '2271764240', '1621862520', '382142106', '1317313541', '603122062', '3474584827', '2188263731', '1667753040', '1375232375']"
[],[],0.0,0,"['3335849088', '1151945004', '2176056741', '2750705', '232426582', '2992021760', '2148438220', '1825497761', '98119520', '2965244111', '249614591', '712106109', '344400325', '2161390333', '2299118507', '2090936809', '1371235240', '104755939', '1981609201', '332873475', '1749884622', '2724415344']"
"['2594363977', '1305191807', '4079984081', '4127410540', '39876107', '1743870837', '1003507238', '4022915731']","['2594363977', '684737174', '1305191807', '4079984081', '39876107', '1743870837', '1003507238', '4022915731']",0.7777777910232544,5,"['2594363977', '2028502753', '2047365984', '1872983710', '2172634523', '1259794730', '2986017140', '516944818', '300302986', '819703547', '1727925902', '2505432710', '684737174', '391229369', '1336897900', '2359997105', '3387483833', '1637186533', '776231299', '1299236147', '2462837534', '1945873942', '1305191807', '1477639556', '4043852222', '1244725316', '1968066443', '657456229', '1290741201', '4079984081', '502154650', '2158046564', '344574093', '4127410540', '2345786330', '2231189677', '2689824045', '2209951884', '1951154360', '39876107', '1208217679', '1425976025', '286784527', '1325234357', '2982475443', '1073873971', '210878527', '641786322', '3426103194', '1743870837', '846760702', '3115872087', '1093817569', '1224577055', '257694772', '3473230368', '133531037', '2920500652', '3326286909', '1003507238', '1123181174', '4022915731', '1393816667']"
[],[],0.0,0,"['4043117510', '325904299', '462735774', '2379361994', '2258543735', '1428295700', '1403639898']"
[],[],0.0,0,"['3664854363', '2546902060', '1304875700', '461598695', '3173158703', '3042129519', '1060054380', '1545870421', '132059925', '1953601323', '2175407121', '541549898', '1325455002', '801574497', '2151220479', '2615521771', '3441302043', '2572076760', '2064274142', '1425118258', '567376180', '2952210736', '308103151', '825022078', '702813613', '1882690332', '2710542821', '2699789936', '1662128827', '3697619731', '3153590713', '2361698490', '1296382021']"
[],[],0.0,0,"['1270279018', '1033283477', '2188711932', '2704338108', '2352659762', '938099736', '507672837', '3377514763', '1333576719', '2830642921', '335982915', '1717563941', '1083587835', '1775830227', '1147427113', '1278006267', '1179307011', '2896207662', '1440188257', '4001610830', '2514613964', '1743540382', '924069878', '2361510996', '1020451540', '2538462908', '685374725', '2011314461', '1329014566', '1192488664', '1687688606', '1016075636', '3678375048', '2220232621', '3038642344', '2679543710', '1557102080', '3324573238', '1836233673', '2022422630', '433429559', '1236294842', '824906560', '1270443404']"
"['3441561874', '2120222288', '116775216', '2329634983', '2297386654', '1974566140', '635439023', '379981781', '789473408']","['3441561874', '2120222288', '116775216', '2329634983', '2297386654', '1974566140', '635439023', '379981781', '789473408']",1.0,3,"['3441561874', '2120222288', '116775216', '2563916084', '1139011292', '2329634983', '1728586248', '866276956', '821138817', '2297386654', '3466307250', '1974566140', '176672066', '2799325712', '1332093947', '2905714762', '1679266617', '1763609448', '2335775941', '635439023', '379981781', '4057996133', '3333964322', '1200910062', '3432596860', '2413709915', '3749232707', '2300276943', '2197447361', '754195755', '2221739751', '2489314122', '1416657749', '789473408', '1811472085', '3701965246', '2566503210', '448128056', '4082547184', '162130146', '3388353544', '4075595749', '246763637', '1324608546', '1862416884', '2931393363', '3772436833', '1138876740', '1508692891', '2441796675', '1493183896', '937333894', '1072967752', '614211943', '2075660997', '1075103355', '1758134569']"
[],[],0.0,0,"['657692064', '2403257720', '744508840', '2293026202', '2583116206', '1730577161', '1598103218', '2028116774', '2091279003', '819060961', '2421269932', '2114789520', '2322735833', '63941323', '4049285271', '1721093990', '1462243405', '764908304', '2382427725', '2933278834', '3171384180', '1765746005', '2726768636', '976000714', '1073242960', '1176130059', '2678628428', '55815915', '3174039886', '2249454743', '342987483', '513327390', '1663868540', '2109151906', '1151340226', '2659574952', '7118845', '357215183']"
[],[],0.0,0,"['1509890282', '58635560', '2270558801', '973050381', '2096894546', '1655988871', '2814752649', '2007949591', '2583845660', '3644081541']"
[],[],0.0,0,"['1765172243', '357349835', '1210911600', '2702409860', '2243605600', '2550818682', '1678709207', '725941336', '1418171343', '1299371543', '2702941074', '421495310', '77130555', '352151715', '2148247274', '822107740', '732117433', '2779949641', '1934795314', '2188619244', '2973944175', '3443014738', '1759367817', '728743569', '1473694459', '1816776724', '1521262230', '2487806929', '1436582341', '981090729', '1087347805', '158127569', '668896841', '482828855', '112058775', '305178784', '2723335473', '295628830', '3757171246', '2859290304', '709325499', '531804825', '3304381093', '2051325736', '767734001', '1473865000', '2674524140', '751016374', '2681703825', '583174465', '2060099073', '1346180529', '2091290209', '1150428831', '2106587004', '2519162830']"
[],[],0.0,0,"['427828407', '1549517432', '217560411', '2107195050', '2291034928', '2956120737', '1870680099', '1037730931', '630026378', '1863413543', '326127635', '2837016343', '631019320', '2623782133', '3313005380', '3043270038', '2344462235', '758733177', '2439345323', '368861870', '3165574676', '3326166925', '1670106328', '1263870715', '2231234800', '1082724084', '2607501431', '134281792', '162593475', '505484928', '2158030873', '1339366080', '1016699665', '2075770420', '1200947798', '2153080004', '65191055', '554849352', '2835168442', '972431803', '184632650', '1378794038', '2968202004', '434164230', '3623038034', '1856611541', '2146086783', '2980886006', '947245166', '3345633223', '555758896', '3669889403', '700259144', '2720016141', '209793548', '2090621132', '2512035541', '1118496236', '611797441', '2224444110', '2079593530', '1216004434', '1190067981', '89809009', '716443620', '453604109', '3483908609', '3032839488', '2744927020', '1360742018', '2344691522', '1754295178', '1030053440', '984020810', '2648729604', '4073076958', '269543985', '1046335488', '1024857874', '116768524', '670695583', '3420424899', '3694118056', '1333696318', '3737851612', '437534466', '1578035037', '1234164069', '473193124', '1617855441', '3683133539', '2571881220', '265538355', '3741951736', '759557169', '2374614908', '1393650902', '2879655540', '1677461242', '3378035599', '2640722120']"
"['4041974851', '4031974143', '2766790162', '4030698828', '2960961607', '4046698355', '4110465220', '4089261290', '1789993658']","['4041974851', '4031974143', '2766790162', '4030698828', '2960961607', '4046698355', '4110465220', '4089261290', '1789993658']",1.0,3,"['4041974851', '118061044', '4031974143', '2766790162', '4030698828', '578000672', '2960961607', '4046698355', '4110465220', '187837944', '1550663896', '221240875', '4089261290', '1789993658', '4114530162']"
[],[],0.0,0,"['3170458961', '3413617230', '2667310763', '3462461413', '972458933', '1583939930', '292426854', '2310008615', '1191045481', '1977408557']"
[],[],0.0,0,"['5345700', '695805724', '2826844082', '2681524934', '1890251672', '1729074977', '776758509', '159345905', '1508630329', '2848893511']"
[],[],0.0,0,"['3655505074', '758881316', '2063261566', '400709282', '2728261126', '2618326641', '3066053988', '286928357', '3133878410', '1744163300', '2428154118', '1481756380', '2623670920', '1734342921', '3797639722', '497550365', '1352237504', '1831321340', '2364011022', '2119386020', '1581239910', '2270275441', '2236740628', '812531412', '1125322222', '3698199414', '1177340036', '1866097783', '2273673331', '1223618102', '2225814103', '1311726325', '757021220', '1158592508', '1267378639', '3686730896', '955624387', '1991483577', '2945149320', '3316267084', '2778890263', '1949234166', '1078358000', '2662877434', '1814247480', '2633674139', '282819375', '2378578634', '3137495139', '1721073231', '3330826488', '1666980126', '1482888697', '3110472775', '1656360973', '923760438', '2319284723', '1287215512', '3046094329', '2482360322', '1282039874', '1700439164', '2195659609', '2466462329', '2435150118', '380522676', '917907844', '2537395540', '557260392', '654348116', '2540848180', '3683030290', '2617517404', '940739400', '1646360427', '1505725630', '1244049704', '408257220', '65185465', '4042409938', '2748224540', '3402276898', '1891651420', '1226406715', '1582128574', '1819102229', '3424912557', '3663106192', '432800017', '1169345356', '2709150539', '1440992700', '1744847694', '1294007041', '2750429037', '3605767439', '1012543883', '3422765607', '2695695952', '2291585398', '2240585621']"
[],[],0.0,0,"['3648757662', '400751404', '3117402315', '33188639', '1128636791', '3339178409']"
[],[],0.0,0,"['3113020037', '476690616', '2496081222', '1134979418', '315289932', '277951031', '1638329068', '1812066674', '3408128508', '3138258519', '503334869', '765025589', '3031085184', '5785715', '313198414', '528667730', '287280052', '789551716', '718167728', '720017564', '3729197943', '1564555530', '3415141345', '1117977166', '1332861099', '3489744544', '4156185022', '1526660981', '828435398', '3430442498', '3047243374', '740799850', '706753460', '1479645676', '2800874259', '1354405684', '535407723', '2991604401', '184936400', '3362076191', '780762822', '3699332399', '170121951', '185441511', '2750626135', '2973041682', '2139407691', '2493814367', '1820501182', '2008959125', '2209529695', '2537285701', '1098615864', '2039524023', '4042950323', '767620210', '980464326', '1418148001', '1261973062', '892783974', '887270754', '961659042', '2590629723', '2489205937', '240987496', '1388901819', '220287514', '2597352903', '3117193517', '3030739272', '1348889317', '1034495512', '1478847929', '1851690763', '444246544', '185034500', '2707073425', '1114234732', '102260302', '773720524', '780530239', '545586935', '2889589050', '187955809', '2173119737', '1861787520', '1285454876', '2657484539', '3687889679', '675203316', '506552183', '1885277572', '2767138907', '3040617631', '2491303741', '1658714521', '1662881207', '168853493', '4044865996', '23755432', '2984024934']"
"['1277945364', '1944198241', '408798538', '2098315491', '400268304', '125348236', '151071561', '2825792730', '4119361312', '4045757061', '2480633874', '998102893', '1972922831', '2805129982']","['1277945364', '1944198241', '2098315491', '400268304', '151071561', '4045757061', '2480633874', '998102893', '1972922831']",0.6428571343421936,2,"['1277945364', '1944198241', '408798538', '2001749415', '2098315491', '400268304', '125348236', '151071561', '1613758225', '2153630640', '78191593', '2361627741', '2135412123', '1724817982', '3305234276', '2928109183', '2137159721', '1383015861', '1855384042', '2825792730', '4119361312', '1941368401', '4045757061', '2315756705', '3413171597', '1484525123', '506786468', '2480633874', '3618679058', '1369334942', '998102893', '2931709106', '808069523', '2951690726', '1972922831', '2855409634', '2981078008', '3451279571', '218830593', '2754392026', '204178496', '1174277672', '289355682', '2664718211', '816734602', '2802719073', '1664830521', '1004505342', '3471971553', '1556801209', '2888382526', '4084234691', '2906491945', '3467342455', '1523083140', '3100585387', '1770147676', '2962516926', '2805129982', '3102246112', '3163187654', '1937423003', '401536407', '2936138600', '3353044392', '3704958905', '2700353681', '2986084325', '2324491035', '607782322', '3405003163', '3476165410', '1438405015', '2828864209', '2966192080', '3382082351', '933755332', '3360350037', '1344987258', '3317161795', '1440899224', '3400196637', '2343734218', '39944819', '2618522207', '2869884661', '3432629295', '6575185', '3398178701', '893833042', '2836309226', '27012195', '2741748703', '1349376480', '2346550869', '616624888', '2074166281', '2165013449', '2315495922', '2126659433', '1397579339']"
"['1468028427', '885653509', '4013558936', '3439401933', '4161558889', '449388958', '3370032679', '3646838299', '1462697782']","['1468028427', '4013558936', '2280925749', '3439401933', '4161558889', '449388958', '3370032679', '3646838299', '2883752151', '1462697782']",0.7272727489471436,7,"['1468028427', '885653509', '1124788602', '4013558936', '2280925749', '3439401933', '4161558889', '449388958', '3370032679', '3646838299', '2883752151', '3466894083', '2139489773', '2497726711', '1462697782', '2790644376', '377941585', '1763765596', '2989272945', '1618017042', '2970668327']"
[],[],0.0,0,"['2369539361', '2274750860', '363041204', '2622068901', '1753035936', '879831512', '323406440', '2156156902', '2862419440', '1262408977', '107208183', '1165109736', '1993625794', '1331954217', '2240555699', '794361722', '912257363', '754072733', '1165185172', '121326345', '478102804', '1569034160', '361467575', '1602622236', '2290925543', '1087774362', '2156592041', '2687979040', '1469195935', '1291608222', '2557038563']"
[],[],0.0,0,"['423310263', '2939489915', '2633030163', '3138253030', '2331799831', '2149543140', '179613071']"
"['541573826', '714627658', '1275681923', '1817038121', '4135458911', '218176263']","['541573826', '714627658', '1275681923', '1817038121', '4135458911', '218176263']",1.0,3,"['541573826', '3675043890', '1302945348', '145128113', '4074073768', '2234379348', '714627658', '2425158503', '1031834199', '440887789', '462412895', '418011717', '997651346', '1551839640', '183890664', '227436849', '3651027550', '2298591206', '1275681923', '2090652809', '2748494901', '1094578042', '829717243', '2258959320', '2687031119', '2025753480', '1101058080', '3637303286', '2123978307', '1561681955', '2712841162', '1533054273', '2768065261', '3695006748', '1817038121', '786294534', '789271607', '2284366570', '3616554556', '1715349826', '320586303', '1637944443', '2671345414', '1213454876', '3445685787', '2721505335', '2151127333', '1765461515', '2150433633', '2156383862', '1615564861', '232009441', '2361282314', '1235116059', '994658061', '4073567233', '3069784376', '4135458911', '691000219', '1582840716', '2554357039', '779527844', '3398116508', '1595338499', '3387491956', '3774187719', '2060827314', '1416509461', '4134426152', '1721294791', '2502361782', '456651635', '1965583531', '933618031', '482123055', '3126719377', '4136316661', '2244460787', '1647397181', '2069201742', '1864427351', '1729599433', '3304454926', '1593857564', '554380332', '1734614066', '1879059226', '977595361', '653332844', '2760633137', '2061936500', '3417513845', '496502131', '218176263', '2239626461', '311623881', '1331842912', '1867089401', '2937221721', '2538460957', '1665835819']"
"['199894721', '865031810', '1537294593', '2450147323', '2814608445', '282506893', '3161846486']","['199894721', '865031810', '1537294593', '2450147323', '2814608445', '282506893', '3161846486']",1.0,3,"['199894721', '865031810', '1486037183', '391111109', '2602179061', '1537294593', '2450147323', '2814608445', '282506893', '3161846486', '2676302506']"
[],[],0.0,0,"['2864465161', '2572397182', '1939350111', '2226062069', '2821891018', '1243538439', '2601891684', '3659320663', '1391363013', '2322578627', '1769677440', '2057751330', '2089741205', '932432740', '1817909727', '782954321', '1217163905', '2769380407', '1738186635', '2886984215', '2445471229', '2235670730', '2477887680', '864436177', '1422453402', '814263211', '1739039471', '1967431544', '643463170', '2337368581', '2978907129', '2064233506', '653815136', '1830509674', '424911259', '1233731114', '1587139482', '656290227', '2609393342', '2782745144', '4140290096', '321026090', '1731851030', '2202470041', '682015526', '2763987411', '1121970322', '674695043', '2376178566', '1856068360', '412253754', '2139508026', '1703740076', '85897909', '309100059', '778624417', '1862458812', '1886755675', '3369458922', '1299609472', '3366155462', '1742996373', '2385640362', '2568269721', '2006864600', '3720263810', '480609602', '1277703710', '2197964455', '2865029981', '2505136580', '3100038858', '2163359919', '3368454927', '3116689645', '409411828', '57606110', '2113097164', '725185651', '701063014', '3730848404', '2517361314', '2661106145', '132053798', '2822018001', '2428815249', '808174017', '878895430', '2260689493', '1430492445', '589609152', '2231961261', '2551487228', '1420138063', '1450522664', '1275873270', '1111020032', '1219015538', '3044164117', '2083088868', '368102071']"
[],[],0.0,0,"['1938261020', '1852451340', '1263014818', '2714184344', '658052820', '1556900115', '1539336918', '126959079', '3303671343', '453007082', '2279019569', '1514001668', '319767152', '962175505', '1745446782', '1873335262', '1498375634', '3140061968', '2680997806', '1055446147', '733735318', '2647721409', '1096245434', '682483861', '1216393934', '1817172325', '1599422936', '74567520', '1313968302', '1950557469', '2017212002', '4076373387', '164639021', '1177192242', '2413888024', '3050153519', '2958333601', '76968374', '1779567734', '547777880', '81210720', '1689255221', '83692418', '1514639923', '3734665320', '1678933480', '3037226049', '3159296105', '747043199', '1615891140', '20381660', '1654890533', '889056163', '298226000', '4011407255', '1269744862', '152468715', '2120804822', '1744021263', '1214089012', '2034022669', '2342799413', '1006232867', '1244678799', '1789560216', '925868986', '196064755', '385070072', '1991039309', '2059498336', '861045980', '994978619', '2912569919', '2373715939', '1318517479', '106473080', '2378098256', '68430250', '3146129119', '1478254025', '3369131871', '2700506727', '16182837', '1063516796', '1926445364', '141826776', '3304428914', '1151904701', '451269080', '1565290042']"
"['2254605315', '1362360277', '1565581964', '3060234903', '158277943', '322226498', '3376103422']","['2254605315', '1362360277', '1565581964', '3060234903', '158277943', '322226498', '3376103422']",1.0,4,"['2254605315', '1362360277', '1164879916', '2274002221', '1565581964', '3060234903', '1160957227', '825286724', '1236181696', '2582103021', '872108431', '1238889767', '184149654', '747914329', '3312660300', '978441810', '430441627', '1032266726', '158277943', '2281656729', '1396675202', '1954782582', '4155502609', '4122344179', '344528924', '4136447460', '2970440351', '3737788900', '322226498', '2786517480', '132024989', '2683924744', '214464011', '3376103422', '1043578536', '1077752608', '1025996581', '3486189377', '1793904634']"
[],[],0.0,0,"['131172562', '447653522', '1642322677', '1326054051', '210747882', '475688010', '2595063041', '1102115573', '3122686152', '2699756380', '2998441054', '429455700', '863715731', '2893694441', '3057446687', '28239119', '3484778403', '4003668534', '2115179711', '2182727673', '289811724', '3100864817', '289984102', '2154698401', '2187519683', '1075017979', '443313120', '2013838210', '4028938332', '1906237127', '411273212', '1944477055', '34992794', '1936703773', '1530069654', '688344569', '1597890965', '2728560172', '1195778705', '30971323', '275606425', '3360592524', '2285332805', '2061663335', '3780619608', '1063540585', '2766499930', '1687894433', '693182869', '1516285936', '3603601123', '706780526', '732984014', '3064284253', '2748968806', '2311330868', '73792119', '1798943209', '3646838699', '2147940016', '1392456900', '3332288479', '976230693', '3156855000', '1804295165', '2370495619', '986408943', '2688806438', '1690247214', '1412867462', '1467439969', '999236018', '1511666387', '1419173408', '3185851531', '1715238609', '1743191022', '4004172280', '103862931', '713306981', '2749631777', '2380225909', '1803174737', '1014145413', '30929980', '36331924', '285821865', '413506920', '2619569412', '2626037912', '962835337', '3304351025', '1039966389', '2296733216', '1955089981', '2896351240', '610487270', '2387136225', '862161467', '1058584298', '757627089']"
"['1396757045', '3105432901', '489410790', '3418084293', '3064592843']","['1396757045', '3105432901', '489410790', '3418084293', '3064592843']",1.0,2,"['1396757045', '4027648021', '67920055', '2273969736', '1976370833', '840382753', '930855963', '3105432901', '489410790', '2508642284', '1667755785', '1011157705', '1143151788', '1259674621', '3418084293', '3606728732', '160571185', '3482463082', '2422072229', '718330859', '1842054358', '1760125971', '276807120', '1225152486', '3106488182', '2370106617', '2424327341', '1787920588', '1360476131', '1565703049', '1681183369', '582863261', '3051792940', '418406267', '1311158456', '2202733555', '581733747', '4083298317', '2342305891', '2989841866', '521168503', '1160250712', '1931377453', '2294610833', '2154457038', '3611760697', '800176858', '3331449396', '3693419282', '1393752714', '4140972365', '3450970952', '807791092', '4096372718', '1974356787', '2964951666', '1954527735', '1782821891', '658954263', '579863981', '1726339287', '3064592843', '928554857']"
[],[],0.0,0,"['686542402', '2865730435', '2866813403', '1119727537', '618429954', '385500221', '2401607629', '2788493964', '260679610', '577896618', '103993866', '3652775007', '3647905501', '3380718158', '2697154006', '1014420221', '2935070134', '868072845', '700364730', '3392004033', '490790609', '2732205855', '1122925086', '108064732', '3182894516', '3330562115', '411721676', '3366801238', '925345637', '2042898144', '48235287', '562257485', '241979848', '3604762516', '398539803', '411278964', '608972777', '2961236673', '3492250988', '700432743', '1821988426', '393593217', '3697746033', '1113696203', '302592820', '322900509', '2976479031', '3121998750', '306551960', '116583256', '784799507', '1181218512', '1238021023', '3683731010', '417021356', '1962797708', '4012268604', '3655733925', '1360756077', '200174521', '301091511', '575291898', '2646557703', '470609167', '3433115364', '3380743448', '2793135901', '3402517198', '4027204693', '3146907689', '3449136079', '1183284922', '713233059', '2279966008', '250080774', '389278746', '2077585325', '264120829', '28603693', '2037388843', '1576997677', '91258071', '3110927729', '1450264313', '1493486371', '1764046168', '1796407325', '1845485383', '2571797134', '3694348622', '1742535876', '260573754', '2043928527', '3359180760', '898390844', '620617061', '1876446934', '1234737735', '2951611482', '1460999759', '2877387242']"
[],[],0.0,0,"['2058674505', '3172162289', '1477624418', '985537242', '2676519420', '2005222572', '798154496', '3755764224', '2754256532', '2191693506', '851923242', '2975301820', '1864332780', '2756158705', '680885330', '2435533127', '1545358402', '3384387409', '1714537220', '2751479914', '875333433', '1046025013', '1085933280', '2848753842', '1292233927', '3317057989', '856865329', '85479110', '1366987630', '1184137403', '1313727801', '2552049760', '859349119', '1132736444', '188354653', '1982828018', '806641220', '2420005264', '2413753111', '2848592421', '91373389', '1958217272', '1903513333', '2253208600']"
[],[],0.0,0,"['910056107', '2746224702', '853808536', '2760258761', '1969946218', '1515289377', '1270462266', '734849337', '2285972961', '493898243', '2718603311', '882795496', '1110428729', '393579528', '665681483', '1163591342']"
[],[],0.0,0,"['3647849173', '1533450627', '2079279037', '1328685819', '4079817018', '440033287', '4137188232', '500169815', '2298629493', '2251784690', '82956124', '2546021140', '1025746938', '1311839431', '3353662306', '2098539313', '1329147141', '848289080']"
"['2367769379', '1921426588', '2464629247', '25772689', '2318811686', '1822175665', '2968225451', '2779018656', '85654444', '2239876611', '3769788635', '2546538150']","['2367769379', '1921426588', '835888858']",0.1538461595773697,4,"['2367769379', '2587049761', '1921426588', '6430196', '2360685345', '2464629247', '25772689', '2318811686', '2087073253', '2241133559', '518820199', '835888858', '3181974555', '1822175665', '1433639457', '2968225451', '2329129401', '2147485917', '340839866', '1919114725', '2830991311', '1507232746', '1455244168', '124309683', '303743323', '940622223', '935871453', '1510149111', '85324786', '1743544785', '1362460368', '2424430004', '467590738', '704961638', '339396277', '1762795589', '664858332', '401967509', '1650531402', '1194335571', '2972230763', '2870512233', '40083402', '416689041', '2779018656', '2806547721', '85654444', '627633118', '821323076', '2823159761', '2251445335', '2192850529', '2680348917', '1209620535', '222403759', '2239876611', '1043113778', '312102421', '3769788635', '1764836070', '1286418060', '1885545928', '922350986', '3049845746', '2546538150']"
"['2417417880', '2708339323', '756858753', '3470903985', '2936624682', '1174214757', '642550444', '1580655091', '2986643300', '2321142057']","['2417417880', '2708339323', '756858753', '3470903985', '2936624682', '1174214757', '642550444', '1580655091', '2986643300', '2321142057']",1.0,7,"['2417417880', '2708339323', '756858753', '3470903985', '2455928246', '2936624682', '1174214757', '642550444', '309250418', '1242447421', '2776612469', '1580655091', '275161649', '2986643300', '2220010324', '3350733117', '3372638739', '2906397173', '2416575174', '2321142057', '2245722382', '1673861227']"
[],[],0.0,0,"['839905725', '2167140133', '2677111383', '654623180', '2875977237', '3108470046', '3174825060', '1686056805', '2047780927', '1971076962', '3185214000', '2348086902', '2789072249', '1313296740', '21088418', '1596883071', '2586877962', '1190746560', '2123188803', '1299788843', '23465636', '3115549188', '662281800', '1776693728', '962252409', '3678034731', '902110136', '535585586', '1000971340', '1216837370', '424201055', '780871510', '1910655874', '1772785635', '756747826', '214280864', '2827430340', '615529560', '2654537670', '2332040110', '1641611427', '1935401402', '1303386406', '1731726861', '1559887711', '2912668820', '1167372832', '611116744', '326114910', '715045771', '3114791483', '382040769', '2669318120', '1438334542', '1689440203', '3406175980', '2023635222', '2058155861', '2132535026', '1573877833', '1992262934', '1387717106', '2579549118', '3122925940', '1995282941', '1803245142', '767429128', '3656266153', '1066379329', '3132344411', '1724691244', '2677531820', '738686678', '2008496544', '3697860901', '605317835', '752918226', '1732200991', '2351618640', '3763553527', '1578777510', '987915984', '2411441360', '2148066863', '271194231', '2749643883', '516541169', '3043879542', '295225262', '1485170062', '1230347411', '2771108241', '1677954119', '3403242752', '3799176143', '3482507403', '2431624640', '1011861126']"
"['376719179', '1182898496', '1163002832', '3323929046', '709000552', '794630259', '3388882289', '216055613', '2292947143', '149910525', '2340076845', '591640165', '682639343']","['376719179', '1182898496', '1163002832', '3323929046', '794630259', '3388882289', '2292947143', '2340076845', '682639343']",0.692307710647583,4,"['376719179', '1182898496', '1163002832', '3323929046', '737793887', '1279190752', '709000552', '2094080764', '2907590014', '794630259', '3369410714', '2296248994', '3388882289', '873353776', '543702397', '2231650838', '681849597', '216055613', '3667672373', '1252111318', '4074906811', '3142524120', '700527256', '1942944721', '2292947143', '232497789', '1885819508', '578238321', '2748291543', '3778090011', '3649880329', '1659452320', '1694890587', '1819362047', '3104785479', '207560530', '1809283770', '3167579889', '3647494901', '149910525', '2340076845', '591640165', '682639343', '1847131724', '2150686862', '4082913044', '1717964794', '2147192599', '588145397', '2193438086']"
"['1942961344', '268941123', '2481365758', '3137760957', '2594135707', '160123077', '2938399148', '2417598622', '1464023735']","['1942961344', '3137760957', '2594135707', '2938399148', '2417598622', '1464023735']",0.6666666865348816,6,"['1942961344', '1975145845', '72104437', '268941123', '1999935587', '1615560191', '2076539176', '484896574', '2481365758', '3066541480', '2186698052', '846704971', '782477073', '2571719570', '954705800', '1141827081', '3035572787', '1285582488', '887189462', '2327089633', '2472968141', '1245101435', '3137760957', '206504440', '3399133497', '1670143145', '3067407085', '2183684468', '2211329404', '1582171463', '71112200', '1931160018', '1833433970', '2151957627', '2594135707', '418055560', '1464364321', '695691760', '1088386226', '3103688998', '4001372278', '4122188041', '127259853', '1811627861', '1110524591', '161273331', '1859339565', '2350966037', '2414598506', '2244013058', '1215040503', '1905682912', '3635037698', '1009089628', '2899948338', '2579529960', '2002429789', '573300596', '160123077', '1721983585', '152095680', '3144991039', '3137206211', '960697456', '4154776270', '1542262974', '3446778466', '2938399148', '2088811548', '587697453', '2417598622', '100473408', '3301381879', '2781345552', '4099032419', '2647238757', '1464023735', '1458481032', '1385544681', '3664528840', '2084135625', '2144816231', '2217466785', '4001025720', '2870155526']"
[],[],0.0,0,"['820601420', '1281342376', '926262671', '2428008320', '2956006481', '1336019271', '1170251075', '1866075344', '2417643636', '483536290', '2411568709', '1953459651', '1758282002', '2144109264', '1277177467', '2124253613', '1360276440', '491493260', '3371769855', '4044523275', '734649502', '1075524126', '939621075', '3664692648', '670139029', '3145129343']"
"['4154767831', '1735186794', '1444952967', '4029852228', '649036433', '3421208218', '3404445043', '2204074286', '3402721549', '1192236347', '4135312897', '4156406394', '4046640020', '1452392251', '2555947184']","['4154767831', '1444952967', '4029852228', '649036433', '3686827156', '3619916007', '3404445043', '2204074286', '3402721549', '4156406394', '4046640020', '2555947184', '4010785376']",0.5555555820465088,6,"['4154767831', '2820549059', '2830383771', '579800266', '1636773022', '1735186794', '532676689', '1444952967', '1303761091', '1026867628', '4029852228', '2787852325', '2078288841', '3491829754', '3133096735', '633330111', '779763944', '1331033251', '140883004', '649036433', '3686827156', '1438574458', '2744824445', '3619916007', '3421208218', '1560184455', '10865837', '600991584', '669845711', '338787435', '1824282961', '242695339', '4083720334', '3404445043', '2204074286', '887647443', '2221598439', '128401652', '3402721549', '1640322259', '1192236347', '4135312897', '4156406394', '4046640020', '2109465725', '4074418785', '1497332498', '1691135624', '1452392251', '3438316055', '2555947184', '4010785376', '3310785634', '1596573737', '1182296567', '2199178184', '907629095', '2859811606', '1708404460', '2427344571', '1573562722', '3685985341']"
[],[],0.0,0,"['2424503310', '2953920304', '1654288269', '1514150617', '2717343314', '3448846549', '15249454', '1286678918', '3707845822', '2245459782', '392835449', '2597026641', '156315664', '2084214817']"
"['2899282764', '1948423622', '967982565', '4086950358', '257239848', '1500948611', '2228471255', '2810675680', '332716177', '2057241296']","['2899282764', '1948423622', '967982565', '4033204485', '4086950358', '257239848', '1500948611', '2228471255', '2810675680', '332716177', '2057241296']",0.9090909361839294,8,"['2899282764', '857337062', '1948423622', '967982565', '4033204485', '4086950358', '257239848', '1500948611', '2228471255', '4117001602', '1563948985', '2810675680', '332716177', '2122362904', '2057241296', '222207634', '1363863466']"
[],[],0.0,0,"['2275161003', '2593400244', '2339616009', '219415558', '3339709771', '1340045428', '1707891928', '3746956009', '1960978214', '3443488232', '678229635', '2207096143', '163119273', '325997176', '2851961932', '1108049304', '1587080461', '2063645870', '2260556316', '3617145091', '3104452122', '155828312', '2365990833', '3153533597', '1078146091', '2128060097', '3681284320', '1847267082', '1603520583', '69288515', '1551795741', '1761936174', '3671627316', '3496136721', '977023168', '515730804', '2178257637', '1457641101', '2279124397', '221859553', '2349166769', '1363729371', '865525846', '3452447461', '792431583', '2417733123', '2154892814', '2473337369', '3375229300', '2326355555', '3763876926', '1694921274', '2453476879', '840905608', '34108333', '1747942682', '1617535723', '2788672073', '3333720741', '1092023921', '2606160722', '779153241', '620873325', '1123142304', '2233860398', '963273772', '2893259284', '524084336', '1106173137', '270351338', '1459727935', '1960563249', '1142400425', '1026176079', '1465204169', '1013207766', '3169489785', '1320970008', '418660495', '948106645', '535773670', '1081508969', '637444422', '40826077', '601177929', '3499671680', '1072884010', '570058029', '2979804032', '1268286190', '3459836812', '1176591945', '3363129941', '1371597377', '2457984218', '425224216', '1579817018', '3616695387', '1382599569', '1052990025', '1632995024']"
"['2957031627', '4154673750', '699934220', '139329769', '4095076864', '4129371853', '2102859219']","['2957031627', '4154673750', '699934220', '139329769', '4095076864', '4129371853', '2102859219']",1.0,10,"['2957031627', '1646972786', '4154673750', '699934220', '835982165', '3342237287', '4109846943', '1956544114', '139329769', '4095076864', '1898866991', '4129371853', '2102859219']"
"['1025123309', '473879714', '1035045019', '1763752017', '3489752512', '1002922068', '3980153422', '2471159431', '2824237117', '1162977383', '2407507609']","['1025123309', '473879714', '1035045019', '1763752017', '3489752512', '111855922', '1002922068', '3980153422', '2471159431', '2824237117', '1162977383', '2407507609']",0.9166666865348816,4,"['1025123309', '1861423510', '1050530716', '473879714', '1035045019', '1763752017', '3489752512', '1745134427', '111855922', '1002922068', '3980153422', '2471159431', '2824237117', '164184140', '1162977383', '2407507609']"
"['2639468948', '1605408727', '2597254515', '816165356', '1843897658']","['2639468948', '1605408727', '2597254515', '1843897658']",0.800000011920929,6,"['2639468948', '1672576833', '1605408727', '2597254515', '816165356', '1843897658']"
"['4160395044', '648935053', '745298495', '3782775205', '1506575153', '2652440884', '2976867865', '536921301']","['4160395044', '648935053', '745298495', '3782775205', '1506575153', '2652440884', '2976867865', '536921301']",1.0,4,"['4160395044', '648935053', '745298495', '3144460093', '695244506', '1846537398', '2424832901', '1918686344', '2045477620', '3782775205', '4075121472', '790169260', '2746098084', '1506575153', '2652440884', '2976867865', '536921301']"
"['2837735216', '529414584', '201121978', '2104037024', '3405943120', '3320124510', '4019871030']","['2837735216', '2104037024', '3405943120', '3320124510']",0.5714285969734192,2,"['2837735216', '529414584', '201121978', '2104037024', '820520357', '2231009939', '814055636', '4158895706', '180876230', '3405943120', '2510577248', '2466066249', '289131166', '1915291585', '2217130347', '3108944218', '3320124510', '4019871030', '2610496865', '1408401086', '963534177', '2461047720']"
"['2215075956', '3367722943', '892938886', '3642828045', '2654317944', '1767826217']","['2215075956', '3367722943', '892938886', '3642828045', '2654317944', '1767826217']",1.0,3,"['2215075956', '1599715111', '3367722943', '892938886', '3642828045', '2654317944', '1767826217', '1334333573']"
"['2890816584', '4019571959', '1086566639', '2735804365', '4029660100', '1809522704']","['2890816584', '4019571959', '1086566639', '2735804365', '4029660100', '1809522704']",1.0,8,"['2890816584', '4019571959', '1086566639', '2735804365', '2215065043', '4029660100', '1809522704']"
[],[],0.0,0,"['3049321882', '2676572925', '2515984881', '2117445026', '2476438523', '1936485406', '790493269', '2460993440', '2973335009', '467053809', '608696121', '1743692614', '2335208419', '143650415', '2305530637', '1337030600', '2018747460', '1452171532', '703733306']"
[],[],0.0,0,"['3544554', '2480571638', '511552633', '420556550', '2439455331', '1040309329', '2078975025', '1677636281', '969891517', '2568583634', '699844526', '99485820', '1946908419', '916916008', '3411251330', '701309669', '578684447', '3765627434', '848862278', '3481176782', '1837493269', '10511299', '1658835834']"
[],[],0.0,0,"['998303401', '1989965660', '1687668193', '1524580980', '1983181325', '1394259526', '2698516720', '665353381', '1867739410', '2035929861', '53024382', '119671716', '825585743', '3402320896', '3311660300', '2105821338', '1407335260', '1689318531', '2737709182', '343817947', '2052089742', '2133339510', '455436334', '2052494250', '2145925397', '2656537826', '348873387', '175900648', '1821090143', '2660902076', '3176042149', '866710229', '2617065001', '2380026621', '2776452529', '1338322302', '1296219703', '3360520701', '2710931902', '3786571815', '2944884641', '334623980', '2766413836', '2199717262', '2986710727', '1484027051', '981699837', '1826908832', '1404780619', '372716880', '3678271487', '783288414', '998575981', '835208917', '529866260', '525311335', '1384250163', '1504823815', '1227510549', '1270331681', '2406804817', '3688270075', '820680400', '1494042947', '120720208', '2105362492', '1828317910', '1402871418', '2928440801', '141028018', '688150587', '1802282055', '3138338102', '205223778', '2797264407', '187113479', '3447041584', '3696927573', '1528707721', '631355162', '1541448325', '1666728382', '963079655', '3471725816', '1595416761', '133545093', '63356161', '2650900237', '1421384426', '1118161230', '3646024303', '1958959840', '1717928861', '5764612', '414173744', '811636027', '3107205265', '1340564326', '879050046', '1745445419', '939311224']"
[],[],0.0,0,"['986953368', '3048997738', '853632576', '626667575', '1872241994', '4029408457', '2040038937', '719595861', '3175484199', '1124178406', '2886929028', '610362246', '1517417718', '18544215', '1699743300', '2138087796', '918118795', '2293768360', '924123050', '1369666101', '2824308481', '2514307717', '1092950298', '3686683376', '2755431642', '1646710480', '696132771', '982425456', '1118930187', '1844834061', '27739825', '794466086', '1791963113', '2007982457', '1668541040', '1859122068', '2041562688', '243945315', '2506559440', '3188671179', '1817217700', '3739077811', '2313372761', '673139340', '1051771220', '3366132331', '1244443160', '283807122', '1859067520', '1921744938', '2561702165', '1804650582', '3703895736', '2199344600', '1235925603', '1786982963', '3418512898', '103971992', '1156290937', '1306593340', '2014282258', '3700459615', '1301865971', '862066785', '3335177861', '2687026680', '4027746131', '1528470923', '2802347323', '2859475939', '2175292312', '1857787080', '1310181303', '1553465329', '422801518', '674190434', '596732160', '2820660332', '5724605', '3682365111', '4039401458', '896260833', '355444935', '540424260', '1869970476', '1813288705', '1611325844', '1266221726', '28733024', '960797813', '3132541556', '1956435800', '1449422961', '338026880', '962323877', '2170648761', '3631887830', '3153565521', '1054914183', '853349011', '1829940344']"
[],[],0.0,0,"['1671759344', '1862368040', '2276453760', '1719740720', '1053552802', '1449753522', '3341249833', '2136151540', '2650414105', '3480402559', '3665072284', '1548808541', '879856232', '409810109', '738305018', '509464301', '3789231741', '2704350911', '3337443788', '2487766220', '984125061', '2918175133', '758865140', '1296666602', '2184124807', '2676581160', '1385539088', '1402369206', '705539036', '3363131341']"
"['3692091758', '1175330398', '2249640655', '2115257229', '1081338645', '4126134830', '786571674', '2558167717', '1636318197']","['3692091758', '1175330398', '2249640655', '2115257229', '1081338645', '4126134830', '786571674', '2558167717', '1636318197']",1.0,4,"['3692091758', '245783972', '1175330398', '39783497', '2249640655', '2115257229', '2822501821', '2147063514', '2817092007', '2434618351', '1602231622', '1081338645', '4126134830', '2430675627', '786571674', '2176123926', '1572137009', '2558167717', '1636318197', '686597148', '2923561042', '2936934918', '3717860532', '2905304805', '617744022', '1473504709', '115070926']"
"['1896803884', '2784901102', '2787337957', '2123810462', '3337441277']","['1896803884', '2784901102', '2787337957', '2123810462']",0.800000011920929,5,"['1896803884', '2784901102', '1648050109', '560292964', '508417575', '2787337957', '2123810462', '3337441277', '2338088342', '2406201511', '2976875837', '2173709236', '1722220838', '242449317', '1269310723', '1900561381', '1685252750', '2037981797', '887589410', '2918576276', '499488788', '1595165136', '1003409526', '2866871727', '3645715879', '2027843833', '2977563904', '2903092533', '1354263444', '1685216821', '2379748424', '1510527128', '765198422', '4142806419']"
"['4017717638', '2771672912', '4002399445', '184512791', '2210491646', '1505741970', '1491892023', '2941211359', '2665991702', '2849943916', '681613247', '224983435', '3167808754', '4110272304', '3359588148', '2980899452', '3054667561', '3442031598', '129368689', '3676662649']","['4017717638', '2771672912', '4002399445', '184512791', '2210491646', '1505741970', '1491892023', '2941211359', '2665991702', '2849943916', '342523866', '1851466955', '2475820684', '681613247', '224983435', '3167808754', '4110272304', '2560743621', '2092513695', '3359588148', '2980899452', '3054667561', '3442031598', '129368689', '3676662649']",0.800000011920929,4,"['4017717638', '2771672912', '1834973273', '4002399445', '2276626068', '1776895790', '1198750277', '837437908', '3623414525', '906073846', '184512791', '2210491646', '1505741970', '2069747156', '1491892023', '2941211359', '1455736647', '2665991702', '2285044359', '2849943916', '342523866', '2720748549', '1915870544', '2803652583', '599821221', '1851466955', '735487723', '2729869743', '2232773899', '1571716564', '2475820684', '1966833297', '2838433474', '232526189', '681613247', '2927435427', '224983435', '3167808754', '4110272304', '1140777273', '513914534', '2560743621', '2092513695', '3359588148', '2980899452', '800270985', '222586306', '3657519875', '3054667561', '3442031598', '129368689', '1663484698', '59016353', '3676662649', '1045591344']"
