label_gang_mem_list,pred_gang_mem_list,jaccard,subgraph_gang_label,subgraph_node_map
"['1668286127', '1338146564', '2500947942', '3343212720', '2575174563', '209728794']","['1668286127', '3343212720', '209728794']",0.5,2,"['1668286127', '3480779920', '1338146564', '920636870', '1727736434', '56875158', '110380184', '2500947942', '3343212720', '1543891873', '2686887983', '2575174563', '671794427', '638807062', '114875142', '2711618727', '2079054135', '2511532208', '796754319', '1864328836', '20629607', '252921453', '268723558', '1563508064', '1646913317', '615402201', '811479623', '209728794', '302239590', '1187156288']"
"['520960858', '901167897', '2357688992', '2598684649', '1267580255', '525667276', '1228807347', '856668568', '4136688848', '1502831999', '2430048816', '959416006']","['520960858', '2357688992', '2598684649', '1267580255', '525667276', '1228807347', '856668568', '4136688848', '1502831999', '2430048816', '959416006']",0.9166666865348816,2,"['520960858', '901167897', '2357688992', '2598684649', '1267580255', '525667276', '1228807347', '484096552', '3333078279', '856668568', '774046106', '687012776', '3621786298', '4136688848', '1502831999', '2414525037', '2430048816', '2656152545', '361637322', '3351545062', '3428156138', '876274390', '870486479', '959416006', '3498506934', '1950296867', '648365416', '1075798065', '346608488', '1629972297']"
"['4136479452', '2267118666', '4014353474', '2702562679', '2372265228']","['4136479452', '2267118666', '4014353474', '2702562679', '2372265228']",1.0,2,"['4136479452', '2267118666', '4014353474', '3679716751', '2702562679', '2372265228', '2243533940', '2206935706', '1880180671', '2743004828', '864022254']"
"['1533781828', '4103179977', '4116811518', '4134081820', '837083063']","['1533781828', '4103179977', '4116811518', '4134081820', '837083063']",1.0,4,"['1533781828', '1548295561', '11047836', '537968994', '3300604997', '1044730800', '1312052179', '939430070', '124837488', '2748241519', '393947943', '3443250525', '213816881', '2004424324', '891575966', '1869690247', '3402178457', '1059805701', '2890113164', '193085335', '4103179977', '238585698', '1991101661', '4027942264', '3114027551', '2777061739', '991533079', '1848037506', '1172022511', '1180406011', '4045541026', '2690189510', '1935143273', '2829807662', '3648844316', '1961349914', '2149069217', '435568478', '4116811518', '1288067265', '1885455921', '1246456081', '2123537401', '4083375718', '1620375025', '1409838963', '1865617307', '2838210246', '2157226121', '1480445082', '1120943223', '4159848244', '2518432881', '435217780', '1775599774', '4069941605', '1134295344', '4134081820', '1465050136', '4046728392', '2809418363', '6859224', '3139287104', '1073907524', '153293744', '544483521', '2101136044', '1466438340', '3784204701', '837083063', '3436353635', '2447913722', '106062654', '415135266', '3177683265', '2264998775', '2614894363']"
[],[],0.0,0,"['1388376739', '1247497680', '2489227714', '2617579611', '3156220693', '161172661', '1327359542', '158195851', '789863786', '1686172074', '705696800', '2085716729', '852614760', '1578754821', '71027181', '665964802', '4000850210', '3644997931', '419327700', '651137578', '938629112', '942590682', '1507155236', '1252482366', '1366251381', '1071861508', '1654067013', '674194567', '2476405202', '2682605600', '919800304', '731807130', '856368050', '2129650336', '1483837330', '2454924402', '3331837887', '42366526', '2907300834', '2539351205', '335822575', '1973631731', '2348623429', '862096728', '1491375903', '2417908114', '859793514', '1109819640', '3106779530', '40709742', '404209590', '1371370013', '882540660', '945765324', '2531814531', '3405643783', '281221542', '2731291017', '2231495107', '152645138', '2659117260', '487131133', '383472839', '2496687480', '662104344', '2358296542', '1270683699', '1884507716', '1524314600', '1033922980', '1567577564', '2758036037', '335929235', '2360889924', '136454001', '2263390200', '1476464160', '2329909426', '2857375770', '809914302', '362662560', '3346147639', '570262058', '1889679507', '1016146260', '2675785456', '2256043164', '601152484', '1768699430', '2046403384', '3108081390', '3329006788', '1001349263', '4024207773', '2310717688', '2020646901', '273597002', '852640444', '2996446651', '2671523084', '593967363']"
"['2679403982', '2655663950', '733751344', '2775893225', '1212060818', '3690702688', '2844246728', '4082608367']","['2679403982', '2655663950', '733751344', '2775893225', '1212060818', '3690702688', '2844246728', '4082608367']",1.0,6,"['2679403982', '2655663950', '733751344', '2775893225', '1212060818', '3690702688', '2844246728', '414748324', '650272578', '4082608367', '118697343', '4039854107', '2268540284', '589361739', '2583778826', '1959966687', '3486194191', '1235411266', '3153598051', '2014668667', '1219185185', '2979449754']"
[],[],0.0,0,"['115625575', '2504794236', '2329669222', '97807718', '3381327023', '821926160', '3174439418', '2727426843']"
"['2367769379', '1921426588', '2464629247', '25772689', '2318811686', '1822175665', '2968225451', '2779018656', '85654444', '2239876611', '3769788635', '2546538150']","['2367769379', '1921426588', '835888858']",0.1538461595773697,4,"['2367769379', '2587049761', '1921426588', '6430196', '2360685345', '2464629247', '25772689', '2318811686', '2087073253', '2241133559', '518820199', '835888858', '3181974555', '1822175665', '1433639457', '2968225451', '2329129401', '2147485917', '340839866', '1919114725', '2830991311', '1507232746', '1455244168', '124309683', '303743323', '940622223', '935871453', '1510149111', '85324786', '1743544785', '1362460368', '2424430004', '467590738', '704961638', '339396277', '1762795589', '664858332', '401967509', '1650531402', '1194335571', '2972230763', '2870512233', '40083402', '416689041', '2779018656', '2806547721', '85654444', '627633118', '821323076', '2823159761', '2251445335', '2192850529', '2680348917', '1209620535', '222403759', '2239876611', '1043113778', '312102421', '3769788635', '1764836070', '1286418060', '1885545928', '922350986', '3049845746', '2546538150']"
[],[],0.0,0,"['1783122583', '276340993', '3119121871', '3346202652', '1708527667', '685047499', '1820088466', '2333107058', '4155349905', '356158647', '1997741326', '590066796', '1039762768', '978996305', '4153197860', '722796060', '619300665', '400615198', '560350258', '831758191', '1202735669', '967444321', '714938102', '4015934954', '1797896321', '1262215871', '82468298', '1932070515', '1502329238', '971338136', '790863707', '1415821444', '2274571063', '1950225182', '1492126619', '3768800216', '845942932', '2176955529', '1432008769', '2680532547', '2250783495', '270523813', '1279366533', '2401675852', '1994488219', '456248051', '970553207', '360460780', '2331148763', '95368583', '1929543304', '1125568495', '1436439191', '1715896782', '2301338642', '2273982513', '2896190107', '709881881', '3312798675', '1001943614', '2813765935', '635964439', '943404108', '4093981087', '1238107331', '1890771284', '1573726616', '723104979', '792537336', '385340483', '1518973610', '1758536872', '2028260938', '1286052989', '924814136', '889251991', '3114799813', '2272340843', '569577111', '2856990004', '650044336', '2584210272', '2059215940']"
[],[],0.0,0,"['1988097105', '2640187980', '2349584023', '1255227406', '585907575', '2885303944', '2001745992', '494870120', '1033580710', '2778574123', '3643412949', '3125196049', '2516191902', '1205327626', '15028538', '1074137011', '640499501', '1791178361', '2437308606', '1168538824', '204167960', '1977840962', '141790592', '248300833', '991024034', '1371773841', '2032963484', '808550814', '1974762461', '2854237443', '956054120', '1507403404', '897334779', '1467950542', '3609354856', '656996438', '3052243911', '900868940', '2217303661', '2223213961', '1796289963', '2649088416', '1196521380', '1183761421', '85347680', '1580018838', '487312110', '365365236', '2277215004', '1375490880', '2732684605']"
[],[],0.0,0,"['1512615761', '750218862', '2549740118', '772318343', '2000027918', '2629526825', '2153520325', '480317903', '519711864', '1944227263', '1955746432', '3417194403', '3709303204', '484682290', '3675402060', '2408001334', '777459511']"
[],[],0.0,0,"['2308606603', '3481197886', '1427706647', '3421252512', '3355113654', '1318951779', '433954120', '2500512826', '2012036566', '3421378050', '2799331562', '1088142123', '3767140816', '1770306909', '3643846881', '2428970037', '2876458569']"
"['1818236399', '849748190', '4033478211', '3388854459', '146241663', '150300771', '1378027459', '2930902453', '4034577094', '434979437', '3650664009', '2225502165', '3126541258', '2197181664', '4083696427']","['1818236399', '849748190', '4033478211', '3388854459', '146241663', '150300771', '1378027459', '2930902453', '4034577094', '434979437', '3650664009', '2225502165', '3126541258', '2197181664', '4083696427']",1.0,6,"['1818236399', '849748190', '1454799474', '2748697928', '4033478211', '3388854459', '146241663', '150300771', '3376102739', '641602001', '1378027459', '2930902453', '2578485001', '4034577094', '2873416246', '434979437', '3650664009', '3133910397', '413410724', '248106220', '2225502165', '3126541258', '2197181664', '2271029866', '3034936788', '4083696427', '130575533', '2973140826']"
"['1849104376', '3622131688', '2601523545', '1404176232', '2261153608', '2479479852', '1786941957', '1741598572']","['1849104376', '3622131688', '2601523545', '1404176232', '2261153608', '2479479852', '1786941957']",0.875,4,"['1849104376', '3622131688', '2601523545', '1404176232', '2261153608', '2298736000', '1183029031', '1780187424', '316520926', '339328611', '2500373925', '784278773', '3411477683', '4069402136', '606537017', '3715673606', '801969130', '618988551', '2432403159', '1465877003', '1041447478', '4054454356', '2308704617', '1106431987', '803709940', '87297233', '2353293525', '1476696097', '2479479852', '2075925911', '467058591', '3411769936', '20439939', '294048029', '1116126088', '3693520161', '1835940108', '3747759214', '587773904', '660582590', '1286248346', '3187042317', '1864691085', '386385885', '1987697112', '1483578674', '1582618148', '3372814186', '1992444279', '905976954', '4077633055', '1868345794', '2763899741', '103088602', '1789546678', '3181610075', '568745067', '1786941957', '1102484383', '2136794500', '2809590871', '586871565', '2985474033', '464313073', '1262370970', '2648789922', '2447788963', '1321922097', '541143024', '1052559169', '4032993304', '232083625', '860658632', '1512839651', '422216856', '2053624392', '653669548', '1607894948', '3426078856', '468851411', '1796671725', '61363292', '558439573', '103339352', '2734119301', '1890549161', '1173102607', '2527752633', '1696670139', '376962400', '1976291802', '2420735404', '3377016122', '58061144', '892664701', '2847891247', '1741598572', '1851231883', '1603426481', '466519549']"
"['1200992892', '2983614871', '3412279227', '4016075481', '33959733', '1831164180', '1180148573', '1140483167', '1505516940']","['1200992892', '2983614871', '3412279227', '4016075481', '33959733', '1831164180', '1180148573', '1140483167', '1505516940']",1.0,4,"['1200992892', '3449953269', '3126619474', '2983614871', '2059592778', '105638945', '2481561701', '1453493441', '2480847864', '1925154421', '1864883299', '2911179228', '822911100', '664202940', '2315755060', '1142314134', '2950909501', '920863414', '1560365166', '1651111189', '1070679500', '2865073220', '1098165333', '2597153431', '3412279227', '2491460163', '33806364', '25585561', '1826673260', '569581416', '1888911215', '3497706731', '4016075481', '1207056865', '33959733', '1565390722', '2013562083', '2798627780', '1899161721', '3143704371', '490581135', '2464842516', '1684966640', '2610959019', '1831164180', '2406830923', '2674129409', '1544349657', '2947023224', '2683723167', '1768159828', '1985667000', '65008185', '511032695', '1879353601', '888821660', '772288783', '404576654', '2478625728', '609802723', '1593398541', '507076240', '1991966390', '2350224181', '2497516802', '1111766321', '1963735122', '1180148573', '1694880981', '2377360312', '1276116600', '2826944314', '1532055346', '3471806455', '1391438741', '1421115920', '1367453311', '1042418140', '2892686845', '175808655', '867014282', '665689001', '1140483167', '2529934263', '2468963312', '1352885220', '1505516940', '2139582042', '860172400', '2956090502', '922754127', '2817075023', '1342140964', '865779807', '1145873632', '2149897528', '646480920', '1247035211', '317601595', '304295535', '1142507103']"
"['205470722', '428156003', '1975779448', '4142044125', '578909745', '667298255', '1425080198', '2465660943', '1778781890']","['205470722', '428156003', '1975779448', '4142044125', '578909745', '667298255', '1425080198', '2465660943', '1778781890']",1.0,4,"['205470722', '428156003', '1606791782', '3066492622', '551737280', '1373463752', '3682404527', '2371552314', '1672056735', '2045716721', '971990822', '576465962', '1280983180', '3663295771', '712117334', '1742805373', '3458596086', '2129187691', '191026810', '4012658440', '810529183', '2242572442', '882869014', '2055059562', '1131498884', '431278963', '279721271', '1721420327', '3465822196', '382523217', '1054712944', '372574798', '1119115862', '3037104074', '1463608645', '2032364440', '427940034', '1954699449', '2037284259', '1121390183', '2366547434', '780706920', '1134055620', '2176929987', '1183154101', '3664101663', '1525859510', '879199780', '1737270434', '2860863068', '478592344', '1975779448', '3184309881', '1842332813', '4142044125', '982318313', '2885825423', '2980500063', '169278613', '2849945921', '578909745', '3058352539', '358886869', '2983367858', '794620896', '667298255', '2485897043', '2650114762', '556278672', '211290465', '2949022242', '1425080198', '2999210043', '1931606993', '816019660', '76278878', '1995050212', '2465660943', '1778781890']"
[],[],0.0,0,"['1027334407', '1050078461', '916276224', '41036145', '2297241276', '204289152', '2830372920', '2809203611', '1563090438', '2061108040', '1304063922', '648434023', '53988725', '2967158860', '117155142', '1963931860', '112742231', '1626523783', '3057301478', '2376549897', '2554257859', '1906350392', '3402627581', '2670486444', '70326726', '3176258032', '3401854363', '256518982', '771776221', '1793739661', '1434908100', '1656192452', '2198183375', '542159305', '3342198825', '1783033917', '2286275307', '2006852510', '1750446185', '342014221', '145256240', '797722842', '2272319302', '2907249383', '414279465', '888015337', '2355681482', '606198535', '2323614404', '1359508340', '215613260', '2620013946', '3700992736', '2214418021', '4047681961', '2851924617', '469509953', '2461863751', '251262624', '1252690706', '589044888', '1984970478', '3309720036', '333653540', '791913886', '400919962', '2147695958', '1317065903', '1171569171', '2831619560', '3609838707', '1558653460', '3693607546', '1661174681', '1010633983', '2382855309', '1180395484', '888029968', '1446924773', '2050353800', '1422147906', '3321093514', '476412200', '2412334012', '1345293275', '1971365728', '3662768364', '807006552', '4104431120', '174331079', '467674857', '3699829260', '4079025803', '3045744478', '806126627', '1066677988', '1371215865', '2089821134', '2571965031', '3426081510', '1497439341']"
[],[],0.0,0,"['990242744', '1680685901', '615289201', '3369180975', '1924297502', '585855056', '2412361005', '2451209480', '2285779335', '699942907', '2151328477', '978351240', '2182660538', '2847910781', '1966675406', '3445006111', '3428991625', '1890256760', '553221306', '1459265404', '1060036996', '313721741', '923364516', '1871961961', '2413866431', '1000493224', '1204781640', '3640352316', '841090606', '1404210289', '1184435976', '1541811517', '2847881247', '373196178', '66222571', '2195247076', '3166289359', '2501691006', '1852262737', '175408767', '982418119', '3461626016', '2267542076', '1917801625', '1997373526', '1860022647', '699740413', '1045136561', '408412640', '1638711528', '1536113741', '3032929766', '1214845318', '1621645837', '364027162', '840503570', '1740087730', '1106543475', '2910088381', '1596568053', '293632633', '3169624361', '2219967462', '3493030476', '2108387309', '2495842213', '895151036', '2346176621', '1050111016', '99389439', '2879633813', '3384267066', '2652835224', '971018185', '2765666420', '1018378624', '2309382931', '3040174563', '334565267', '2732256127', '720706741', '1727834362', '1767483218', '1026871841', '1028990602', '3050060764', '631175462', '1038179067', '1028244877', '2119054081', '2747568084', '2878819040', '1100337326', '1619642349', '3493121942', '1624118287', '2435777642', '946775679', '716459434', '55021636', '3483928668']"
"['1834258885', '3183815699', '3434892705', '3624193770', '918202836', '950411988', '3693231787', '1558556425', '717986603', '649307033']","['1834258885', '3434892705', '3624193770', '918202836', '950411988', '3693231787', '717986603', '649307033']",0.800000011920929,2,"['1834258885', '2594031183', '4087801478', '1234204879', '3183815699', '2602110471', '2197137812', '3434892705', '3045959797', '2525582526', '3124914640', '3624193770', '2245182424', '918202836', '2299163010', '950411988', '3056580988', '1012189801', '1079752758', '3135456383', '45686333', '3693231787', '586693423', '2128759108', '1370826961', '1678882266', '2495797033', '2494948078', '1598557878', '1387891625', '117187776', '2226149471', '2692872317', '3374204399', '1579481406', '3103111535', '1704764433', '1103853315', '1817806006', '1558556425', '1090480881', '2976809937', '1468573371', '3307140374', '1294774012', '1128401533', '3426883854', '657773439', '194188887', '1744436944', '391639261', '4106271413', '1324356390', '2386279867', '3118511032', '3305987669', '4058313266', '1404583508', '2217132811', '950900469', '2906385652', '3179903992', '1491531059', '717986603', '3124185878', '1344450487', '649307033', '3120748541', '2613486617', '3170864949', '1740192329', '1367418530', '1151878597', '3712297208', '88718041', '1515340925', '3334102780', '832352806', '2900567856', '1928697204', '2889089216', '2081177090', '9624764', '372869949', '1761961363', '1542589963', '2184907583', '1328825169', '718735351', '2277485939', '576857968', '2165666164', '971171016', '848649228', '3651338612', '978928325', '3317205189', '2819446215', '3353647091', '36425540', '2046369577']"
"['1803955461', '2912142237', '1351470587', '864438549', '141252643']","['1803955461', '2912142237', '1351470587', '864438549', '141252643']",1.0,3,"['1803955461', '2912142237', '3690291610', '1351470587', '864438549', '141252643']"
[],[],0.0,0,"['108880521', '1665852571', '1528603060', '3463777665', '1926161804', '1054941043', '984092114', '3737857424', '1405560030', '2961029546', '2139487001', '2267279605', '791159357', '160946766', '1092428582', '2160489565', '3420687538', '14019712', '303300817', '2291824664', '1955037077', '4126366839', '3138184306', '434238637', '2142729981', '4028980019', '1107339042', '2204068359', '1683282332', '1390235577', '1622054815', '2599813807', '742940095', '2155463803', '379130695', '2817091714', '3143034897', '791145781', '2958485763', '2065426262', '786122683', '1500118907', '3738681705', '2965932620', '273186770', '2900521763', '724785012', '3651066387', '1158244976', '2867382013', '448110075', '2092065612', '1114754730', '310559859', '1885299575', '2367223216', '4135763993', '3353134753', '4032583825', '1740343669', '2535490400', '3719903700', '826295069', '754806915', '2602467331', '1132998703', '1253080378', '4086808096', '1721035068', '655134227', '4049481360', '1555807304', '1294981306', '1754643322', '1939526210', '132798001', '2225312947', '382651040', '2270057579', '3134032507', '1078329711', '1503468281', '3157853799', '1725193167', '1710178224', '801510661', '1097437242', '208556521', '1049688568', '52635977', '100479390', '2380839387', '1135071869', '3436997786', '2123972228', '3772422530', '2406339412', '2118615979', '349717747', '3392414982', '178785981']"
[],[],0.0,0,"['838151647', '2635355310', '554566430', '2907737632', '911871821', '3329025093']"
[],[],0.0,0,"['3664854363', '2546902060', '1304875700', '461598695', '3173158703', '3042129519', '1060054380', '1545870421', '132059925', '1953601323', '2175407121', '541549898', '1325455002', '801574497', '2151220479', '2615521771', '3441302043', '2572076760', '2064274142', '1425118258', '567376180', '2952210736', '308103151', '825022078', '702813613', '1882690332', '2710542821', '2699789936', '1662128827', '3697619731', '3153590713', '2361698490', '1296382021']"
[],[],0.0,0,"['757180782', '1384492524', '2760090520', '2345226405', '1461906030', '3440011460', '691938434', '1600916242', '929416800', '2017181601', '2244084601', '3320212562', '279692889', '957334330', '1298976277', '2162270475', '14784713', '393775266', '2677248012', '2575493581', '1450953438', '1684909100', '2762582200', '4045310083', '845181084', '1177055518', '1300489577', '2044591179', '668259233', '1425449682', '2751602844', '2357349361', '2565660981', '878495207']"
[],[],0.0,0,"['3630320856', '284157595', '2513427244', '876650108', '745629920', '298058466', '2617588718', '465913215', '466339600', '1523174233', '423970595', '473392375', '1781275508', '241404355', '2046914525', '3411455818', '1132319434', '2192572177', '1133540476', '3173977896', '229785604', '1384528518', '1080883361', '2826306021', '1997205141', '1069054760', '3479062352', '1908719145', '2793653720', '2092807660', '3383818347', '16299425', '2878366356', '2614814040', '2181024926', '902328741', '2842833660', '4106000175', '1853334741', '2610786920', '2714675350', '1384743781', '2134744980', '872217609', '35894288', '3732161447', '811743342', '362074655', '2723077825', '3189466738', '374666715', '166499656', '2619684446', '3382697427', '631434509', '2296369060', '2512682378', '1927550202', '1362641728', '2578017710', '546926777', '2852102929', '2961903111', '1107210573', '3185120853', '3455500572', '1560214097', '325649301', '506624302', '2588984733', '785850081', '1131309220', '191069155', '228691575', '3145265020', '1053646028', '1084433900', '1313766138', '335835275', '3636399391', '97868975', '2877723417', '2554051282', '3611121263', '3338825565', '610103581', '1951810829', '2026337637', '3501009714', '1527985084', '1330043903', '205585948', '286616083', '853327820', '435784580', '2799677201', '234989875', '552928535', '3398653190', '821695042', '2993491135']"
"['842589293', '2415214564', '2312299682', '2470082618', '2460474826', '2227530888', '1034092901', '2709027636', '1009772673', '1080383871', '2048639598', '864528685']","['842589293', '2312299682', '2470082618', '2460474826', '2227530888', '1034092901', '2709027636', '1009772673', '864528685']",0.75,4,"['842589293', '3317698534', '2415214564', '1447783441', '1433232815', '2312299682', '2470082618', '2460474826', '2227530888', '1034092901', '1143185999', '2954739583', '2709027636', '843628880', '1009772673', '1080383871', '923174861', '436319250', '2477132206', '2048639598', '864528685']"
[],[],0.0,0,"['1418706813', '1945335310', '1500876371', '1210768717', '61141303', '1959025338', '2492919905', '2300920943', '1326503270', '2015344427', '1123497728', '2541704336', '2188837714', '211969234', '2089607303', '39702140', '1106752032', '2175850925', '2814398422', '1505789507', '707414377', '1938944335', '749571020', '2636693100', '783808204', '3469927596', '371389365', '3662583076', '1960340384', '63176695', '2001243826', '1775901482', '1476457236', '458741529', '199728092', '600479176', '2344517861', '2643653415', '2866707180', '218262444', '55978770', '1930244074', '576407913', '1578318575', '1641742563', '469993617', '1291877022', '2835653337', '1226163719', '1163231202', '2852483813', '1356716359', '1249039274', '2836813740', '2804378913', '2203241773', '1126242636', '2581828461', '841971825', '40218995', '1964450454', '1903152438', '857256301', '2593846015', '3151211668', '6113499', '3302475721', '71783208', '2972124429', '1526536111', '2431107138', '1803796605', '1316003437', '1872370024', '2104069271', '507987109', '23260247', '1779213571', '3361056876', '2341855808', '2214569525', '2540320610', '2859278637', '2793709334', '673403603', '643756351', '1078122536', '210159695', '468881743', '2768382081', '2888454880', '3163277689', '1687857539', '1167160006', '3303606534', '3302095177', '2423661802', '65046199', '719393610', '301178284', '2216894340']"
[],[],0.0,0,"['3310581891', '2576893039', '775722361', '1337248741', '2976706682', '1658522843', '690924064']"
"['376719179', '1182898496', '1163002832', '3323929046', '709000552', '794630259', '3388882289', '216055613', '2292947143', '149910525', '2340076845', '591640165', '682639343']","['376719179', '1182898496', '1163002832', '3323929046', '794630259', '3388882289', '2292947143', '2340076845', '682639343']",0.692307710647583,4,"['376719179', '1182898496', '1163002832', '3323929046', '737793887', '1279190752', '709000552', '2094080764', '2907590014', '794630259', '3369410714', '2296248994', '3388882289', '873353776', '543702397', '2231650838', '681849597', '216055613', '3667672373', '1252111318', '4074906811', '3142524120', '700527256', '1942944721', '2292947143', '232497789', '1885819508', '578238321', '2748291543', '3778090011', '3649880329', '1659452320', '1694890587', '1819362047', '3104785479', '207560530', '1809283770', '3167579889', '3647494901', '149910525', '2340076845', '591640165', '682639343', '1847131724', '2150686862', '4082913044', '1717964794', '2147192599', '588145397', '2193438086']"
"['3159931933', '1546278939', '538761076', '1377468991', '408351913', '3438894288', '3796563337']","['3159931933', '538761076', '2328487244', '543459699', '2971992747', '2577231753', '1881787912', '1768117781', '672463490', '456056354', '1152202559', '1317097817', '928676316', '1403806128', '3060179996', '583519595', '2090581002', '1691242384', '1695961791', '1356709265', '3045523180', '1126771776', '2501336584', '484437083', '1768515823', '2867097846']",0.06451612710952759,5,"['3159931933', '1546278939', '388491150', '3171262333', '1559917681', '1923524877', '538761076', '955459256', '3654176188', '1114457387', '2997497540', '3054702353', '160359964', '74083884', '417300430', '2328487244', '1698527247', '3486645807', '543459699', '1079246413', '2293251606', '2031819615', '28008075', '881690786', '2971992747', '3063430976', '2577231753', '1881787912', '1768117781', '1375890076', '1561598328', '535991967', '2226639197', '1230812000', '208600520', '1612635160', '672463490', '1962215142', '456056354', '383438948', '514909432', '1152202559', '1317097817', '255245016', '928676316', '1377468991', '242350720', '443419382', '583273293', '2053988874', '2956244020', '1346091854', '408351913', '4026453421', '1371190146', '766302067', '1027283282', '1834094669', '1403806128', '1182349911', '1940758011', '566980221', '437270996', '3060179996', '1493448325', '583519595', '2090581002', '1691242384', '3066463228', '234828918', '503226757', '3438894288', '505268139', '1695961791', '2921036920', '1689342410', '1291989323', '3189048242', '1356709265', '3045523180', '2132152798', '1126771776', '1834288266', '3403700574', '1174178662', '2501336584', '484437083', '494374908', '1768515823', '2592968824', '2493642383', '3796563337', '1321113790', '2867097846']"
[],[],0.0,0,"['2334863340', '1889504245', '162103072', '707907822', '1453748583', '617668680', '1498007825', '751760863', '2313894202', '382149622']"
[],[],0.0,0,"['2351019746', '1614687411', '3436334546', '350986345', '582182027', '2330175417', '106146157']"
[],[],0.0,0,"['131172562', '447653522', '1642322677', '1326054051', '210747882', '475688010', '2595063041', '1102115573', '3122686152', '2699756380', '2998441054', '429455700', '863715731', '2893694441', '3057446687', '28239119', '3484778403', '4003668534', '2115179711', '2182727673', '289811724', '3100864817', '289984102', '2154698401', '2187519683', '1075017979', '443313120', '2013838210', '4028938332', '1906237127', '411273212', '1944477055', '34992794', '1936703773', '1530069654', '688344569', '1597890965', '2728560172', '1195778705', '30971323', '275606425', '3360592524', '2285332805', '2061663335', '3780619608', '1063540585', '2766499930', '1687894433', '693182869', '1516285936', '3603601123', '706780526', '732984014', '3064284253', '2748968806', '2311330868', '73792119', '1798943209', '3646838699', '2147940016', '1392456900', '3332288479', '976230693', '3156855000', '1804295165', '2370495619', '986408943', '2688806438', '1690247214', '1412867462', '1467439969', '999236018', '1511666387', '1419173408', '3185851531', '1715238609', '1743191022', '4004172280', '103862931', '713306981', '2749631777', '2380225909', '1803174737', '1014145413', '30929980', '36331924', '285821865', '413506920', '2619569412', '2626037912', '962835337', '3304351025', '1039966389', '2296733216', '1955089981', '2896351240', '610487270', '2387136225', '862161467', '1058584298', '757627089']"
"['4007664162', '4117063172', '1408841378', '1070468860', '1956666320', '293428347', '2151540790', '246225506', '2387852771']","['4007664162', '4117063172', '1408841378', '1070468860', '4120517164', '4063310639', '1956666320', '306110547', '293428347', '2151540790', '246225506', '1650972051', '2387852771', '3623237251', '1128479032', '2874165307', '1848725671', '1809406255']",0.5,6,"['4007664162', '4117063172', '1408841378', '3157953817', '2147363887', '1522478299', '814005170', '3303269539', '1747210058', '495502883', '1073027013', '2661379256', '1343965294', '1821762263', '3784799811', '3785964711', '4157873701', '4113188886', '2235564689', '1070468860', '2895474730', '189065871', '219113474', '4002552736', '930478841', '872229052', '864490082', '354114141', '4120517164', '4063310639', '1755811851', '2275414389', '2181790635', '1956666320', '981756150', '2629809280', '306110547', '2200772438', '293428347', '1806282923', '464267677', '1038480887', '1640708783', '2274625265', '2151540790', '3164564884', '246225506', '1496203685', '2582946741', '2675040419', '622626248', '92985976', '350178443', '3146834488', '515980806', '1125418596', '2038328079', '582225715', '1844482690', '148957238', '225800698', '1650972051', '826476530', '3699131923', '2447788963', '2387852771', '4038800864', '2027736571', '3635749785', '970357639', '4127312221', '3424024121', '3623237251', '1094185292', '2353110160', '2088505322', '1944633729', '1638207749', '1710757129', '1128479032', '2534425849', '1170508528', '907911286', '748984518', '3054201222', '2620880463', '3776108805', '279563430', '760266128', '2874165307', '1848725671', '31113082', '3403660332', '2842486105', '674959885', '1809406255', '2756509165', '670158821', '1117117966', '2070080914', '1820281194']"
"['4030340563', '278890112', '984019796', '1543671861', '3705585247', '3177624185', '1121513671', '1057325029', '3667744164', '1695598907', '3119051145', '931082014']","['4030340563', '278890112', '984019796', '1543671861', '3705585247', '3177624185', '1121513671', '1057325029', '3667744164', '1695598907', '3119051145', '931082014']",1.0,2,"['4030340563', '897630586', '278890112', '3108796125', '984019796', '1543671861', '3705585247', '3177624185', '1121513671', '1057325029', '3667744164', '1695598907', '3119051145', '931082014']"
"['1365503690', '2406692139', '2748103607', '1852019817', '2590127966', '2719427801', '1873972244', '1202634989', '469638404', '2828682919', '1213897216', '540593127', '198449330']","['2534686520', '1365503690', '2406692139', '2748103607', '1852019817', '2590127966', '2088251951', '2719427801', '1873972244', '1202634989', '469638404', '2828682919', '2483671929', '1213897216', '540593127', '198449330']",0.8125,7,"['2534686520', '2990665803', '919177844', '1532467278', '3368154150', '857113665', '3791150224', '2779924622', '701937116', '864683707', '3390865288', '321910034', '884238640', '129581963', '412018815', '3160216482', '739550227', '297724342', '2089910876', '131361836', '1782074762', '1365503690', '2406692139', '1236720262', '2748103607', '2957488948', '167334938', '2088742832', '1852019817', '988950593', '458590115', '729213309', '645451181', '1631941932', '2590127966', '810904564', '46793725', '2088251951', '595847568', '1832457211', '831740321', '1502634746', '7243110', '1307205720', '440597040', '362551720', '1519960869', '2719427801', '1873972244', '3494589690', '1202634989', '1945969220', '1649145890', '135660976', '1979180917', '1828710889', '2750615283', '3306237891', '1367699888', '3347775879', '2594036826', '2182421761', '469638404', '1183715522', '995281614', '756477820', '2321216250', '2294707400', '2828682919', '945723562', '1071853042', '2483671929', '981795347', '1894274840', '3167262191', '1448714460', '801164880', '964004784', '1213897216', '792270187', '540593127', '622234144', '242032989', '198449330', '2740358616', '1848235969', '1202849220', '565636957', '837214941', '2586184160', '1377030598', '615224581', '736166033', '2926446412', '1636237580', '1819249612', '585125558', '2435020901', '974647976']"
[],[],0.0,0,"['1541112519', '2446507120', '2024112320', '2014310460', '2465806335', '927838343', '784364147', '1275365006', '719287217', '2827975425', '2131084025', '2225203700', '915339401', '2360577803', '1333390921', '1676082082', '1151574990', '2596346932']"
"['1046438390', '398512543', '3732541123', '327364760', '1065595723', '864946346', '1976225486', '915930645', '2675086349', '1345809536', '1273609647', '2767124512', '4058971527', '1712226910', '2450711816', '2274916917', '1513122264', '4073980146', '907513007', '98405522', '2069425943', '1742605380']","['1046438390', '398512543', '3732541123', '327364760', '1065595723', '864946346', '1976225486', '915930645', '2675086349', '568797654', '1345809536', '1273609647', '2767124512', '4058971527', '1712226910', '2450711816', '2274916917', '1513122264', '4073980146', '907513007', '98405522', '2069425943', '1742605380']",0.95652174949646,10,"['1046438390', '398512543', '3732541123', '2300118381', '1972086641', '3786891227', '3726031649', '327364760', '1065595723', '864946346', '1976225486', '4032298741', '2813146457', '915930645', '2675086349', '568797654', '1696409182', '188464299', '3357900334', '1345809536', '1273609647', '2767124512', '4058971527', '1712226910', '112749450', '2450711816', '2274916917', '1513122264', '4073980146', '907513007', '98405522', '2069425943', '1742605380', '2386457690']"
[],[],0.0,0,"['2309550178', '1133069471', '1002042268', '4154814935', '1432484307', '2706892122', '650529277', '747147296', '3662715250', '1842137258', '125235379', '1725553210']"
[],[],0.0,0,"['635730636', '1427942321', '306254890', '2415625834', '2105842682', '2637983711', '581131826', '172128850', '3704106926', '283348032', '3359418686', '1019235118', '632617507', '1174852743', '3618340892', '116307666', '1065706943', '1370367569', '1015757806', '600323771', '2187877310', '1090855738', '3187080982', '2341210027', '840692008']"
[],[],0.0,0,"['2788334138', '1925584781', '1786327842', '843782831', '2792240831', '91254222', '115579537', '1923265905', '2138153706', '2821390806', '1030274121', '2459650506', '1310576828', '3046558484', '1534131258', '1692799509', '3129300763', '2478366031', '3175726940', '1187489276', '124709583', '2430393405', '1277935901', '1196390697', '1494903054', '1518735805', '164422944', '1744505325', '532765469', '3305374879', '2800869148', '2722765421', '3786885308', '3425114546', '2743607314', '713220127', '4119763494', '334087554', '1584890548', '1078075738', '682689261', '1263162331', '3488342863', '1397760723', '1399656347', '3435468564', '2476313764', '1487520386', '496547823', '2564959306', '1553380099', '3048339574', '990133035', '109298408', '2496756733', '31274434', '1309192285', '2036282163', '1334638274', '184765251', '8673616', '22184642', '480415055', '1802674079', '445733492', '2690388226', '3038830775', '402621328', '1992969167', '992145816', '1228289166', '2089296169', '3110730982', '3680273259', '1472900084', '1260816594', '2180957456', '1325512993', '375082653', '1493633284', '2494361832', '2799582370', '265749558', '2071726074', '1031219433', '2139540162', '2103016437', '3327595608', '2802149277', '1961909067', '4045178343', '3418568002', '432839374', '1945542174', '1673050680', '639306302', '1603638741', '3337461274', '3167956092', '1680777143', '443821908']"
[],[],0.0,0,"['1805309260', '38662445', '2436506001', '2745113442', '197248600', '2487385853', '616376906', '1335510414', '2036449201', '2858374713', '818223340', '2476693860', '392357415', '1121249854', '834098600', '2557118627', '1137002880', '279645515', '3344144920', '356052195', '2487305237', '1792561613', '1741770907', '2697742561', '2769305240', '2061177982', '912972960', '4014551745', '2713185169', '2858199510', '774057600', '2227071689', '245845160']"
[],[],0.0,0,"['1320970421', '1642803018', '2976733483', '131955836', '865531562', '2371320113', '4018704385', '1841853480', '2192636618', '2147832896', '2111740027', '1019377130', '2088155320', '400458120', '2522659620', '2108326983', '1125603538', '187553736', '2625432013', '1881246980', '843632003', '294060331', '1647462166', '1864329213', '2271875582', '1781045743', '1021914619', '2588001739', '1817477967', '254471403', '3381689508', '1722819940', '1924522133', '2529834828', '2776125869', '520647650', '750376281', '1544341617', '3638354205', '1970022133', '1446132926', '3722653336', '3315094662', '1762973829', '787451932', '2236180781', '1881583203', '1437525930', '2228307421', '1411164175', '2732241630', '2562915939', '4057650397', '2780536642', '186046375', '1476583301', '2372589561', '1402676210', '1381467809', '2893009610', '2165929663', '2947088039', '1803346583', '407014394', '249225682', '3049563546', '1730637018', '2004233411', '1360140813', '1033523772', '493656059', '2028049174', '1555414563', '2350004380', '3141089559', '694751204', '2122900613', '3170338336', '2803712220', '4121072484', '2057187443', '1547703506', '2597521201', '2257731127', '1808487580', '2054654395', '1032614373', '1270508185', '2213229182', '1506021226', '3152921282', '2076651923', '316808551', '3672284241', '2270756381', '629812340', '1658366670', '487105935', '2148548741', '190052640', '1530846937']"
"['2590555604', '3613627109', '1684030124', '4077906882', '2032781488', '930552459', '2576417373', '312035757', '659436610', '1419078156', '1059308433', '13532416']","['2590555604', '3613627109', '1684030124', '4077906882', '650226063', '2032781488', '2576417373', '312035757', '659436610', '1419078156', '1059308433', '13532416']",0.8461538553237915,3,"['2590555604', '487141165', '711793464', '3162678981', '1456505588', '3613627109', '2150511004', '4138854432', '2857508108', '214971105', '443576464', '341813302', '656534452', '982326132', '1033146008', '1684030124', '474826630', '1431763177', '890234570', '396657261', '4077906882', '3344890078', '650226063', '2032781488', '3742968019', '2757088572', '3794123434', '588367678', '930552459', '2576417373', '1388907450', '2191297326', '1176275815', '3169998738', '655902337', '312035757', '1315479259', '3336243888', '248435279', '659436610', '691999635', '1019976596', '1248110006', '4097410432', '778472624', '2094060884', '1727859901', '1419078156', '3454923876', '1047005589', '1059308433', '2321882377', '124697200', '590522329', '13532416']"
[],[],0.0,0,"['1892197058', '1883681540', '2004943147', '619086293', '586776675', '1191699025']"
[],[],0.0,0,"['1442544172', '2787980764', '1830504102', '3051347011', '2471051041', '2906910814', '1966700923', '1302169103', '1988228521', '2205857243', '2952828005', '2799935705', '3772639321', '1580209023', '1095650162', '931124732', '151513651', '756348366', '123136355', '92898443', '2622350043', '685087362', '2366648421', '1165482844', '837247580', '847870072', '2862573620', '1000229101', '113358069', '838467660', '2876759882', '1964135821', '1847370426', '1660580297', '1588004802', '2211252043', '2171859610', '229233392', '1543222374', '97997159', '350617630', '3779955047', '3766338448', '898186433', '1320072622', '1847186371', '1509726419', '2138587536', '2527513709', '969865731', '1039883137', '1618139104', '1723182224', '2802767814', '2548140431', '2623634816', '2746983406', '93824123', '2631812676', '184836488', '2625890961', '117880831', '1444377951', '950538387', '1862308817', '3613588023', '1274577935', '3359187195', '402529059', '1831215193', '4094246595', '2822537612', '2602604433', '1438793903', '1960863219', '1416594912', '3117284640', '1670270067', '83944733', '2565264825', '1163222294', '703554582', '1707163616', '1897199497', '2099426971', '271136270', '400949464', '1331816673', '4024048764', '250819348', '93401501', '1824460670', '617556344', '1562211804', '587111025', '367423944', '1678844438']"
"['145495418', '1718309973', '2379654948', '3789452437', '1403784389', '127824098', '3329272727']","['145495418', '1718309973', '3789452437', '1403784389', '3329272727']",0.7142857313156128,3,"['145495418', '1718309973', '2379654948', '3129630166', '3789452437', '1403784389', '127824098', '3329272727']"
"['1914868465', '344622739', '2145972441', '3132536831', '3319798163', '4093070609', '4060939039', '2333834397']","['1914868465', '344622739', '2145972441', '3132536831', '3319798163', '822467034', '4093070609', '4060939039', '2341269039', '2333834397']",0.800000011920929,7,"['1914868465', '1899631136', '4139593922', '344622739', '2145972441', '1554693382', '2605744858', '1356886245', '3631465585', '3132536831', '3319798163', '828730041', '2326318945', '823488241', '2327034281', '2548458423', '247243966', '3180172655', '355212301', '63079550', '574555482', '3687786387', '822467034', '745721130', '122567941', '668495372', '363611413', '2507089349', '2446804805', '5936115', '4093070609', '240298296', '2223596080', '2422868837', '2235051113', '962487960', '1097247620', '992743826', '3776036420', '518268570', '175882515', '636623273', '2808418870', '1071897743', '3309617105', '1405007444', '4060939039', '3337137621', '103206478', '2300648540', '2737793263', '2526392011', '1431364902', '2074865521', '1716997987', '2100200527', '2793531007', '718641980', '2539740454', '1748133580', '2783788315', '2075733791', '692680931', '1046774684', '2099400284', '203677964', '2341269039', '2333834397', '1442656432', '3639876400', '1081818661', '368764154', '981362905', '1195017014', '2905171632', '2473291300', '2523762802', '2020269460', '1043138860', '926680711', '1931397360', '3651010483', '1739369579', '2014622709', '2725801477', '704909718', '1980967209', '1682994095', '741091205', '894382800', '2444020513', '596209352']"
[],[],0.0,0,"['946345021', '2238710720', '533179053', '4020077109', '1524695510', '1854970849', '202564167', '3121151974', '1878137511', '361060804', '199813852', '654439544', '11589205', '3059051034', '391639005', '527373958', '1869890874', '51887973', '681961266', '1198963454', '835375969', '1948255746', '1986441091', '2442582672', '3170836564', '1507729067', '2089439006', '150263636', '195362009', '1914267930', '2649509773', '3664823165', '2380067945', '325417253', '1987776197', '92641792', '1668497433', '1938383920', '533288502', '481885832', '2258015613', '2285124441', '1244625458', '901571416', '3489718074', '720077698', '8803187', '2487464410', '1632502887', '1185185767', '744111038', '607834214', '482641757', '190565529', '1014066707', '1814670417', '3343503567', '1504645215', '259334546', '2795583445', '1410481137', '3385428767', '2418323326', '435708855', '204029744', '1549896336', '461115694', '2969268004', '2642557480', '1649564044', '3626132788', '453634793', '299226298', '3610780147', '1394184616', '455213523', '475753735', '3042175819', '3477824178', '369827057', '3706929815', '3411765033', '2434354208', '1083483451', '185628538', '3410453806', '437955738', '799251833', '2435509663']"
[],[],0.0,0,"['1466592831', '886617705', '153535147', '1313280822', '135066927', '1245773838', '4017122350', '3377779402', '209474886', '3111094626', '1891114837', '1480555184', '400853327', '4081301404', '2122252615', '418462619', '2552625004', '1695924436', '903689686', '2001624227', '991744069', '3133984223', '749475513', '1962167104', '351559738', '1335770576', '1028960956', '566253132', '2418583855', '183721034', '1114798338', '1967172045', '2242640187', '2796271477', '4017887737', '1697940766', '4076947666', '2162705376', '1495043229', '1018505407', '52532923', '340628432', '1433632050', '1457144503', '2924371940', '59760839', '1679787054', '3794070500', '832287178', '243543326', '2942364776', '2269106047', '70644237', '770586363', '237986514', '627665370', '1727037971', '362298445', '1473670632', '1606472379', '1417818715', '3676303264', '251981578', '153624728', '2665473850', '3470648836', '1036337475', '3739892537', '1590913770', '462797512', '1010522506', '3134164598', '153891872', '2457310272', '4101611981', '951831977', '3485190044', '142756051', '2120402993', '3418748990', '1401743914', '860849292', '1899890091', '3709247419', '1567175982', '809314263', '1611527516', '2129332158', '1556386239', '695180686', '1272314355', '1521439494', '2217289081', '3188736271', '236678097', '54431506', '1339393789', '1739856698', '1335494523', '1950360468', '1199317861']"
[],[],0.0,0,"['963883819', '2971147028', '2261251480', '754596975', '2798044317', '2808207137', '3387639096', '3405864736', '313488681', '1704007065', '2418514049', '1761893018', '2956329927', '738651114', '51343818', '2453940715', '3409458699', '1549200919', '1548637898', '616585634', '10856424', '2617807056', '370091086', '1315627233', '351959628', '1695477822', '2718323016', '1956096716', '2238159880', '1896716465', '2322181215', '853518742', '1112842411', '2345692405', '2198431941', '2886562370', '3159090969', '1524840715', '2011802228', '1705291184', '2777817322', '2855912223', '876890740', '3682229479', '1877655528', '2132555558', '1170301513', '3149171055', '2470322366', '3043052499', '1492065141', '2117354166', '1821498540', '1819293701', '916223836', '1859317966', '1394148172', '388212154', '1756294310', '1081899106', '432501799', '3363577571', '2905505327', '2232772214', '86747956', '2892294725', '4118595148', '1061442963', '2884295012', '1976087079', '2447321437', '1547715382', '2601237423', '2267421652', '2436681113', '2315541738', '395394240', '3317215022', '2624082107', '437282324', '1478960494', '619803067', '2340170246', '1613055737', '2120941882', '2933934328', '693832965', '621696383', '2276147115', '2159540286', '1551763068', '1038821940', '114420233', '2846982640', '2153956319', '982554708', '611272954', '150028377', '1230069636', '1361046465', '3311307647']"
"['3675505526', '2501589109', '2419785018', '3323788616', '3632368900', '3436779581', '338202990', '2621645330', '688087164', '1813015390', '1921603196', '2873109326', '244973603']","['3675505526', '2501589109', '2419785018', '3323788616', '3632368900', '3436779581', '1045734943', '338202990', '688087164', '1921603196', '2873109326', '244973603']",0.7857142686843872,6,"['3675505526', '2501589109', '2419785018', '3323788616', '1294578881', '1377127284', '2831378972', '1456154308', '1455009750', '1651093454', '1566981881', '493765308', '1239832943', '572147029', '35123792', '1756894840', '3613696398', '3632368900', '424778605', '3436779581', '215994260', '2501081935', '145769507', '2837520259', '1864796873', '2373247288', '3434906641', '2841604852', '569983112', '2588371716', '352091619', '1045734943', '217684631', '668102367', '1942531302', '543441421', '1150607471', '1288375027', '338202990', '2942184733', '1113890314', '1891820745', '747673409', '1591313034', '361479703', '3153896811', '3641357748', '2179024091', '1286482051', '3624734491', '2621645330', '688087164', '4006757362', '2625214767', '1813015390', '1345821440', '1205898562', '996440469', '3634486383', '1724950341', '1921603196', '2177067835', '3314990761', '2134632057', '2754528252', '4096540970', '2873109326', '884936329', '2355122326', '2929638105', '3361974803', '254756248', '1113547131', '967553447', '1432443045', '3174998488', '3461563544', '1995652194', '149899749', '1562839379', '1740455474', '244973603', '196917978', '1051580168', '2184797809', '834986928', '2405155117', '4000218654', '1093258396', '602937597', '2272389358', '2795799529', '451190649', '4094298796']"
"['1468028427', '885653509', '4013558936', '3439401933', '4161558889', '449388958', '3370032679', '3646838299', '1462697782']","['1468028427', '4013558936', '2280925749', '3439401933', '4161558889', '449388958', '3370032679', '3646838299', '2883752151', '1462697782']",0.7272727489471436,7,"['1468028427', '885653509', '1124788602', '4013558936', '2280925749', '3439401933', '4161558889', '449388958', '3370032679', '3646838299', '2883752151', '3466894083', '2139489773', '2497726711', '1462697782', '2790644376', '377941585', '1763765596', '2989272945', '1618017042', '2970668327']"
"['2776180550', '2215076992', '4159449218', '2369927141', '4024949485', '537916481', '3122836677']","['2776180550', '2215076992', '4159449218', '2369927141', '4024949485', '1151567348', '537916481', '3122836677']",0.875,8,"['2776180550', '3139931183', '2215076992', '4159449218', '1461407480', '2369927141', '2139370596', '1545956462', '182464363', '1622423143', '4024949485', '1123608768', '1151567348', '42751211', '3105611786', '15670683', '2117243720', '2516234984', '1901863015', '1982477521', '1992422350', '2173703632', '2730892221', '537916481', '398438609', '1168535931', '129709280', '1276081060', '3451193451', '3482093088', '768716448', '3311128884', '1485294509', '2523512019', '1229318902', '3311666921', '753100523', '2961267833', '996423534', '1278425311', '3611974866', '1820448733', '664579219', '3412775153', '388232078', '4161946746', '671204911', '2451787314', '1173122229', '480650734', '289428818', '184480905', '590050505', '950822480', '623568220', '3110309654', '1783106221', '2652390042', '2948712663', '3413734438', '1494144380', '21277337', '2428812463', '1289609783', '2623029917', '1119085320', '279526386', '1766448408', '1761995402', '865985768', '3433698633', '2657976026', '2351372244', '4037718042', '3426909217', '201260855', '1158501582', '3122836677', '611530971', '2012354634']"
[],[],0.0,0,"['5345700', '695805724', '2826844082', '2681524934', '1890251672', '1729074977', '776758509', '159345905', '1508630329', '2848893511']"
"['1959593704', '691819362', '1644816275', '3443279231', '1212060137', '2522834522', '4002899115', '2170943216', '4102014180', '1164651274', '3701276005', '2354275923']","['1959593704', '691819362', '1644816275', '3443279231', '1212060137', '2522834522', '4002899115', '2170943216', '4102014180', '1164651274', '3701276005', '2354275923']",1.0,7,"['1959593704', '691819362', '1644816275', '3443279231', '1633134808', '1212060137', '2522834522', '1902330730', '4002899115', '2170943216', '4102014180', '1164651274', '3701276005', '2354275923', '1057204382', '645749079']"
[],[],0.0,0,"['790280213', '2418185964', '1831028933', '919437135', '1882750675', '1531555193', '1147613270', '3031925211', '1504853080', '659331676', '3373881799', '838506960', '3178186522', '3430560863', '958984070', '731013438', '3137737654', '1722329763', '1580831231', '2246312780', '1068326833', '1571901521', '1996389977', '1919989812']"
"['1811155892', '1447232317', '480924630', '4138692634', '2058531975', '573763261', '1016125358', '1057053095', '1904843149', '1817295944', '855955287', '4106313411', '1482921634', '4142820336', '4126304158']","['1811155892', '1447232317', '480924630', '4138692634', '2058531975', '573763261', '1016125358', '1057053095', '1904843149', '1817295944', '855955287', '4106313411', '1482921634', '4142820336', '1247365722', '4126304158']",0.9375,4,"['1811155892', '1447232317', '1339281698', '1324536232', '480924630', '4138692634', '2058531975', '573763261', '1016125358', '1057053095', '3634009992', '1904843149', '1300755742', '1673548039', '2638598178', '1817295944', '855955287', '4106313411', '1482921634', '4142820336', '2063827428', '4099871419', '879197606', '2637744978', '1247365722', '4126304158', '2855933907']"
"['993696637', '3614939946', '4075888187', '3418085343', '2062124292', '497276430', '525944392']","['993696637', '3614939946', '4075888187', '3418085343', '2062124292', '497276430', '2209283049', '525944392', '3605940047']",0.7777777910232544,14,"['993696637', '3614939946', '4075888187', '1411941668', '3418085343', '3318102472', '2062124292', '1860095891', '3450440061', '490857017', '3174498151', '1256444122', '1456140709', '598846417', '600993349', '520920832', '2078406732', '2960118835', '2653490323', '3330896189', '311952223', '3488806508', '1378357498', '4058987080', '3638051231', '2234981906', '3444443574', '988373758', '628706313', '1918221293', '2136874471', '958879642', '2273995864', '1187834492', '3390786013', '1562244428', '378209287', '2937625637', '162125193', '1490847767', '1321514910', '2839455471', '216294582', '1445930905', '2282178931', '318316399', '2284116495', '2191331825', '616533897', '713948771', '689736970', '218422864', '1331593768', '919864134', '93881347', '3305630713', '497276430', '1709096006', '2986698952', '2460134366', '1303119360', '2992461463', '2143762284', '47864543', '507407440', '2608467838', '607395216', '693198156', '3172312536', '3404814772', '2893311560', '2683577336', '1971427740', '1677066460', '2664876363', '1645772126', '2503132465', '1754406739', '2209283049', '3356317777', '758101688', '1239819607', '2821244680', '1118154147', '755469439', '2377744507', '525944392', '3313456648', '2357754909', '2172204833', '4032425273', '3605940047', '1751345228', '3113866440', '1011025421', '4078949631', '519776667', '2008546977', '1927080738', '857443256', '1681048162']"
[],[],0.0,0,"['2015212872', '2275936615', '1720559983', '2558215060', '1029878002', '1604915437', '678811964', '208165195', '2998099022', '1946055011', '2508040303', '2591043713', '2903715860', '2217321918', '67737089', '1690076112', '1027224517', '3054009763', '2768168922', '1280121118', '1861108735', '3162064913', '814842316', '2828037762', '3324001378', '214049344', '1009629601', '112081141', '1331258660', '1608608319', '2600732343', '2551035017', '1991773443', '1566241868', '481773678', '2595444606', '1207817284', '3034254973', '1795315431', '388864005', '1757568262', '2463349062', '2789370913', '1169999413', '1489095461', '2712315934', '325206944', '904415028', '587786655', '2584716532', '341735475', '498584349', '851253523', '1443936216', '1022181329', '987382844', '960589631', '916103407', '1729868205', '2014812213', '549717860', '1866027092', '2940208618', '2008328581', '1105640112', '1507737861', '2357005879', '2689716680', '2197209166', '2634830144', '85719620', '2888392062', '1312913400', '676135717', '2255350280', '1868179528', '3305096055', '2588095113', '3449392191', '1497150867', '963550431', '2897186338', '2470139837', '1217901081', '3665175940', '1555543582', '2598609160', '1611563271', '2954874233', '1267128137', '2854676724', '2606430533', '2536526180', '2104810733', '1891082430', '1512265809', '1331235310', '680420330', '2387047406', '1366889391', '669988862']"
[],[],0.0,0,"['1860001587', '2930828038', '1404837818', '737652728', '2405437805', '1880897233', '508750433', '2687010567', '466989715', '1066299237', '2567601147']"
[],[],0.0,0,"['1343777925', '1437824933', '1241015822', '567745988', '2837326605', '3066789139', '2860042232', '1332586603', '1678994915', '2284894639', '1930626286', '2169019707', '116672148', '342233585', '633594263', '390927489', '3635918121', '37532585', '1217623960', '1382653107', '1324429239', '2334294702', '48336966', '1247476341', '973131910', '3620430335', '2237076536', '3150048385', '1050294163', '2314125982', '1860634741', '888128912', '306387327', '2600413521', '2125684821', '3363155991', '1214033319', '2340961336', '1649969085', '2148176731', '422518442', '101790', '623609413', '3386098892', '3304223868', '2733642612', '1183767723', '3438734492', '2204225960', '1855558662', '2036977130', '2430951879', '1856242629', '2539577536', '3053776614', '2516640526', '2564420461', '425627069', '759321642', '2321211933', '1661771963', '637563901', '2890713782', '912641445', '870927350', '922842340', '1377588460', '1696217790', '3400229303', '929454881', '1114429063', '8569163', '2341311940', '447160400', '1782286775', '2839425730', '998223407', '3353589272', '1794495913', '2890708680', '19786315', '1146487904', '2519123329', '1932912768', '1154082443', '840067580', '1578701284', '293928575', '883901288', '2881120501', '60062707']"
"['1781218045', '392254349', '995743458', '2429311535', '1074222567', '726914842']","['1781218045', '392254349', '995743458', '2429311535', '1074222567', '726914842']",1.0,10,"['1781218045', '608530270', '1176951227', '392254349', '995743458', '3127175705', '1869707281', '1965528174', '1652706760', '2004290326', '2368100078', '1189123428', '2429311535', '2366907330', '1106951940', '748666966', '69790080', '1197731624', '2787405364', '968089460', '2150138520', '1447970833', '4078624097', '2578858928', '673403528', '1394804741', '1026686006', '1759528232', '3396251748', '2977539560', '1074222567', '961964018', '2162322401', '3493323244', '766686797', '1818776100', '1636698724', '1381950001', '1032497227', '3175278806', '4033630822', '2757252463', '2339420216', '2225808731', '1213881341', '2147990461', '1955723114', '2316108577', '2460770702', '938195430', '726914842', '1716715026', '2107057626', '2618450605', '1141500863', '646323244', '2605896702', '2688031654', '2217348840', '1162575403', '194283080', '1957627128']"
[],[],0.0,0,"['1671759344', '1862368040', '2276453760', '1719740720', '1053552802', '1449753522', '3341249833', '2136151540', '2650414105', '3480402559', '3665072284', '1548808541', '879856232', '409810109', '738305018', '509464301', '3789231741', '2704350911', '3337443788', '2487766220', '984125061', '2918175133', '758865140', '1296666602', '2184124807', '2676581160', '1385539088', '1402369206', '705539036', '3363131341']"
[],[],0.0,0,"['1573216406', '1114439632', '147225332', '663553178', '795314302', '2134984905', '1161970837', '2349127962', '2045918440', '1831449831', '553356605', '2913918460', '3189802474', '1666264106', '764618652', '655943005', '1727338762', '1213783583', '1227766201', '2104498335', '1178253487', '1091134681', '18705150', '291254997', '2981102815', '2896004830', '2024532635', '1899218175', '2477320139', '3413874697', '1262854909', '1403093567', '2759538712', '928497421', '1217357098', '648747521', '1073484635', '1555678119', '1718130360', '4160496131', '1410298702', '1309895196', '128648761', '636969842', '1916160902', '2615393509', '4037844207', '669025270', '166694709', '3678059974', '2281949630', '1926227589', '1502060581', '2234030341', '1390221411', '3449837230', '729774730', '477451468', '155334355', '1441808034', '813327609', '2725063603', '692887271', '1026765740', '3613833667', '1222789082', '748238706', '2970982611', '3483530046', '2796034400', '3460180945', '905044263', '1330282431', '657054039', '1255225980', '2908651763', '1780926472', '595667288', '2698782420', '442187400', '405108503', '258202058', '1929545003', '700177900', '1261324610', '3690511469', '2087293480', '3474128236', '1629249733', '2290973273', '2219599634', '1158152633', '1710785541', '3661670013', '3753460928', '2855491157', '3389073321', '1611417581', '3185387385', '2239174691', '318319495']"
"['4140372785', '3431475083', '1168664111', '3673720069', '2077488894', '2778268552', '2608890946', '3656894836', '909377449', '780048542', '1942255627', '2410838469', '950313811', '2587669841', '648426244', '1394498888', '4000928362', '647264792', '691137199', '1336469310', '4129444497', '1464683155', '1378335729', '546654557', '4096310562', '1246769412', '1342573847', '1497106259', '2490920672', '1757204846']","['4140372785', '3431475083', '1168664111', '3673720069', '2077488894', '2608890946', '956513423', '3656894836', '909377449', '780048542', '1942255627', '2410838469', '950313811', '2587669841', '2806830179', '2452863211', '648426244', '1394498888', '4000928362', '647264792', '93110904', '691137199', '4073307094', '1336469310', '4129444497', '1464683155', '546654557', '4096310562', '1246769412', '1342573847', '1497106259', '2490920672', '1757204846']",0.800000011920929,8,"['4140372785', '3431475083', '1168664111', '3673720069', '220415784', '1744950406', '3759361539', '114693894', '2077488894', '1854629757', '966515293', '3703524501', '2778268552', '629975938', '4048879721', '451182012', '1980850821', '2608890946', '1940267914', '800142653', '965781159', '134040808', '751570302', '1620064563', '2697110266', '2659301775', '438001225', '3423747162', '1565303446', '956513423', '3656894836', '1371759996', '387926825', '909377449', '1364870058', '1988591463', '780048542', '1942255627', '2410838469', '950313811', '722274145', '122191331', '2587669841', '2806830179', '2452863211', '2426451763', '1986872139', '1859798558', '648426244', '2165738269', '3057209648', '1394498888', '4012580913', '2184119703', '4000928362', '4028793655', '647264792', '1896434269', '4016637583', '93110904', '1194220779', '4046624546', '1619625391', '691137199', '3613243947', '927657892', '423925487', '4073307094', '945954662', '2692462303', '1832809646', '1336469310', '4129444497', '1464683155', '303158484', '1680722731', '1378335729', '2842435381', '3324986581', '1722335922', '546654557', '3384754988', '1797108099', '4096310562', '1246769412', '591458429', '2363292404', '889427793', '4102773445', '1342573847', '1497106259', '82851802', '1954702855', '422821672', '3437270581', '2810181435', '2490920672', '4135587804', '1738219462', '1757204846', '4026110635']"
"['1048478787', '1500936489', '1471797679', '2422734278', '3116436302', '1476946866', '2456133909', '2074023949', '4000875181', '1337550450', '3115034599', '787425034']","['1048478787', '1500936489', '1471797679', '2422734278', '3116436302', '1476946866', '2456133909', '2074023949', '1137233495', '4000875181', '1337550450', '3115034599', '787425034']",0.9230769276618958,3,"['1048478787', '2418561462', '687248672', '1500936489', '2079915164', '1690338408', '1471797679', '2422734278', '1199392830', '3116436302', '1735329377', '1593848391', '721735522', '1476946866', '2456133909', '630921737', '734152872', '2074023949', '1137233495', '3181078183', '1321909274', '1576366927', '1636398192', '4000875181', '3387604970', '1337550450', '1190061570', '3443571023', '294573156', '1588541180', '3115034599', '787425034', '1633265554', '1565628577', '190079285', '1377330119', '1641165244', '1954795955']"
"['4017839362', '3612609756', '3464692490', '511862307', '2661077358']",[],0.0,3,"['4017839362', '1591129069', '3612609756', '945784019', '2325949223', '3427931632', '634661691', '971959954', '3464692490', '511862307', '2599605401', '773268798', '2661077358']"
"['4114364755', '3334529847', '558478174', '1947753324', '1710349053', '1165830457', '3434757598', '2415928927', '2421514273', '3318551338', '611492655', '4008815102', '596159524', '3459122233', '2466863458', '4127283597', '2490580950', '1970645755', '2582136472', '1141001598']","['4114364755', '558478174', '1947753324', '1710349053', '3434757598', '2421514273', '3318551338', '611492655', '3459122233', '2466863458', '4127283597', '1970645755', '3425746823']",0.5714285969734192,3,"['4114364755', '3334529847', '558478174', '1947753324', '1710349053', '739719582', '1165830457', '3434757598', '2415928927', '2421514273', '3318551338', '2749318428', '2332873566', '2452234666', '1079708342', '2547602067', '611492655', '1956451021', '361050704', '4008815102', '1991559695', '504513609', '3129853303', '1909581155', '713762271', '596159524', '3501049549', '3459122233', '1922962463', '1369339819', '1900085449', '826099085', '2466863458', '2328673355', '1495328085', '1436084605', '199945045', '378816427', '2612087181', '1177309451', '4119064267', '1445941361', '2773284946', '1302001874', '4004385615', '3039005464', '435822208', '4127283597', '1982411111', '1149423728', '2208056584', '2249985280', '3715691838', '1106260481', '2490580950', '363821764', '1970645755', '116126401', '1787236214', '2469413877', '2018771681', '2211413694', '3709656936', '1160973106', '3467111548', '4162432403', '2675467026', '2582136472', '795770497', '2294335038', '1399958976', '971969475', '304341905', '520285415', '1751938580', '2839426876', '2077935153', '2749359984', '3665589963', '2419796633', '3455440674', '568515562', '79304310', '2074489414', '596547255', '3425746823', '1690903458', '1203726345', '1141001598', '1055312986', '2255060881', '928738638', '382557473', '295677066', '2415981810', '1099823902']"
"['1930906135', '1611500575', '1919853766', '3681081415', '482572410', '749224626', '3145354415', '119109086', '1675813949']","['1930906135', '1611500575', '1919853766', '3681081415', '482572410', '749224626', '119109086', '1675813949']",0.8888888955116272,3,"['1930906135', '1611500575', '1672790681', '1919853766', '103685471', '3681081415', '482572410', '2221108229', '749224626', '3145354415', '119109086', '1675813949', '2902651921', '1389084813']"
"['553206465', '1373325958', '2450607506', '2656697182', '3493021549', '968196644', '2272591071', '3033654907', '1735439658', '2848177183', '2872664158', '118086544', '3420198923', '2963065157', '1618240946', '4063412620', '3170453491', '1961367046', '828243454', '116211686']","['553206465', '1373325958', '2450607506', '2656697182', '3493021549', '968196644', '2272591071', '3033654907', '1735439658', '2848177183', '2872664158', '118086544', '3420198923', '2963065157', '1618240946', '4063412620', '3170453491', '1961367046', '828243454', '116211686']",1.0,4,"['553206465', '1373325958', '2450607506', '2607860625', '2656697182', '3493021549', '968196644', '2272591071', '1429311510', '3660866932', '3033654907', '2005850495', '4040474352', '1735439658', '2661965864', '3433529039', '2848177183', '2872664158', '1765163539', '1726996614', '118086544', '298882893', '673551637', '3420198923', '1396471115', '138396839', '1922240382', '2963065157', '1618240946', '926450395', '1109680068', '764050132', '4063412620', '1619817468', '1343967860', '154148640', '3170453491', '1961367046', '1285546030', '1447374108', '1381375642', '521176945', '1722575228', '1988376813', '840618348', '2041893928', '373129253', '2724892121', '1091835969', '929217055', '2536432120', '500705520', '1551173762', '2335360829', '3377384603', '1963992729', '2416295863', '1694919177', '3355174264', '374272079', '502534828', '1925308510', '1431802607', '1260110841', '1606691616', '245353400', '2115961576', '828243454', '2903855341', '711793239', '1866912962', '935689302', '2188821812', '1922493126', '1005440306', '798924562', '2384085926', '665113590', '4126402699', '494349009', '754185502', '2619995514', '3781843417', '1654765332', '132194947', '2246982237', '1532104881', '116211686', '1217414685', '2116453707', '2488633430', '2355014231', '634371531', '532528363', '1627129859', '2633340320', '113715136', '2962710745', '2537177231', '288464871', '1362301672']"
[],[],0.0,0,"['2663492200', '16238335', '503577160', '605221480', '414604280', '2672173042', '32222925', '421399520', '849777833', '436687935', '64142885', '2557531943', '3189048872', '4026130680', '110894331', '3309466670', '1915221339', '1041561943', '2647897714', '735797479', '1018933324', '3416741646', '954035416', '2144707260', '1013313330', '3642321053', '1766119180', '3123108625', '2293527064', '1856947600', '1477902302', '2370939301', '1467692106', '3746950239', '2006058844', '1816479664', '954945744', '2088238084', '2536715180', '2586816233', '127822064', '1556568763', '2198555429', '2333119067', '2347277360', '2544255833', '2192806944', '842664405', '681145523', '1098488162', '1305215494', '690057025', '2857704036', '815106961', '1865650696', '71837105', '1439549842', '1206085941', '1098678961', '1683820737', '15020235', '1014873855', '973033000', '2954333344', '2309164412', '1668509468', '423129419', '2755171583', '898163449', '1077931233', '2156335466', '952769093', '2263823307', '2060956825', '3479746716', '2217283540', '963394434', '2773229102', '3326525735', '2298482810', '1545586569', '3606730188', '2694440029', '18964685', '31685165', '1838674324', '3421563177']"
"['839168557', '1177762261', '2666973313', '1607699111', '3603367505', '784543788', '2804549422', '1803821443', '1225205892']","['839168557', '1177762261', '2666973313', '1607699111', '784543788', '2804549422', '799610008', '1803821443', '1225205892']",0.800000011920929,3,"['839168557', '3638049362', '65392116', '1177762261', '2666973313', '384459477', '2759840701', '719744837', '1607699111', '1127689730', '3603367505', '784543788', '947747092', '4009278984', '2804549422', '799610008', '1780166139', '2834408470', '4136509896', '1803821443', '1658018122', '2351970065', '2831038121', '1225205892', '662578227', '1545894775', '1844337710', '1164701714']"
"['2417417880', '2708339323', '756858753', '3470903985', '2936624682', '1174214757', '642550444', '1580655091', '2986643300', '2321142057']","['2417417880', '2708339323', '756858753', '3470903985', '2936624682', '1174214757', '642550444', '1580655091', '2986643300', '2321142057']",1.0,7,"['2417417880', '2708339323', '756858753', '3470903985', '2455928246', '2936624682', '1174214757', '642550444', '309250418', '1242447421', '2776612469', '1580655091', '275161649', '2986643300', '2220010324', '3350733117', '3372638739', '2906397173', '2416575174', '2321142057', '2245722382', '1673861227']"
[],[],0.0,0,"['2521587543', '1816586113', '685460314', '873932823', '313230167', '2571782907', '737138717', '939697717', '784109226', '913102927', '1849084264', '2602625616', '2937587635', '1627485374', '902436064']"
"['1510515001', '2572094027', '1798242741', '2313786027', '2902454939', '1656377770']","['1510515001', '2572094027', '2313786027', '2902454939', '1656377770']",0.8333333134651184,3,"['1510515001', '2572094027', '1798242741', '2313786027', '1814408237', '872978569', '231754571', '2501234715', '2902454939', '242383452', '1656377770']"
[],[],0.0,0,"['1282400481', '1885545605', '1136392444', '9416435', '628089419', '4107170673', '1560735387', '2279559341', '193272939', '2795772201', '645630924', '1006925194', '808724826', '482357375', '1800150337', '2489125061', '111095255', '600627181', '2635948104', '1698786720', '1230748224', '2209219642']"
"['907964874', '1318486193', '4036048328', '720900893', '1754546979', '1391273173', '2976172277', '2574885319', '486616138', '1259362291', '3414211020', '3389567774']","['907964874', '1318486193', '4036048328', '720900893', '1754546979', '1391273173', '2976172277', '486616138', '592521382', '1259362291', '3414211020', '3389567774']",0.8461538553237915,8,"['907964874', '815007762', '1318486193', '4036048328', '720900893', '1754546979', '1391273173', '1112615481', '2976172277', '1199773543', '3388840327', '472792865', '781602736', '2555286229', '183342119', '851663032', '2987357925', '2574885319', '486616138', '1428703461', '76070171', '3414134510', '2644864907', '2865486104', '592521382', '1259362291', '3414211020', '3389567774']"
[],[],0.0,0,"['2707547223', '111822640', '3488344006', '466372715', '2401022180', '1028278561', '2007398880', '2090605940', '1452526137', '640735122', '871829282', '147130370', '1806364872', '1507868540', '2415100969', '3317486190', '2534990722', '2260145031', '259537240', '2744519859', '1025694944', '894651622', '2540189121', '1149158817', '139389408', '3141926201', '1592531135', '2817848735', '2697677082', '2016257008', '3450901721', '784148045', '814736181', '1584125580', '1250089582', '4078023016', '357967019', '1056683411', '2706513182', '149527764', '4159907470', '2072621903', '2514979284', '1642475302', '686079434', '2720018181', '2686867662', '1143661116', '2886607211', '2915546807', '3143215679', '290107334', '948787407', '970301779', '1238906941', '2365680615', '3722286435', '492898480', '1207402296', '145048675', '867119550', '3370455613', '2837232406', '1414718219', '1957611892', '942161739', '141289415', '1887100665', '2173675441', '1586259034', '2574338977', '1749143620', '440706280', '1296000030', '2992120183', '2595173912', '862431463', '1230196221', '3172377240', '1725163715', '2354611324', '2297273709', '1199271401', '2527249400', '812500362', '161952739', '1232010501', '316611415', '858344140', '1294834600', '636475403', '1781691743', '2850118821', '2435298300', '2228200128', '1666076910', '2256758420', '2140879660', '2206411160', '2153431572', '2424690281']"
[],[],0.0,0,"['2303386533', '4059986273', '2189693718', '858263016', '488562023', '173244342', '3409632680', '3313599729', '3124046371', '2376864236', '2635725004', '3401025050', '1451011566', '327260183', '157591430', '2893191684', '1321483473', '2162343333', '217542792', '1132775531', '3066168532']"
[],[],0.0,0,"['2742242447', '461586539', '3169416426', '1606306772', '209671064', '1198659584', '2851650713', '1281893220', '2973136628', '1118818075', '1461371259', '2551892930', '1047443163', '1520662479', '2964531843', '1389531131', '1552677244', '1590141201', '1081162979', '1276705536', '889325621', '2213883789', '120237377', '3711819132', '380231512', '1394597581', '1235828633', '1904140013', '2642643900', '3696973980', '774922110', '1588272024', '41160457', '549814566', '1681178365', '1487858017', '418468869', '2129271640', '1804201915', '1453172866', '881984411', '1609564197', '2666828767', '2293706993', '2036651902', '1777926526', '308284880', '1309304446', '2989359428', '675456223', '1176397972', '3474873924', '2078012870', '1037135486', '1497821394', '1360466829', '1476326907', '170512233', '3343653848', '1723379618', '2642480976', '1366823533', '379288013', '67532444', '1503970502', '334748496', '2900126115', '1559555337', '1644662638', '2054377925', '3045514620', '2758169162', '2211718881', '704992559', '247349619', '2803410652', '509618193', '2249648575', '2232318703', '442313061', '2324703747', '2076620829', '3746006725', '212059645', '1270275056', '2981545280', '3426611827', '887160284', '2987888770', '1092602978', '2102401133', '1453676657', '2069555939', '2462955609', '2929435704', '1708247210', '3120644625', '51006151', '1457436039', '2204623435', '427070678']"
"['2381776820', '1075734295', '1596512862', '3656972404', '995327543', '4017458943', '4121372332', '717412212', '3715902144', '2285542881', '3710552416', '3480206443', '119148245', '1586720147', '2550172865', '4030436536', '4019361856', '4055005468', '3693965252']","['2381776820', '1075734295', '177961598', '559919195', '1684329319', '709583096', '1596512862', '3656972404', '1909554358', '995327543', '2635448253', '4017458943', '1584862405', '4121372332', '2923994744', '717412212', '1496871222', '1085352858', '3715902144', '2380338271', '1106358355', '2285542881', '1927349089', '3710552416', '2888341767', '1943220317', '2710561425', '1399888494', '3480206443', '119148245', '3144865914', '1394853659', '121700905', '1586720147', '2550172865', '4030436536', '4019361856', '3468923930', '4055005468', '3693965252']",0.4749999940395355,2,"['2381776820', '1075734295', '781163177', '2790634165', '177961598', '559919195', '1684329319', '709583096', '1596512862', '3656972404', '1909554358', '995327543', '2635448253', '374030640', '4017458943', '1584862405', '4121372332', '2923994744', '717412212', '1496871222', '1085352858', '3715902144', '2380338271', '1224083528', '1106358355', '2285542881', '1927349089', '353948162', '2359836169', '3710552416', '2888341767', '1943220317', '2710561425', '1399888494', '3480206443', '201728054', '119148245', '3144865914', '1394853659', '121700905', '1586720147', '2550172865', '2705059060', '4030436536', '4019361856', '3357423941', '3468923930', '4055005468', '2260174745', '3693965252']"
"['353458465', '600534744', '4125338133', '495623066', '3700210914', '2823299824', '2783985062']","['2536043533', '353458465', '600534744', '4125338133', '495623066', '3700210914', '2823299824', '2783985062']",0.875,4,"['2536043533', '3683590350', '2256462202', '1871444443', '353458465', '600534744', '4125338133', '1067653604', '423653656', '2275644668', '1044610308', '495623066', '1872823468', '1352399574', '3700210914', '89464156', '345652184', '2823299824', '2783985062']"
"['259887649', '1913913230', '110916532', '3031317328', '109182935', '1807450505', '1852905389']","['678495041', '259887649', '1913913230', '110916532', '3031317328', '109182935', '1807450505', '1852905389']",0.875,4,"['678495041', '940440680', '259887649', '2499472720', '1930685620', '193445160', '1181628260', '690085340', '2309283382', '1913913230', '3606555963', '198022591', '1353149665', '1035636999', '2875286226', '2774093241', '110916532', '1364316480', '661854605', '676275040', '3061047573', '3031317328', '1424749138', '1385113961', '225370926', '2481408681', '1708057979', '4122189157', '1161713501', '607108682', '2061272823', '1396673130', '3036381659', '1828991402', '939291700', '1806583241', '991960945', '619023433', '217019759', '246209812', '3333101643', '475668575', '277149895', '3101818337', '2817140342', '1460487721', '586671903', '2870473644', '109182935', '1502268024', '835893207', '2248836340', '1186829801', '305706725', '812526125', '1133093364', '3462320727', '644985340', '917774240', '314861714', '1374331933', '953770840', '1807450505', '2884472026', '1852905389', '2427537520', '538334238', '3325510657', '705569436', '1023683661', '1542381721', '668395289', '3683949841', '293049920', '880975356', '98802320', '665030144', '1816250194', '4028283998', '3128085365', '1645784120']"
"['764297099', '2992383611', '4074300107', '193849730', '1558723138', '4126244881']","['764297099', '2992383611', '4074300107', '193849730', '1558723138', '4126244881']",1.0,7,"['764297099', '2976688941', '2992383611', '4074300107', '193849730', '1558723138', '4126244881']"
[],[],0.0,0,"['1211804562', '2471070202', '2354528720', '1889439737', '1672762242', '1035537454', '1196648533', '1484119686', '1948435347', '1091566764', '715897860', '1632765321', '1265166514', '2232231411', '3066999007', '1690653140', '1744487614', '434331635', '1264469723', '3173081630', '1153481306', '939434423', '1882156233', '1574562883', '558611722', '982529922', '3705846319', '2653071741', '1407105578', '803403062', '2798429483', '2448652132', '1487530631', '1996629123', '1747529602', '2431052740']"
"['1888962487', '2521681941', '1002127502', '586853035', '2152615586', '218559514', '2570642753']","['1888962487', '1002127502', '586853035', '2152615586', '218559514', '2570642753']",0.8571428656578064,2,"['1888962487', '2521681941', '2083542061', '1002127502', '586853035', '2152615586', '218559514', '2570642753']"
[],[],0.0,0,"['301268530', '2644013538', '717197272', '966594018', '1963340739', '21226116', '3066078131', '2493607311', '1523004684', '1879355029', '824740836', '2787240747', '1651271189', '1645826818', '854180432', '3734173634', '2410375637', '2971276420', '653967001', '464464707', '869454005', '1944250176', '1154796795', '1969716526', '1190554733', '1398005575', '3374527662', '397067935', '2795572632', '887557840', '379813433', '135362448', '1018310900', '1853950707', '1247832510', '259413107', '1884518440', '1063815869', '645257120', '1382210022', '1681333444', '1721191739', '281316575', '2413419463', '1734807667', '2631818208', '1821244527', '4013548547', '1966645538', '3170733977', '1899520044', '2107128500', '1175754763', '1163022768', '944789628', '1886307266', '1998502715', '1405396434', '415606766', '1909319223', '1439054327', '2505712922', '3304173293', '2063268703', '3058432105', '4158474369', '1018679022', '467771701', '1920041529', '2010743664', '2441815411', '1252896000', '1047526332', '2226611532', '1339549403', '1230637647', '1555092156', '1783316785', '1453099963']"
[],[],0.0,0,"['427828407', '1549517432', '217560411', '2107195050', '2291034928', '2956120737', '1870680099', '1037730931', '630026378', '1863413543', '326127635', '2837016343', '631019320', '2623782133', '3313005380', '3043270038', '2344462235', '758733177', '2439345323', '368861870', '3165574676', '3326166925', '1670106328', '1263870715', '2231234800', '1082724084', '2607501431', '134281792', '162593475', '505484928', '2158030873', '1339366080', '1016699665', '2075770420', '1200947798', '2153080004', '65191055', '554849352', '2835168442', '972431803', '184632650', '1378794038', '2968202004', '434164230', '3623038034', '1856611541', '2146086783', '2980886006', '947245166', '3345633223', '555758896', '3669889403', '700259144', '2720016141', '209793548', '2090621132', '2512035541', '1118496236', '611797441', '2224444110', '2079593530', '1216004434', '1190067981', '89809009', '716443620', '453604109', '3483908609', '3032839488', '2744927020', '1360742018', '2344691522', '1754295178', '1030053440', '984020810', '2648729604', '4073076958', '269543985', '1046335488', '1024857874', '116768524', '670695583', '3420424899', '3694118056', '1333696318', '3737851612', '437534466', '1578035037', '1234164069', '473193124', '1617855441', '3683133539', '2571881220', '265538355', '3741951736', '759557169', '2374614908', '1393650902', '2879655540', '1677461242', '3378035599', '2640722120']"
[],[],0.0,0,"['127194257', '1292180241', '2420607735', '1582303387', '3113841327', '1847219125', '2691614937', '3046056355', '2443550969', '2870151243', '2299034239', '479001079', '3384433946', '86380668', '2565931120', '1748183744', '1815885294', '1081736155', '315274150', '804446456', '1990904265', '1781422751', '3387696008', '2654528513', '1395252245', '50897305', '2102302736', '2362003739', '1847936929', '1887251020', '600524035', '530011998', '2745121667', '2544941701', '1221301816', '2581485922', '1478531999', '2867737551', '345469231', '2482018864', '100110017', '1412672340', '3102902370', '2189830728', '2538646582', '3062430489', '1683300082', '242389862', '65774246', '48543170', '521732688', '2806124906', '1278811359', '3131512937', '1629760424', '3613349149', '2253552721', '2492003670', '306621650', '2174136831', '1116525860', '2602664930', '672258935', '2016862481', '741275466', '3317673307', '596714688', '1142349962', '2474937501', '1840377962', '1689493117', '1741597479', '1933405528', '3417536211', '3653350167', '1475873274', '1606067613', '2560049911', '2062616305', '460545646', '910781112', '2436969412', '1966624400', '3398742814', '1462861784', '3434125317', '3177664670', '2157672092', '1555726479', '3737147042', '83750448', '3681308949', '1130535484', '2082362482', '2617675771', '2037966525', '1692538474', '1760748501', '1455523233', '2583028934', '1214705828']"
[],[],0.0,0,"['610388548', '3141677968', '410263345', '267574108', '351761000', '3605857699', '2859680004', '2104918272', '1104531650', '2358411824', '3351445822', '329055146', '2596234955', '953922950', '910421799', '1277473073', '122576621', '4001105933', '2826173908', '2376582310', '1164400722', '1805493950', '2295946817', '1448921831', '4034144300', '106641506', '1652765247', '2372013744', '3165311734', '315788005', '2940882512', '3681127653', '2509207344', '784377838', '3340335112', '582317724', '989660675', '1107988490', '1984832044', '693598611', '318233211', '3646924164', '1559741059', '4077872854', '3618658342', '1779011297', '412288555', '1153545164', '956583671', '605150590', '2128521224', '3419557225', '3364670898', '1364727167', '3404883666', '1238300103', '1654656618', '1301289670', '755894503', '2270256259', '2456436169', '963298659', '1088910317', '1285787192', '2243520188', '3484352813', '3637818154', '2902955521', '1383191758', '2644241074', '1719909687', '206421902', '918934526', '696506358', '2686336977', '378443472', '3400932522', '2975377766', '3186804244', '3658102288', '145545204', '493251957', '2989141659', '2776118502', '3103792418', '2301770771', '2926019369', '870114834', '796104470', '4120006844', '2179212628', '1442090274', '1909442001', '4029625894', '2779915644', '262675525', '3696470493', '115273153', '1460214430', '1195376152', '2811284557']"
"['192022396', '1004541304', '522438178', '4059750119', '301665837', '4077390760', '3031808046', '1766777092', '2741228708', '1936949553', '4137089217', '1208921294', '44451276']","['192022396', '1004541304', '522438178', '4059750119', '301665837', '4077390760', '3031808046', '1766777092', '2741228708', '1936949553', '4137089217', '1208921294', '44451276']",1.0,3,"['192022396', '1004541304', '2875442560', '2536530822', '1483305601', '1648707985', '2405826009', '522438178', '614495555', '2213762558', '2050827621', '654203100', '4059750119', '2332941639', '2693428077', '885425997', '1226030641', '1504751725', '897404143', '2868365282', '2483046139', '4127207669', '1223010801', '56613528', '2044242421', '2341084918', '244085747', '301665837', '4056025518', '7445055', '4124497586', '964056072', '4077390760', '1264141281', '1676442874', '3340005778', '1963704136', '2958525205', '556191000', '3348597515', '2178191567', '2587006729', '3031808046', '264991392', '1524715219', '1529739942', '2255113742', '2070427123', '105029792', '1914679130', '392593692', '1782166797', '1782219607', '2757395906', '28270673', '806096441', '399755881', '3675656563', '3500109520', '1766777092', '3104594602', '2290870641', '1763378070', '523418364', '1031355210', '2741228708', '1936949553', '4087761834', '1403562653', '3332214263', '4137089217', '1827860622', '1170463855', '2330806962', '1602482560', '258440938', '1208921294', '1712282194', '1598753224', '97406703', '149770884', '2732859520', '1599638720', '532584531', '408823479', '2360740394', '2570553733', '1319914484', '3145966728', '181251268', '2065941561', '2286646241', '44451276', '2157737324', '580915472', '877658663', '2839366024', '4054971311', '1499415163', '2168077840', '3353543434']"
"['1964175822', '2661938345', '4008711589', '3745740237', '778151606', '136519610', '4056716100', '1137350588', '1953124770', '4057573804', '247812202', '2566506467', '2283281234', '2319990223', '582857063', '4153829969', '534246979', '3391900091', '1105708285', '4059195058', '4103442719']","['1964175822', '2661938345', '4008711589', '3745740237', '778151606', '136519610', '4056716100', '1137350588', '1953124770', '4057573804', '247812202', '2566506467', '2283281234', '2319990223', '582857063', '927596235', '4153829969', '534246979', '3391900091', '1105708285', '2435266083', '4059195058', '605795266', '4103442719']",0.875,6,"['1964175822', '575338257', '263997387', '2661938345', '4008711589', '2730173937', '3745740237', '3177934662', '778151606', '136519610', '4056716100', '1137350588', '1953124770', '4057573804', '247812202', '2566506467', '2283281234', '1347403916', '2319990223', '582857063', '927596235', '2149712659', '3318336476', '4153829969', '534246979', '529467047', '3391900091', '1105708285', '2435266083', '1960115294', '4059195058', '605795266', '4103442719']"
"['1509269950', '1011092719', '1604283250', '558050714', '2275032103', '1499546583', '2713599822', '2232763142', '2273435728', '3319150707', '3052866293', '576680660', '2290290764', '657741253', '3047623768']","['1509269950', '1604283250', '558050714', '2275032103', '2713599822', '2232763142', '3167754361', '2273435728', '576680660', '657741253', '3047623768']",0.625,2,"['1509269950', '1011092719', '34079116', '1002209785', '1604283250', '558050714', '2275032103', '3162393887', '1499546583', '1878657690', '1250663575', '454338960', '2713599822', '3167187857', '1210167821', '2448210547', '1588362997', '2232763142', '1245196491', '3167754361', '2273435728', '3319150707', '3052866293', '576680660', '2290290764', '1889849185', '657741253', '1181307851', '625504626', '3047623768', '2002314329']"
[],[],0.0,0,"['1020959184', '2133699933', '362201993', '1138263500', '547253276', '1010159429', '2460930239', '2404026823', '3498044569', '2022201972', '1040890661', '2805360938', '2306542312', '802040377', '1599530083', '474359017', '582890215', '880217420', '2425798643']"
"['4082287051', '2423146364', '4009690588', '4058119016', '2040839649', '941339687', '1891261398']","['4082287051', '2423146364', '4009690588', '4058119016', '2040839649', '941339687', '1891261398']",1.0,6,"['4082287051', '2423146364', '2046397376', '171495632', '1978744292', '1548767531', '3604608008', '933573291', '684058587', '601817213', '2171820209', '1500559742', '3344856616', '459671729', '3144292793', '752086961', '1802289557', '4089253548', '2983934457', '2615617177', '3641464752', '572023707', '1162932974', '4021051297', '1095177619', '197131881', '419107986', '85426283', '1762003919', '166877353', '2151910421', '1211503570', '407075799', '3789188804', '320321335', '492790206', '2856538314', '2620468631', '1142057255', '2090450385', '484177906', '2006427261', '3629238601', '4009690588', '1996572740', '1356282864', '2860442338', '1179205253', '1115684537', '2001774180', '54027453', '4058119016', '1538047774', '2040839649', '434377320', '3174162280', '941339687', '1114425895', '3674043738', '2825560617', '1724199694', '2056113495', '2109020930', '1142316954', '2622122871', '1624372513', '3136220080', '2497986605', '4008898971', '99445453', '2225576021', '3633801708', '2587830132', '2890298018', '1637967529', '3444446592', '1346449101', '1276848525', '2221048779', '1957542013', '3645197040', '1388345819', '2298601408', '51370144', '3309863122', '1628536508', '210110884', '2996210523', '3346594134', '3351571463', '3337133502', '2228486713', '1454686660', '1638170197', '1100133657', '358405477', '1891261398', '1247940027', '861135257', '4139698155', '1579292740']"
"['894244094', '3625451092', '3426379754', '269999933', '2067774246']","['894244094', '3625451092', '3426379754', '269999933', '2067774246']",1.0,4,"['894244094', '3625451092', '1345483461', '3426379754', '1258356376', '513414573', '269999933', '864069430', '1915227964', '2059814902', '2067774246']"
[],[],0.0,0,"['1902212153', '759491103', '441215165', '3113585232', '1351606812', '807001727', '1806983200', '117566988', '2743927784', '2121527342', '2129887714', '4039932613', '1855140727', '1554969623', '4002931988', '1744755867', '653646198', '1732126462', '875000580', '604348633', '2474872244', '993694716', '634768720', '2309577484', '2123185306', '2487666160', '2502433100', '684218441', '772808015']"
"['412453225', '2536413663', '2418273003', '3757142738', '2041135425', '3136342874', '316240300', '3110971880']","['412453225', '2536413663', '2418273003', '3757142738', '2041135425', '3136342874', '316240300', '3110971880']",1.0,15,"['412453225', '1649596158', '2536413663', '2418273003', '3757142738', '4014259379', '2041135425', '4128233947', '477899726', '2274885044', '1120490966', '1788667644', '3136342874', '4103024882', '1062788229', '316240300', '3110971880', '2492999604', '2629471004']"
"['3105894326', '500331887', '4063350929', '2978082610', '1570050100', '3783177827', '143631613', '1183183989']","['3105894326', '500331887', '4063350929', '2978082610', '1570050100', '3783177827', '1183183989']",0.875,3,"['3105894326', '500331887', '4063350929', '2978082610', '608696882', '1570050100', '1503953515', '2104486620', '1826646614', '3783177827', '2811256507', '143631613', '1183183989', '682034679']"
"['1793512915', '3473911983', '2953868532', '2405092856', '1949061269', '2778988025', '692154211', '410523925']","['1793512915', '3473911983', '2953868532', '2405092856', '1949061269', '2778988025', '692154211', '410523925']",1.0,14,"['1793512915', '1456393142', '625485537', '3473911983', '2953868532', '170841636', '2405092856', '1949061269', '3770207003', '2778988025', '3165693230', '1900713604', '692154211', '1840458440', '2592623459', '3696453873', '1672796955', '2400131247', '1241242215', '1466556379', '410523925', '423394505', '3645387969']"
"['890677663', '2144681787', '37269548', '1222736787', '2215605790', '2814343900']","['890677663', '2144681787', '37269548', '1222736787', '2215605790', '2814343900']",1.0,5,"['890677663', '2144681787', '37269548', '626553038', '1099399557', '4026995753', '1222736787', '4002472177', '1616797244', '2215605790', '3770185345', '2814343900', '1875461311', '1019445095']"
"['2014809465', '1699230896', '580016061', '114363165', '2140398501', '2123047187', '893581722', '2806685206', '3373328441', '2465135751', '2386176725', '3034073168', '2803810224', '3124594830', '1479791017', '3467608306', '1485626464', '2923553768', '2825239256', '2113662846', '1933091450', '2945783503']","['2014809465', '1699230896', '580016061', '114363165', '2140398501', '2123047187', '893581722', '2806685206', '1417609922', '3373328441', '2465135751', '2386176725', '3034073168', '2803810224', '3124594830', '2013640818', '1479791017', '3467608306', '1485626464', '2923553768', '2825239256', '2113662846', '1933091450', '2945783503']",0.9166666865348816,8,"['2014809465', '1666459656', '1294617833', '507177536', '1678548076', '1699230896', '1174901503', '580016061', '114363165', '1572322365', '3431799921', '2272947896', '105177063', '3706443010', '1006462159', '2140398501', '517180769', '2123047187', '2491994707', '3117096983', '893581722', '2806685206', '640776746', '1273296263', '999120843', '1417609922', '3373328441', '2148642', '2465135751', '2386176725', '3034073168', '844614819', '2803810224', '3124594830', '3752308048', '2013640818', '3667215994', '1847908686', '716791350', '1479791017', '3467608306', '1230072650', '1485626464', '2923553768', '2825239256', '2113662846', '1933091450', '2823935423', '2945783503', '1529565934', '198426229', '1059151190']"
[],[],0.0,0,"['1000887177', '4079769402', '1405291991', '2484917500', '1872476764', '1530426459', '137442467', '2191648847', '3417827144', '3394082992', '1860342585', '2069384617', '2022222991', '2998659362', '4001245921', '4086789221', '404307573', '496645574', '862153785', '2476349854', '1929614893', '2621131647', '862489300', '1585385092', '3106989037', '518544216', '3344997025', '672830501', '3676711270', '3644876964', '3341657235', '2199308194', '402441847', '3762011634', '1711264947']"
"['3141569018', '2038178942', '2180042630', '1021253186', '1188897387']","['3141569018', '2038178942', '2180042630', '1021253186', '1188897387']",1.0,3,"['3141569018', '3453809894', '2038178942', '4023820929', '3709530911', '1165124357', '1926636943', '2590648649', '4007687622', '2180042630', '3627496593', '4001212020', '4098348018', '1831828941', '2855229039', '3641107842', '508898961', '4046458525', '2954491040', '1001501704', '3059639920', '787311371', '3640226540', '100731264', '3453483760', '2868311881', '272478503', '1001221382', '2881006509', '2386165774', '1826788220', '1396058991', '156956146', '2752116931', '1189226975', '1628965796', '3499158795', '2552888245', '3058387724', '1768470815', '2896630859', '2119903191', '334210710', '682475743', '1021253186', '1434744849', '1135405387', '2789690716', '1478606238', '1660097163', '364381961', '4137426390', '4121549352', '742329864', '1825786999', '316091528', '1295224685', '312068445', '215831060', '1906932219', '1077246199', '2268547827', '1102129074', '2426517724', '2679003637', '3353693748', '1907836165', '2005355064', '3448921104', '111034077', '657084341', '1848055701', '942891144', '3731340423', '1362780754', '92064805', '1606181624', '564763100', '3151801433', '1951895839', '1572332959', '2266635321', '4158235857', '614324973', '1459413573', '310804758', '3326705862', '1061827727', '87721578', '1188897387', '1669393616', '376011322', '705113686', '3633460936', '2672518484', '3449939776', '1474780408', '1677143701', '3065844655', '1556291463', '3608604369']"
[],[],0.0,0,"['1393345700', '1367865116', '272167400', '1555298082', '2697964420', '2070548593', '2750357503', '2846627962', '988476042', '2701360881', '814492813', '1878863902', '2752080535', '1328391324', '1682478342', '663858380', '2108991683', '1732262119', '2437111900', '2562543661', '2772259924', '1751551823', '2128114980', '2447282660', '1188343480', '2230549420', '2463238920', '2949516102', '2924226561', '1037980636', '1159154927', '1605344628', '1176946871', '2842197213', '2455901536', '3157195594', '1534870117', '157628355', '1621310807', '584758732', '951184822', '1430729262', '2660623039', '128216455', '2372725180', '277643680', '1447327326', '2438623743', '2444809808', '483616003', '1575291601', '697151313', '1526984711', '1429332303', '2022226727', '599754032', '3301575720', '2660574745', '1473851509', '2363945829', '1821900002', '2262078012', '2049444881', '1479032201', '1327298881', '745648543', '2821839113', '873503041', '83818720', '653157339', '2351993901', '1598076268', '2561375910', '1595704263', '609567514', '2833814933', '476433758', '3697404543', '2705613362', '2333368604', '1777214125', '2080121250', '3152047987', '2852005382', '3417532334', '1102011760', '799906063', '2686743226', '795743750', '1959761021', '2528257260', '2943548344', '2782138883', '1367694043', '2959649258', '176343378', '2802745514', '2104532001', '454342819', '611419800', '945894310']"
"['817061861', '724242146', '3622516627', '487671288', '2963283842', '866785551', '3060252036', '3671245234', '1512528363', '3032619777']","['817061861', '724242146', '3622516627', '487671288', '2963283842', '866785551', '3060252036', '3671245234', '1512528363', '3032619777']",1.0,8,"['817061861', '531502308', '724242146', '259666880', '3622516627', '102656365', '325718571', '1740854339', '799122303', '487671288', '2963283842', '2489813514', '429732812', '1014963893', '866785551', '2214902468', '2084265451', '1592591048', '3308440006', '3060252036', '2915184700', '1775492608', '1884578960', '482760161', '3671245234', '1512528363', '3032619777', '2747840183', '2437816959']"
[],[],0.0,0,"['2004223735', '179525477', '2890063980', '2875186435', '1176501963', '1539513824', '2387477604', '2155879005', '1810398620', '2548910080', '2465768602', '1826570844', '2543431300', '650622902', '4032760636', '1315299960', '2732171240', '1619583120', '1831043483', '2547558127', '1256352604', '1544136208', '525416940', '2945089115', '692843109', '2508235360', '2269412126', '980192434', '1111102067', '1597696380', '1391975134', '668485682', '1421741620', '1979382031', '2015326800', '2605542827', '1280584900', '1662230042', '774538936', '1896369413', '869015379', '3309443361', '2010004972', '659670538', '2471255506', '847458338', '2935493107']"
[],[],0.0,0,"['1216236582', '996888029', '572405415', '650323797', '1939491478', '2160298220', '820701168']"
"['1006979644', '53731397', '3753645035', '3051925275', '1958990589', '477789733']",[],0.0,2,"['1006979644', '861596419', '53731397', '343670045', '342747503', '1568473195', '1971317414', '501117012', '3753645035', '1269628504', '3772755216', '2179668476', '2913794857', '623191006', '3051925275', '3375335948', '1429912550', '2380909306', '1814454020', '2154870801', '1958990589', '477789733', '2156989484', '3060857724', '2572295229', '3623918053', '1902308595', '2234301394', '2135984030']"
"['4094568020', '4133072837', '596909319', '1081879389', '3364826477', '4139680836', '753453958', '4140213749', '1253483785', '263357680', '1163991742', '869790596', '3757594724', '2525829053', '2859857078', '3164487741', '4133665335', '3414808615', '4038710252', '3334654529', '1426682856', '4114447779', '4162369301']","['4094568020', '4133072837', '596909319', '1081879389', '4139680836', '753453958', '4140213749', '1253483785', '263357680', '1163991742', '2525829053', '3164487741', '4133665335', '3414808615', '4038710252', '4104713141', '4114447779', '4162369301']",0.7083333134651184,6,"['4094568020', '4133072837', '596909319', '3329043054', '1081879389', '4086340759', '2182844998', '4000787441', '2098831749', '3364826477', '223985153', '2827589902', '1986879666', '3054348907', '4139680836', '1316484649', '938970034', '753453958', '2607458040', '4140213749', '4008485224', '1253483785', '2981116308', '263357680', '1711246812', '4087196037', '4101616481', '1163991742', '2155861239', '310224965', '1515972254', '69999798', '869790596', '1326640380', '3757594724', '3107483091', '2525829053', '1245627234', '2859857078', '218781930', '1701385429', '3033841068', '3164487741', '4133665335', '2619685832', '1014439086', '212385972', '602616968', '4093030765', '1518273689', '2252190249', '3414808615', '960631959', '582245672', '329338769', '4038710252', '3407399741', '3334654529', '1426682856', '242607841', '2645759656', '1857368033', '2644630465', '4104713141', '700121846', '1498450946', '769945477', '1722846609', '3331935333', '4102267411', '2061835265', '2125992360', '1292612679', '1706882591', '4107391299', '217348965', '3334961685', '2669645069', '776662182', '717332464', '4114447779', '1315268528', '101398381', '532989033', '4061416537', '605728111', '4162369301', '977466998']"
[],[],0.0,0,"['3492345155', '1698178401', '2133135266', '765998720', '881376727', '1444834072', '1969168318', '3152457702', '1354860162', '1772298283', '789773529', '2346248532', '1739484806', '1026678182', '3620492430', '1951382123', '2189395338', '263918359', '2374514428', '2969947020', '693528020', '1661212410', '2052449816', '1580157937', '455880760', '985910891', '4128491406', '2403053862', '813169825', '2888287124', '630211616', '2149195036', '400167875', '636098029', '2705378747', '1372053139', '1615883418', '613011019', '2681263521', '2624198709']"
"['2682587179', '2684932423', '2804546680', '668071916', '2171795367', '2984548163', '3362922841']","['2682587179', '2684932423', '2804546680', '668071916', '2171795367', '3362922841']",0.8571428656578064,7,"['1469935783', '1805378280', '2682587179', '2521443028', '2684932423', '4118177440', '1479254293', '2804546680', '4023316449', '668071916', '2189057034', '844828128', '1830447269', '630326011', '822955615', '2171795367', '1130386024', '3362216959', '36305750', '1354081872', '1002087064', '2256565592', '659599138', '2952174860', '1144481105', '3399283236', '759062081', '1804363438', '866817038', '1480068517', '2078627441', '1475259369', '608921844', '2943255581', '3618934003', '2264255860', '2162634783', '2474254834', '2282762412', '2191695543', '1633664878', '626751303', '1364823126', '3650434531', '3124131867', '3038146182', '1188047842', '1948081014', '818839012', '397138634', '918194621', '760143825', '2984548163', '2847666230', '1588121616', '1710069010', '2282455237', '1454334966', '2703021802', '2083625741', '1980800828', '3186346211', '1865339805', '1142363625', '1634661184', '3340030865', '3713266237', '3413898210', '377719797', '406270025', '2750191365', '914567496', '443567253', '2643125202', '1105447918', '651473597', '1285030863', '193853636', '1633124227', '1099529729', '3343142203', '2219271677', '39070079', '2774304625', '1624176368', '2341574140', '3362922841', '2140879771', '2083946501', '3186650287', '2682916436', '72939678', '2376563707', '1214167769', '491435124', '1661345713', '123708446', '2332303841', '1332537411', '563934822', '1501951927']"
[],[],0.0,0,"['1270279018', '1033283477', '2188711932', '2704338108', '2352659762', '938099736', '507672837', '3377514763', '1333576719', '2830642921', '335982915', '1717563941', '1083587835', '1775830227', '1147427113', '1278006267', '1179307011', '2896207662', '1440188257', '4001610830', '2514613964', '1743540382', '924069878', '2361510996', '1020451540', '2538462908', '685374725', '2011314461', '1329014566', '1192488664', '1687688606', '1016075636', '3678375048', '2220232621', '3038642344', '2679543710', '1557102080', '3324573238', '1836233673', '2022422630', '433429559', '1236294842', '824906560', '1270443404']"
"['2305177026', '330401091', '1892422107', '2554532345', '1323379049', '2089201417', '3115419455', '1436036156', '1280736247', '1720884292', '60726913', '2602544864', '44521091', '4117416421', '1614384196', '1934516274', '1265467687', '3363639020', '3390147140']","['2305177026', '330401091', '1892422107', '2554532345', '1323379049', '3115419455', '1436036156', '1280736247', '1720884292', '60726913', '2602544864', '44521091', '4117416421', '1614384196', '1934516274', '1265467687', '3363639020', '3390147140', '324153729']",0.8999999761581421,2,"['2305177026', '330401091', '1892422107', '1383380215', '2554532345', '1323379049', '2089201417', '1424430683', '842729549', '3115419455', '1436036156', '48527933', '3445901535', '1280736247', '1720884292', '60726913', '2602544864', '2534788247', '44521091', '1990780334', '2679916734', '4117416421', '1614384196', '1934516274', '1265467687', '3363639020', '3390147140', '324153729']"
"['1888160328', '1551248633', '689880801', '1403752683', '1466014886', '1644339997', '1035402146', '2522694321']","['1888160328', '1551248633', '689880801', '1035402146']",0.5,8,"['1888160328', '1551248633', '1936596858', '3467585580', '1868156059', '689880801', '503937664', '1453453835', '2413353700', '1403752683', '1985462663', '1466014886', '1644339997', '1035402146', '2522694321']"
[],[],0.0,0,"['1477362039', '1085230767', '2794600118', '2856834330', '1493014669', '1628281619', '2728583338', '1826074908', '372683108', '2326868939', '1479337741', '505015143', '1520370911', '1766363311', '1889538584', '3041185369', '1683552942', '2040694907', '2598635907', '3342219922', '711909337', '983707947', '2015331269', '2323035117', '2362825501', '1160642161', '738907129', '2700148428', '985941519', '1037015743', '1826392539', '1511522134', '2681456232', '2115829229', '1260055533', '3064065651', '2467152583', '3180098011', '1307250663', '2261850300', '2578376381', '730803600', '3153150213', '2633446003', '1834013756', '916202035', '3126249318', '95706929', '2401042400', '2306504532', '2551837509', '2539487214', '45133302', '3353221284', '284362375', '1396171513', '2986894040', '746240535', '1185419146', '1537768439', '2228831313', '2746140500', '2573754512', '2258100511', '437820760', '492527829', '2979882018', '1002384701', '1540329509', '2982550524', '1718144002', '3769933426', '1588925340', '2956529036', '1950208572', '42080684', '462642390', '1065569439', '1500989944', '1877528214', '263065879', '1293329082', '18947584', '1107055509', '3466273625', '3776191803', '2848234281', '1486086970', '1375328282', '1463659726', '2934729023', '1142855996', '3649570604', '1387524284', '1578560460', '2882414831', '2531560239', '867474131', '2647544382', '2258746133', '1461551105']"
"['1807006530', '1223477622', '1433168061', '1086550943', '3163014458', '2893543572']","['1807006530', '1223477622', '1433168061', '1086550943', '3163014458', '2893543572']",1.0,4,"['1807006530', '1223477622', '3676795577', '1433168061', '1760257742', '1086550943', '3163014458', '2893543572', '2779802752', '1588789859', '1001018147', '1261003022', '1091251818', '1449370001', '4028935139']"
"['2340934052', '251254653', '2271316256', '353607532', '4032596110']","['2340934052', '2271316256', '353607532', '4032596110']",0.800000011920929,4,"['2340934052', '251254653', '2271316256', '2553679525', '353607532', '2571051104', '2968471362', '4032596110']"
"['2309971881', '1170807047', '1033155622', '1822880358', '3065733269']","['2309971881', '1170807047', '1033155622', '1822880358', '3065733269']",1.0,2,"['2309971881', '2736787240', '2353116223', '3118541859', '2171336569', '1170807047', '1893379620', '1607051712', '1963078974', '1033155622', '671789762', '1822880358', '3630119631', '2846274802', '3065733269', '2805011523']"
[],[],0.0,0,"['3772321531', '2250079980', '415173515', '1466164130', '907351302', '228536722', '2809412058', '1752323895']"
"['3467362316', '2201118137', '1535040517', '4078603602', '2100519616', '4085826557', '4162352543', '4154770975', '673296805', '1973368751', '3059202891', '2545391968', '1540358324', '196779807']","['3467362316', '2201118137', '1535040517', '4078603602', '2100519616', '4085826557', '326308623', '4162352543', '4154770975', '673296805', '1973368751', '1068626054', '3059202891', '2545391968', '1540358324', '980830622', '196779807']",0.8235294222831726,3,"['3467362316', '2201118137', '2560956260', '1535040517', '4078603602', '2034343759', '2100519616', '4085826557', '326308623', '4162352543', '4154770975', '673296805', '1973368751', '1068626054', '173894045', '3059202891', '2545391968', '1540358324', '980830622', '196779807']"
[],[],0.0,0,"['2611909335', '190426791', '303249586', '1070640979', '450173158', '4095459383', '1722700206', '1806064860', '703543901', '3134461216', '2968175901', '2932410529', '1494012832', '2506601909', '2175476410', '266971128', '3136065353', '1799020411', '186273099', '3647717099', '2480214414', '931705132', '241462825', '2317383068', '2595246853', '2605432125', '2538753450', '2296776923', '721029619', '531886251', '111295608', '3345175697', '1754287217', '2946575500', '417287906', '3037915631', '1084816861', '3150419984', '1473419421', '1345930024', '1705875313', '417058411', '1317630396', '1138335180', '1803374110', '2140940530', '1730632440', '1856567734', '3416052986', '2955375237', '888197431', '321822647', '944462704', '1972832992', '1565240340', '378802662', '1519504027', '2217191024', '2023486070', '1511341601', '1901231368', '978637012', '2282365028', '30188625', '1393143102', '554256380', '962361122', '2525298181', '1521584225', '3442488118', '1470049260', '1568689402', '2905724280', '1911648120', '3460083948', '37320488', '166217414', '2465430180', '3400481218', '1693441240', '2698666275', '3164621770', '2813312681', '3341582108', '3309612491', '1254926047', '786124509', '1452064171', '651410101', '532456019', '713087879', '2464612015', '1612053480', '3052163184', '1945304670', '2729655572', '557573525', '1147811101', '2929111220', '2423797648', '690294655']"
[],[],0.0,0,"['1923692983', '1914197613', '1458144201', '586923856', '1888061120', '1881358378', '3625531590', '1698637539', '326922253', '424906898', '2079154989', '2724710111', '2130178932', '1249952301', '2010415900', '2565565762', '269103201', '1579244202', '1646472514', '681139319', '2832572920', '2120154901', '1418318450', '2496034461', '3792463436', '2419111035', '1310778929', '7194309', '1711040200', '2388769521', '816314043', '1096729774', '1404709412', '2193839432', '2845194125', '2077442321', '2263069547', '3490839986', '2006232971', '762024017', '519536405', '1249944043', '849559612', '2543601414', '319575886', '781052181', '4549735', '1900833410', '2107455266', '728099869', '750460022', '2302165173', '2350196919', '1238640308', '1249090245', '3361408507', '715011621', '1321691868', '2455354761', '658594080', '852042884', '2080453026', '738133835', '1590920103', '1359211161', '3161970574', '2136247253', '365503160', '3032389704', '520713660', '1496234476', '2945819627', '1490240113', '2203466909', '2985500427', '1234493600', '1844473119', '2004932419', '1417244110', '865386763', '2071216622', '142221960', '2937001342', '1240345631', '2890555017', '3180236457', '2576529019', '249643915', '1299776880', '2361606251', '259250343', '1916811057', '2322882497', '384591176', '2387006116', '1354327781', '737427627', '2198995709', '2013085003', '189362426', '400448336']"
[],[],0.0,0,"['644868180', '3365488528', '140453920', '1090025780', '1737462220', '340716235', '1026169282', '1341901182', '1967592602', '1807781926', '1826537001', '1255397818', '2592006380', '390172151', '1234744000', '1780951823', '2635978444', '4029856744', '1961227434', '2420301220', '3184001681', '2937006638', '1318241414', '604950095', '1740870481', '1265207377', '1562049761', '1470864522', '3470235832', '381405615', '3049049392', '672158005', '2326208622', '1645338222']"
"['1677567848', '1166585248', '3644697096', '747602056', '3661200507']","['1677567848', '3644697096', '747602056']",0.6000000238418579,4,"['1677567848', '1166585248', '3644697096', '747602056', '3661200507', '2639350869', '1073803100']"
"['3621531453', '3155654145', '3146079449', '3486353228', '3143808993', '2913834344']","['3621531453', '3155654145', '3146079449', '3486353228', '2913834344']",0.8333333134651184,2,"['3621531453', '1834866493', '3155654145', '3146079449', '3486353228', '2375710672', '3424155558', '516250723', '807885200', '1246829140', '2527870063', '2179013198', '756517754', '1602082590', '1097830620', '2155493754', '2523297503', '2546932916', '2987225812', '1239494037', '2290188540', '1841843218', '1045595851', '1851250738', '47593805', '3143808993', '1044614715', '2445682440', '857239531', '196553210', '1356127809', '1711637838', '1435788070', '1150383984', '137641135', '1358862009', '1002685301', '1160743880', '271415015', '699142457', '643541425', '2013526190', '2986823913', '1245657632', '171437800', '1469017920', '507215190', '3484697130', '1153159465', '2029096129', '403084600', '707564234', '505782991', '2277477541', '32008125', '3450095935', '1846914440', '1804060814', '1953140415', '1144701882', '1019494300', '3356544603', '2213435440', '1744217079', '1943908017', '3639361631', '3138127897', '1084182444', '2123291843', '3102825431', '886893142', '2250590283', '924207176', '86607720', '2319230511', '656982020', '1964242838', '3333174722', '904837121', '2861868816', '628498576', '1950458870', '725022521', '2299778700', '2411704963', '462884713', '3065058603', '486230015', '1492640914', '1679183036', '813436442', '410229691', '2906963746', '985785707', '2913834344', '208493633', '562390252', '2915980861', '2612801133', '310849803', '2913296482']"
"['1343932939', '2278561788', '2067264237', '2677742800', '690157814', '488692418', '1998270814', '3382845761']","['1343932939', '2677742800', '690157814']",0.375,13,"['1343932939', '2551728265', '1911782985', '2730155150', '2079930061', '1293274739', '3722473516', '2230634570', '1051207670', '4026672698', '681292911', '226509566', '358176322', '2278561788', '289760491', '1769826698', '2067264237', '265076640', '542507607', '2292311163', '2111633638', '3183089168', '2311706082', '1482321737', '806804759', '4264015', '2843861010', '1418314706', '2056767962', '2200032571', '3616298524', '453511450', '2677742800', '1783519431', '690157814', '241979361', '2121529451', '1991430793', '2922056945', '1795505497', '2695896921', '1082834397', '488692418', '2199490853', '1672901719', '722361568', '696514580', '885989759', '1442245378', '2833334830', '1480803769', '2285238005', '62623027', '2553368140', '767653528', '435764063', '1998270814', '3382845761', '1759246439', '2277968699', '2305238341', '2689472429', '2476813029', '2942400338', '1246103161', '481652259', '3102796880', '1819430085', '1099716908', '1952889552', '1531323521', '1686557117', '2012920469', '153843775', '1169151778', '1734855649', '1390154543', '2790051662', '1020493016', '1920909973', '2310692015', '213601920', '2574622134', '844911423', '2664573532', '2440632670', '1405542338', '1834485980', '1384965632', '2499813601', '38532105', '2612713713', '4088662846', '3660783240', '1522472925', '2941853027', '2223121221', '1137686418', '2586065145', '2992580835', '2601066524']"
"['2282185643', '793211336', '1005114935', '2597046409', '1947656471', '1819505856', '1007681904', '3431711224']","['2282185643', '793211336', '1005114935', '2597046409', '1947656471', '1819505856', '1007681904', '3431711224']",1.0,17,"['2282185643', '793211336', '2248365550', '1005114935', '1496287448', '1765464850', '1115725344', '3783262316', '373470394', '2595428902', '497111825', '2597046409', '407795145', '3677617921', '1597015671', '2241228152', '213271723', '2205124706', '2888110552', '835311205', '2886046020', '3155705917', '1947656471', '2413812541', '227546911', '884242590', '1099994606', '2864864128', '1110913698', '2204513784', '3313054805', '1819505856', '1007681904', '2268326283', '573905943', '2055651385', '2579541681', '2664991140', '2316193036', '895586923', '1231184273', '2599051006', '1348344800', '3433271753', '3431711224', '4093890176', '581831790', '2082008829', '78692462', '1904997157', '1662935881', '1538654478', '1766142745', '3436455763', '1975820962', '726848740', '93666463', '1927792487', '1019227501', '1420820626', '62125839', '3704007424', '2761088980', '2796348063', '4085491884', '2327478204', '4104073446']"
"['3158661332', '433236175', '3792909044', '1151383525', '4115087046', '3682964224', '4014913423', '2317049084', '4034519002', '4062336142', '3056412608']","['3158661332', '433236175', '3792909044', '1151383525', '4115087046', '3682964224', '4014913423', '2317049084', '4034519002', '4062336142', '3056412608']",1.0,2,"['3158661332', '920496310', '433236175', '3792909044', '337071725', '1151383525', '71108582', '589793210', '4115087046', '3682964224', '413467205', '2027993871', '1965450167', '2767142701', '1901854255', '2902246440', '1799244753', '226683787', '4014913423', '2873060260', '626454184', '2879839951', '1449325443', '3393349773', '1058494969', '1219372852', '813253899', '2317049084', '4034519002', '3675461891', '1795916316', '4062336142', '3472990822', '663726265', '1406810593', '41444245', '3661472602', '816180866', '3394624920', '3056412608', '674167474', '3344350478', '1576536991']"
"['4038936101', '3057536377', '3690312804', '1680132538', '2205663990', '872846889', '2885221022', '2313904859', '2829700910', '1201661892', '1864056131']","['4038936101', '3057536377', '3690312804', '1680132538', '2205663990', '872846889', '2885221022', '2313904859', '2829700910', '1201661892', '1864056131']",1.0,2,"['4038936101', '745819489', '608951649', '1598967159', '1462014450', '3057536377', '3134638474', '1885173346', '1111405148', '3690312804', '1091822548', '1680132538', '1064127788', '2250973293', '2205663990', '2810815000', '1298603879', '4099638915', '872846889', '2088137099', '4140040763', '2885221022', '205419725', '3698930620', '2313904859', '2634537509', '2829700910', '719278257', '1201661892', '2268788282', '1864056131', '2503397478', '2716169676']"
[],[],0.0,0,"['2275161003', '2593400244', '2339616009', '219415558', '3339709771', '1340045428', '1707891928', '3746956009', '1960978214', '3443488232', '678229635', '2207096143', '163119273', '325997176', '2851961932', '1108049304', '1587080461', '2063645870', '2260556316', '3617145091', '3104452122', '155828312', '2365990833', '3153533597', '1078146091', '2128060097', '3681284320', '1847267082', '1603520583', '69288515', '1551795741', '1761936174', '3671627316', '3496136721', '977023168', '515730804', '2178257637', '1457641101', '2279124397', '221859553', '2349166769', '1363729371', '865525846', '3452447461', '792431583', '2417733123', '2154892814', '2473337369', '3375229300', '2326355555', '3763876926', '1694921274', '2453476879', '840905608', '34108333', '1747942682', '1617535723', '2788672073', '3333720741', '1092023921', '2606160722', '779153241', '620873325', '1123142304', '2233860398', '963273772', '2893259284', '524084336', '1106173137', '270351338', '1459727935', '1960563249', '1142400425', '1026176079', '1465204169', '1013207766', '3169489785', '1320970008', '418660495', '948106645', '535773670', '1081508969', '637444422', '40826077', '601177929', '3499671680', '1072884010', '570058029', '2979804032', '1268286190', '3459836812', '1176591945', '3363129941', '1371597377', '2457984218', '425224216', '1579817018', '3616695387', '1382599569', '1052990025', '1632995024']"
"['2957031627', '4154673750', '699934220', '139329769', '4095076864', '4129371853', '2102859219']","['2957031627', '4154673750', '699934220', '139329769', '4095076864', '4129371853', '2102859219']",1.0,10,"['2957031627', '1646972786', '4154673750', '699934220', '835982165', '3342237287', '4109846943', '1956544114', '139329769', '4095076864', '1898866991', '4129371853', '2102859219']"
[],[],0.0,0,"['1226131933', '1602199473', '2113490080', '1464664006', '2745071110', '716713720', '1617108126', '411706247', '2143502127', '2851101183', '1901701643', '1494769241', '373960415', '1849876002', '1799976821', '1336879135', '2149755026', '281744520', '1385482441', '2288352416', '1493209310', '1765121701', '1501016109', '2756813221', '729213532', '2172573582', '4054278936', '1547190008', '2717556627', '579428215', '1856553706', '1001260962', '2164597738', '1203058824', '2503582182', '2455675612', '813425778', '2675320617', '2832976622', '2637928018', '2423210200', '1741066916', '1603003315', '2319148243', '569224015', '255932225', '2684072407', '1760051071', '1675941711', '152407156', '970050080', '1783519829', '2299913219', '3153177368', '1781675424', '1257293064', '2087174320', '1829724815', '2337349333', '956294701', '758669708', '1245241931', '19096055', '2059840012', '1086809500', '2117231706', '326699122', '1080685362', '1864104324', '3134453086', '2020573419', '876939784', '784131762', '757952500', '1812765334', '1045303414', '1635099069', '643584322', '2590749841', '2684264505', '967241027', '2334916438', '1101310184', '262389415', '3103002817', '2180372310', '2461235384', '1983589135', '1573016480', '638431840', '840247039', '3137135945', '562303808', '1746559535', '2713519640', '2969754080', '1047987264', '177515743', '1933356607', '2379433900', '3399616126']"
"['1854567759', '291122058', '1551174586', '4102215812', '2728141367', '412965528', '2720250862', '677134980', '4134023928', '4095616996', '944829895', '1861257950', '2422143840', '2708822404', '1935594883', '610043673', '699036186', '1553746972', '1289884697', '854757891', '2233080229', '1724928864', '4057487172', '1922280295', '2970604648', '2279147837', '2536545551', '1051692590', '3434238150', '4075031802', '325175179', '1741181604', '1662258196', '2134773272', '3605086576', '2423448270']","['1854567759', '291122058', '1551174586', '4102215812', '2728141367', '412965528', '2720250862', '677134980', '4134023928', '4095616996', '944829895', '1861257950', '2422143840', '2708822404', '1935594883', '610043673', '699036186', '1553746972', '1289884697', '854757891', '2233080229', '1724928864', '4057487172', '1922280295', '2970604648', '2279147837', '2536545551', '1051692590', '3434238150', '4075031802', '325175179', '1741181604', '1662258196', '2134773272', '3605086576', '2423448270']",1.0,4,"['1854567759', '291122058', '1551174586', '945659460', '4102215812', '1146873281', '2728141367', '1633678365', '1571197913', '2655188463', '412965528', '2081004146', '2720250862', '677134980', '4134023928', '2521498356', '2309585321', '4095616996', '944829895', '1861257950', '2422143840', '1046803666', '2708822404', '1935594883', '1142885101', '610043673', '699036186', '1553746972', '2515809612', '1248656915', '383721875', '880271503', '2543285340', '1513400120', '2280973880', '593570861', '1601840358', '1289884697', '740362880', '354066303', '993908357', '885022687', '2739490956', '1560256400', '1131968882', '495700361', '2491100271', '2851507560', '854757891', '1945073672', '2233080229', '1478860362', '1552831439', '728731937', '965525307', '2164013618', '1724928864', '1154639011', '570285375', '2309594620', '1353328840', '1692446230', '4057487172', '1922280295', '104834510', '382859795', '528785920', '1831203860', '567763880', '2970604648', '1000477138', '2362314380', '353747411', '2279147837', '2233614080', '2536545551', '1051692590', '3434238150', '4075031802', '859289500', '1312905381', '1144210294', '763029082', '1662508500', '481834473', '325175179', '1741181604', '1662258196', '1849647702', '2134773272', '3605086576', '2388383844', '2423448270']"
[],[],0.0,0,"['2035941270', '2733540071', '2207873706', '2776765103', '244140127', '3429200202', '857061931', '703462741', '2122646627', '849728809', '2179962489', '782741538', '724541344']"
[],[],0.0,0,"['1118024212', '760261288', '2234001336', '762079843', '2617781983', '875553578', '1718042461', '2486312702', '2294522524', '1917030507', '706266744', '765602169', '606175238', '2184314813', '1215023601', '2298875742', '538597972', '1348786805', '1741303114', '2696205142']"
[],[],0.0,0,"['1043413007', '2285275721', '2436447726', '2943240538', '994796618', '174324934', '3037279444', '1039209179', '1040583644', '2487276913', '2011631476', '828446887', '2359305542', '2469810351', '342090114', '260261344', '193133760', '820822940', '2022552367', '1974026539', '1730318328', '2484280422', '1003036170', '2778756014', '1202803738', '2884200822', '2307288206', '2292655232', '1557546401', '51349991', '2577875712', '2130142471', '3478684165', '1956958516', '3661511930', '1668189927', '1247564318', '1564587342', '1823521862', '2483750542', '187220012', '1612244915', '1243163615', '134777693', '1209587171', '3064186596', '1310732507', '671944478', '69069043', '3069065625', '1012385230', '3433250893', '253888561', '1785409901', '3654446792', '343526048', '1272342902', '3684079768', '193381093', '2541572368', '2576597581', '1733195716', '535327770', '1634156068', '626142027', '3326382373', '1662246544', '2097675682', '606449978', '1525547876', '2094604390', '2371213838', '821818722', '1109555862', '1819280335', '426451578', '2032187812', '1554752267', '1604835917', '279535672', '1267623280', '649488232', '2177726426', '1120622364', '2713189449', '2109554727', '1927423280', '50551209', '1106337868', '2908789821', '1380988680', '188785109', '1524079438', '2779529714', '37759722', '371233600', '1226155143', '3645430580', '441702214', '4102126649', '2865068827']"
[],[],0.0,0,"['518853420', '2072317082', '1447043021', '1147815543', '776850009', '990489118', '1984358173', '2541285060', '2893847160', '2293243007', '1953042911', '956272275', '2046510332', '2103323127', '2529592981', '342584594', '1430753417']"
[],[],0.0,0,"['2807006763', '3421047849', '2207825400', '3319694311', '211370487', '294736275', '1222188252', '1029027821', '2966883783', '2692554237', '1431721530', '107765235', '25628559', '2220263031', '3364260089', '2834902716', '2884180309', '2204721449', '382814971', '1098600580', '1428119119', '795608003', '1702489139', '2096404491', '243795015', '1032599770', '853366925', '2505048668', '2010278632', '2866927039', '1439057095', '325562560', '3410998353', '1720910213', '3490043711', '1245145901', '659330506', '819493711', '1170677493', '1810401489', '1603123991', '702729690', '2545024232', '116228910', '39444475', '1831379803', '3470351384', '1241400908', '1133162960', '545244264', '3650737261', '1014685877', '1907266679', '1582560781', '86591325', '601405462', '1614142661', '1512711328', '1026740414', '1415046908', '2134195905', '1202099916', '2087935000', '1695430722', '396710247', '32850065', '2279666016', '1993404124', '1717688168', '4035460282', '2177361027', '1039348198', '1519079782', '1227257605', '3425432036', '2275379832', '2385194406', '378491956', '2230981334', '1686299713', '1313993998', '928464065', '3447211727', '650667221', '2908186825', '2416990281', '125948701', '1459456774', '755301883', '1257655360', '1560945326', '2107833163', '751415221', '3794786448', '3614351995', '2813764229', '3164062831', '3304296227', '247991920', '991824331', '3695444410']"
[],[],0.0,0,"['2579165943', '597993200', '1483533672', '1536958541', '2260518763', '3140178619', '990051431', '34760843', '576126463', '1683622139', '3362447353', '1330104123', '2262473042', '3358405877', '1415353867', '2563351638', '1882742349', '1006667752', '2407531419', '1665958981', '1654722', '3140920336', '2300805417', '2454567324', '578749192', '3441614373', '1574715517', '1431430911', '702552702', '2047314572', '2377384471', '1822255849', '235611492', '3178608552', '406115953', '969012888', '790074945', '1366110136', '2084807566', '2924006313', '824204873', '511234956', '2073590707', '1750897533', '72091803', '551251515', '2655034200', '3635436339', '144857737', '102105932', '1660873122', '1934304311', '1716897969', '1006081710', '3729231101', '1932829236', '3141717228', '362662143', '3037510131', '1876581007', '3619362495', '430219607', '1336023459', '197591400', '1237718473', '1595780633', '3749108627', '2254468250', '2917432510', '3386786219', '4096363906', '3464368521', '72937962', '767631568', '278113344', '2774153359', '1954946222', '2677205640', '126953375', '120601535', '163885456', '3323521683', '314165110', '4097120751', '4101198103', '937295291', '696719221', '1531796927', '3698352022', '1600417138', '1996663484', '461247212', '3691681452', '2059736105', '790544161', '3988205', '2019808607', '2195442884', '553981332', '1618895411', '501633197']"
"['2598087932', '4101814853', '3141784264', '2609392474', '1552506185', '2468152164']","['2598087932', '4101814853', '3141784264', '2609392474', '1552506185', '2468152164']",1.0,6,"['2598087932', '4101814853', '4035847348', '1490138321', '1787467888', '3148855237', '1697456660', '772731553', '3141784264', '671215026', '2680306035', '2609392474', '2138337502', '1802502740', '2844613813', '2582299480', '648335318', '1137057607', '1604244386', '1070897119', '394163545', '3777360628', '249996362', '1552506185', '2994104320', '1963463522', '1279810780', '744853513', '1883300152', '680677133', '282924255', '2794997801', '1757981437', '465637785', '1447241868', '1787365508', '736802739', '287388251', '1779069201', '4014197683', '1408666323', '2855789040', '2639553319', '3053793327', '1115953229', '2468152164', '594520287', '1030750304', '32059295', '3170079514', '2175971778', '2839426260', '545438897', '2893573807', '279115172', '2857851039', '1604853070', '4454987', '1531994762', '216824332', '2325720819', '2799525565', '1852629182', '3127302353', '310971835', '300199602', '2714109917', '1398606764', '3037442235', '246888671', '4094089383', '554352786', '3637938554', '719054609', '1072981977', '1037329751', '639759078', '796346764', '1206168763', '64301373', '706516401', '578355860', '818567318', '1285066528', '3129658816', '2615465525', '1705975949', '914040260', '2258606802', '692098204', '3374419342', '2051148166', '246764115', '2911495107', '1099767627', '2112549253', '1395677822', '1402343158', '2312269260', '169407796', '2092371525']"
[],[],0.0,0,"['243007442', '1772135584', '1633160519', '2181061076', '2486023821', '1981822814', '1673406366', '2761723828', '1399132600', '43901016', '2959616375', '2763016117', '2268616084', '4022671727', '2813620005', '2540687774', '1113658044', '2220075719', '2515817822', '975781906', '2539688423', '2756355261', '8468183', '1531521014', '2245323241', '2196290638', '1484013441', '706038032', '381843396', '2771068062', '2359715612', '2623062930', '2364525212', '3062804039', '1610442911', '2197062721', '146140187', '2468033440', '1699843962', '2281362708', '489228566', '943554717', '943191088', '1054600189', '1614059431', '704121906', '1076137127', '1435292206', '492554714', '675696040', '1280133313', '359642711', '1378388335', '605063321', '1810138738', '2050344709', '2737327530', '131833298', '946619783', '1964078668', '2155272400', '3313619392', '2330365569', '1599154536', '1202183237', '2719360513', '36076994', '992989344', '2760499907', '2420475025', '808345525', '2150825809', '1128098634', '1185265323', '2615210606', '624144082', '2039450424', '1977728222', '3169528755', '2876987908', '1234878873', '271074695', '2229542815', '2235761720', '2985193040', '160465895', '290433815', '1220210291', '1759910683', '690113911', '927589984', '1640334432', '159631476', '2280123973', '2011529890', '1706841061', '3410735610', '737543930', '956382317', '2778809837', '2980466613']"
[],[],0.0,0,"['1174471315', '1242301880', '2485665530', '1407603041', '1779155640', '961477218', '605423830', '707673725', '2302878303', '623210066', '1371098281', '3313254396', '1306422868', '2151238306', '1871156805', '311486541', '818696371', '2377183623', '1248206463', '819458821', '1548445402', '1037009530', '2453445135', '978730306', '661453780', '23885242', '1408425162', '204498880', '2576324940', '2282681124']"
"['2451805671', '4155448918', '2376598890', '95372339', '4141945132', '2108005993', '4029631497', '684396363', '2282142465', '1755815199', '825583089', '3774022927', '3395635496', '4100067547', '4056417917', '551918514', '802524799']","['2451805671', '4155448918', '2376598890', '95372339', '4141945132', '2108005993', '4029631497', '684396363', '2282142465', '264975373', '1755815199', '825583089', '3774022927', '3395635496', '1617519259', '875135956', '4100067547', '4056417917', '280393527', '3790972739', '3706884818', '802524799']",0.695652186870575,2,"['2451805671', '321907049', '1261696683', '2312441501', '225270168', '9792187', '585083953', '2198831005', '4155448918', '389764711', '2376598890', '95372339', '4141945132', '2108005993', '508348154', '4029631497', '684396363', '2282142465', '264975373', '1755815199', '825583089', '3774022927', '3742943802', '2493591681', '1840108462', '3395635496', '2271932982', '1617519259', '1424676066', '1429506541', '1794293928', '1732027523', '2489808219', '875135956', '1697301137', '4100067547', '4056417917', '910481572', '1512497884', '4033173396', '2215158345', '285189243', '1183450792', '280393527', '551918514', '171336715', '3063453420', '3621748582', '3790972739', '1435403649', '133862868', '1779418778', '498252001', '342295922', '1470307524', '2627725313', '151246122', '2255889712', '3706884818', '4099057555', '802524799', '3331428918']"
"['1896803884', '2784901102', '2787337957', '2123810462', '3337441277']","['1896803884', '2784901102', '2787337957', '2123810462']",0.800000011920929,5,"['1896803884', '2784901102', '1648050109', '560292964', '508417575', '2787337957', '2123810462', '3337441277', '2338088342', '2406201511', '2976875837', '2173709236', '1722220838', '242449317', '1269310723', '1900561381', '1685252750', '2037981797', '887589410', '2918576276', '499488788', '1595165136', '1003409526', '2866871727', '3645715879', '2027843833', '2977563904', '2903092533', '1354263444', '1685216821', '2379748424', '1510527128', '765198422', '4142806419']"
[],[],0.0,0,"['1145659520', '184401071', '3058194935', '1780287117', '949049483', '1898614519', '1187309362', '1288180938', '1219139219', '834234777', '227030813', '1330920315', '2224909104', '1652272723', '1447648728', '2701340480', '258397572', '3166002058', '2181042101', '1091647977', '428475229', '1852205540', '1028805811', '1040436182', '1462006892', '2255721929', '2912157982', '3127257393', '548925858', '765074271', '2644246621', '2327559134', '3690754132', '2256403942', '594466807', '3781298743', '1954425876', '2966067016', '3437234164', '2426489741', '951138880', '872566101', '102830645', '3464104481', '3127130419', '3172359802', '3373273375', '580470419', '2209068045', '1378977855', '2359457322', '905307700', '253216668', '2591855008', '2340348634', '3643501561', '853778430', '1644880835', '1213630076', '4023613934', '1770798164', '2047442217', '2746028606', '1097636731', '1293927521', '3300150804', '544054902', '3662417690', '1634840823', '2745762147', '740357603', '4003452881', '2881739141', '1567918829', '3685373825', '1966502681', '524445098', '2143684464', '803683698', '1737167663', '1270255895', '3155356186', '1649089003', '1898128881', '1278972100', '882832244', '2113021501', '1727488344', '1874625872', '2061691015', '2777660468', '2709921549', '4162584854', '2649214703', '1948221506', '1969509543', '1843723122', '906542230', '715248863', '3166981064', '3405121288']"
