label_gang_mem_list,pred_gang_mem_list,jaccard,subgraph_gang_label,subgraph_node_map
"['3625758824', '4055424037', '3498798533', '4019506777', '2448172627', '1715626301']","['3625758824', '4055424037', '3498798533', '4019506777', '2448172627', '1715626301']",1.0,2,"['3625758824', '3313169733', '4055424037', '129581688', '3498798533', '4019506777', '840527993', '2448172627', '1715626301']"
"['2441028801', '948476027', '4046416080', '2153665651', '1908761176', '2478388722', '3339564542', '1406523599', '1288882285', '276961837', '1221836713', '4060800199', '2573837358', '1257288345', '3409537574', '3367514071', '4107546106', '1643047327']","['2441028801', '948476027', '4046416080', '2153665651', '1908761176', '1608920485', '1406523599', '1288882285', '276961837', '1221836713', '4060800199', '2573837358', '1257288345', '3409537574', '3367514071', '4107546106', '1643047327']",0.8421052694320679,8,"['2441028801', '4024657649', '948476027', '295842638', '1212863626', '2167513991', '63772940', '4046416080', '2153665651', '1973893051', '1908761176', '1146154818', '1668366450', '1608920485', '2478388722', '121780607', '3339564542', '4116985468', '3119029996', '1445938064', '584449111', '1506661542', '612539629', '3499005581', '2615409125', '2185429747', '1406523599', '4001904434', '526346692', '1288882285', '1584593277', '965295146', '1830735510', '4126032836', '276961837', '1221836713', '4060800199', '2217928486', '707790747', '2075740282', '1772509213', '2573837358', '1151140292', '1974402698', '2247649784', '1257288345', '4141717715', '3409537574', '1498162697', '2639626116', '3367514071', '425984751', '1812710009', '424779298', '4107546106', '4001283467', '1361030539', '1643047327', '1134629358']"
"['1195615436', '686608281', '3380325075', '1820443074', '1254927312', '2986839256']","['1195615436', '686608281', '3380325075', '1820443074', '1254927312', '2986839256']",1.0,4,"['1195615436', '686608281', '1241315769', '3380325075', '1820443074', '2801803566', '2700271538', '1254927312', '3615971353', '2986839256']"
[],[],0.0,0,"['2220102638', '3472201590', '3400100002', '524652897', '1549949871', '4010282083', '2070583809', '1232690502', '2365100824', '2201811724', '42252675', '1960120259', '622045013', '2513246316', '909024822', '1908129860', '1538164399', '2423661647', '1535136728', '1285159673', '748490665', '3151080945', '3145559356', '1461898502', '1696584344', '530390468', '886264009', '1451973220', '1002371108', '724554344', '1982054337', '3458695097', '706039294', '2494037423', '2966026444', '282504355', '2839762704', '2067222272', '1867702197', '678897319', '2959735045', '2127289091', '705221364', '3046030930', '1652481280', '2728363204', '2424827300', '1433961208', '220243731', '3040423726', '2098715471', '2687141931', '3333479364', '2615049937', '2965887538', '952614827', '1415046154', '2038341183', '611529543', '1858749358', '969058466', '1338560763', '3665575686', '2583403484', '1519135577', '2361849150', '407689715', '331538565', '2083876752', '396086829', '1354708681', '3366249682', '89895596', '2026322824', '1988539970', '1002046903', '670096763', '377832968', '2275438742', '1094719443', '441175087', '1908537808', '403268760', '166456064', '335959692', '726837103', '1513126968', '1957433930', '2718278510', '3053295462', '2831025833', '2230939914', '346904215', '981403881', '2878957111', '1431648313', '797931889', '2749446320', '174433941', '78051656', '41950387']"
"['481443574', '87797711', '2212170443', '1513883149', '2636315772', '725539452', '967414927', '90081096', '1884018945', '1154793464', '1131645832', '2433943049', '1226334934', '2574418706', '964408988', '2366985984', '1300453391', '2933929731']","['481443574', '87797711', '2212170443', '1513883149', '2636315772', '725539452', '90081096', '1884018945', '1154793464', '1131645832', '2433943049', '1226334934', '628183262', '2574418706', '964408988', '2366985984', '1300453391', '2933929731']",0.8947368264198303,2,"['481443574', '87797711', '2212170443', '1513883149', '2636315772', '725539452', '967414927', '90081096', '1884018945', '1154793464', '1131645832', '2433943049', '1226334934', '305770992', '628183262', '707901046', '2953642981', '2574418706', '777320082', '964408988', '2366985984', '1300453391', '582027947', '2733340263', '2933929731']"
"['4019582671', '2284668153', '2693893873', '3606682427', '4056606311', '1475685245', '1766257998', '4037024227', '1365222479']","['4019582671', '2284668153', '3606682427', '4056606311', '4037024227', '1365222479']",0.6666666865348816,7,"['4019582671', '2144293098', '2284668153', '2009405575', '2693893873', '3606682427', '449796098', '3495025773', '3425472883', '68567595', '1021910326', '927191904', '1992721616', '1933433195', '4056606311', '1720826980', '1475685245', '339680717', '1950030807', '1477339382', '940000743', '3444126409', '1153141092', '1353387612', '3334810890', '3498680453', '2360396661', '1734283757', '3383573355', '1766257998', '758263397', '1980047689', '2745975416', '2141707503', '1519919487', '1275197149', '2607585162', '2423198033', '2000577960', '1857808437', '2435803125', '4037024227', '322620988', '255213841', '3122657890', '370447030', '181943663', '2487275384', '1680301804', '2280457500', '3667744559', '2428393578', '2890119351', '1459891805', '2389964132', '2810461457', '1493118361', '3777444941', '1688228039', '4073736619', '852596316', '168433446', '965759265', '2953542624', '1146734015', '1990324281', '901806548', '2334643045', '1543053561', '3115091299', '1365222479', '1370859767', '1513754065', '2307893622', '3477684995', '3667717522', '569346076', '3049174212', '2315327106', '2378172869', '3132236930', '150362396', '210096550', '3315747627', '1020507617', '2674982433', '1359686044', '2186060930', '4054448768', '1747053971', '2232842018', '2660584525', '873456798', '1588194337', '1940375409', '3044709155', '2978287120', '1660592697', '2228279018', '2321498496', '836219167']"
"['1920796006', '739826750', '1808268480', '3690903873', '3322879004', '3397929457', '336273109', '757759007']","['1920796006', '739826750', '1808268480', '3690903873', '3322879004', '3397929457', '336273109', '757759007']",1.0,4,"['1920796006', '739826750', '1808268480', '3690903873', '3152785078', '3322879004', '1410824300', '3397929457', '336273109', '1869552196', '1041928972', '757759007']"
"['1081760976', '1147001897', '4114648170', '705632443', '2682088207', '2134800456', '2207539368', '483036490', '4102466983', '2619303310', '2652877530', '3131148714']","['1081760976', '4133646190', '1147001897', '4114648170', '705632443', '2682088207', '2134800456', '2207539368', '483036490', '2619303310', '2652877530', '3131148714']",0.8461538553237915,16,"['1081760976', '4133646190', '1147001897', '1998969473', '4114648170', '1121088556', '705632443', '243932462', '2682088207', '2134800456', '2207539368', '483036490', '4102466983', '2619303310', '2652877530', '3131148714']"
[],[],0.0,0,"['2492036137', '1865171103', '2511139161', '221798961', '1251723422', '1161870860', '1913346793', '990870009', '2427756700', '625328362', '1730512836', '3484916305', '2144128816', '1558173661', '1386813543', '1163694741', '2884087057', '2744653741', '126297643', '2859531563', '413111650', '618294186', '106301516', '585146620', '1010327208', '997735018', '1622258443', '2758423813', '1626966219', '1676828181', '3391305048', '1382075640', '1742461505', '1302882961', '1538851855', '2671441260', '1756931177', '905142951', '1149548641', '1111402840', '2625802407', '534413095', '241092200', '245445875', '935631340', '395539501', '2011385596', '2065226981', '2844342732', '643774557', '2150436638', '2884767440', '615041061', '1892900002', '2364175559', '1213673866', '405401919', '2677466126', '1299388413', '4006174293', '533231520', '1767252283', '937249636', '2320639261', '2499706163', '756767405', '2261938704', '2632555718', '2863986617', '749345323', '1537396215', '1960971144', '3038479810', '2846679368', '641471782', '2110044170', '1233134843', '1720042576', '1331807932', '1981323137', '653839232', '525401642', '1073133651', '2315867319', '2687582125', '2530636410', '1712106965', '352840149', '2617685616', '1939321866', '30889524', '1858255228', '2794853712', '2776475810', '118736665', '1867664232', '2516615325', '792447520', '2261424530', '2886568837', '390184058']"
"['2378549152', '504454306', '744602421', '1403018152', '1551059973', '1207684422', '1230982989', '1515808874', '1006202491', '905886558', '2755100845', '4004901515', '2669983935', '1087463859', '3363620910', '4082466643', '1452084971', '552803056', '1613162931', '2434505102', '2820324122']","['2378549152', '504454306', '744602421', '1403018152', '1207684422', '1230982989', '1515808874', '1006202491', '905886558', '2755100845', '4004901515', '1087463859', '3363620910', '4082466643', '1452084971', '1613162931', '2434505102', '2820324122']",0.8571428656578064,2,"['2378549152', '504454306', '744602421', '2501730070', '1403018152', '1551059973', '1450331891', '1207684422', '660444228', '1690030277', '159679709', '1230982989', '338551562', '1906091032', '4033898227', '2063189096', '915343189', '1847340107', '3177891350', '3113495974', '1515808874', '2372172137', '839718576', '1006202491', '905886558', '2755100845', '1811664435', '4063385427', '1706948555', '4004901515', '165250207', '2669983935', '2497494470', '3116936348', '1087463859', '3363620910', '1869717129', '1942208255', '1181063095', '1348335983', '3618918444', '3422750888', '3764452300', '1931239546', '4082466643', '2954668751', '1452084971', '2646560062', '1914584117', '570101097', '1451004927', '2802570112', '552803056', '928483711', '1613162931', '478723707', '2409511554', '3125675749', '2555888539', '2068700163', '938626239', '2434505102', '2233451435', '2820324122', '1754893522']"
[],[],0.0,0,"['2276562070', '1295372199', '3431153147', '2603036828', '606822036', '1019595561', '2817389607', '1916356131', '286131341', '379261263', '1057900905', '785994079', '775125105', '2886455716', '2896284882', '1612420521', '1765706556', '703724474', '2178188101', '2346537328', '1255005479', '1798017632', '1859633460', '3189359496', '3315783284', '1993234274', '385829399', '1802502033', '3137218490', '319269845', '197606845', '3494686790', '1550346192', '1920342367', '2351993050', '1604532428', '873158071', '2623740440', '1659474225', '107259890', '2339207872', '2865161952', '515608727', '482065703', '3102338760', '32542607', '3463051686', '678260240', '1664009325', '3437811714', '2064478738', '2731166827', '280310097', '2576552301', '2057103887', '84138402', '2796752420', '2669566661', '1109721169', '1786831828', '2293374949', '2104880629', '3062092500', '1697904707', '302624140', '1218180048', '553162120', '3720661901', '685992138', '1988953022', '1010589082', '2159143267', '3036182995', '1595795261', '2083980330', '304386596', '3656545848', '1760964603', '960151474', '2499178434', '94994714', '1810365844', '2364719246', '908053122', '2606107530', '2571938848', '1074067615', '460352730', '3405661625', '417909993', '668133729', '556993663', '3316613161', '915072371', '1337301823', '1046363904', '943443338', '3113058126', '1598126101', '2738852454', '1098330864']"
"['1340430246', '4157133303', '2610781977', '1342665434', '1333793221', '350906743', '2293029726', '339418231']","['1340430246', '4157133303', '2610781977', '1342665434', '1333793221', '350906743', '2293029726', '339418231']",1.0,2,"['1340430246', '4157133303', '2610781977', '1342665434', '789325249', '1333793221', '1150133474', '1321496622', '350906743', '1855246074', '2293029726', '4154183586', '545657053', '1271358268', '1791264086', '3393037642', '78964975', '2451095617', '279608067', '929136684', '291296156', '247887552', '472264555', '1538873338', '2916291251', '756969739', '2867392369', '1873121292', '2295926682', '2844471267', '3065754326', '2020671116', '1361769032', '3783292001', '92155262', '1141243655', '3359556489', '1665153743', '1258842095', '2885890031', '3737655226', '1856601861', '339418231', '2879049780', '3690588939', '3363962175', '1215571326', '1016916977', '988984892', '1150140673', '513199421', '1363831494', '380681641', '35307312', '1749028583', '2309820666', '2274464926', '134889248', '1244298976', '4077411485', '718689313', '3648045956', '955118811', '1738364136', '3685667905', '754640566', '1935999613', '4001046714', '1963750772', '3426431092', '684606792', '1689480350', '2333110514', '3729640602', '1052399727', '4116883377', '1175040307', '1874419327', '1179367907', '3118750689', '1322721365', '691982971', '2838210421', '2267403219', '144476985', '1197067721', '2914867843', '2221445504', '1214136519', '916151506', '3166267834', '1564142539', '1310001247', '2786766132', '1393705992', '3708607745', '3334170135', '1142304574', '227031357', '1173870022', '743961007']"
[],[],0.0,0,"['2968128019', '2059013437', '714822919', '2377712762', '1907116326', '2044945146', '169798200', '2802749480', '1655444280', '2519961006', '2693812417', '1375288660', '1982413830', '2472624980', '1160942720', '2012640121', '2658584602', '2341642320', '1751534820', '1996087938', '2269525840', '1982069082', '986322788', '2638805350', '1763455941', '2211142280', '2662552308', '2799323306', '983834313', '2440627213', '1656186515', '738240906', '1730046129', '1196684304', '1466797772', '631162476', '2890263000', '2222098383', '2496179715', '2441089940', '1268193949', '2295206271', '998257222', '1439726106', '1531379168', '2973359613', '1393982239', '335716747', '2157535862', '222743375', '2254695806', '1899104330', '2766340713', '3051845929', '435104209', '766606562', '2602062060', '1867596442', '2536619213', '1890861384', '1763440073', '2574333608', '1377156768', '60193777', '757322961', '2197825813', '2614030931', '1903545814', '2585368963', '1906857741', '706543140', '3392087150', '2111690441', '699458741', '2617493824', '967298483', '87035676', '2215214374', '2291264523', '2605655529', '907840464', '2370331844', '2549230736', '2901463019', '3432506226', '2890145720', '797600318', '2983784531', '2730299126', '877226838', '238922478', '2872491911', '2104225419', '290526311', '2209602474', '1682645773', '64648285', '2008491508', '152743826', '497086360', '2373766881']"
"['737171009', '879419309', '2416455328', '3647143409', '1923457386', '916351836', '3647777114', '2955900947', '2640356634', '1615820711', '2108723723', '2567031846', '174475547', '95137025']","['737171009', '879419309', '2416455328', '3647143409', '1923457386', '916351836', '3647777114', '2955900947', '2640356634', '1615820711', '2108723723', '2567031846', '174475547', '95137025']",1.0,4,"['737171009', '404372337', '879419309', '1516619565', '2416455328', '323424165', '3647143409', '1923457386', '916351836', '3647777114', '2955900947', '3062556947', '1451883907', '2640356634', '1615820711', '2108723723', '2567031846', '174475547', '3646768807', '4029891765', '95137025']"
"['1969846994', '2008494691', '826791081', '2342951858', '984531854', '831604965', '2667122048']","['1969846994', '2008494691', '826791081', '2342951858', '530630607', '110239184', '984531854', '4121970625', '831604965', '2667122048']",0.699999988079071,2,"['1969846994', '1886276316', '1698001977', '2946139014', '2008494691', '2174845154', '2863626546', '1173146106', '3414407459', '826791081', '285446821', '2342951858', '2047212557', '1049735651', '3788114229', '1167767517', '40923247', '530630607', '498945054', '439792147', '13727801', '43159945', '678163001', '1737179176', '782812958', '2647605216', '2569723584', '1951288109', '2262824742', '132060527', '1794986096', '2380787050', '1415645641', '1951709249', '1008340104', '3054337821', '683117940', '3335626054', '2341313991', '1557998617', '59504538', '3305820767', '3108908250', '1124979485', '910778262', '1763486971', '1117706440', '683711819', '1132275368', '2595752623', '2987608800', '1370374747', '416370127', '3711037127', '110239184', '2830489274', '984531854', '1631927895', '70464728', '3711980020', '3415768510', '3391261148', '154425955', '4121970625', '1333908101', '831604965', '2191353181', '662045264', '1650426575', '1369242587', '2667122048', '1486085', '3052155774']"
"['201318274', '2371341011', '4119392239', '1687491625', '2188863433']","['201318274', '2371341011', '4119392239', '1687491625']",0.800000011920929,4,"['201318274', '2295750142', '2371341011', '4119392239', '1687491625', '2254870130', '3764709609', '2188863433']"
"['1705748878', '1946260893', '3343319147', '1215945032', '2881160459', '3649947279', '566244198', '1887479850', '3116725527', '3387506962', '3617002467', '3303797559', '2248937423']","['1705748878', '1946260893', '3343319147', '1215945032', '2881160459', '3649947279', '566244198', '1887479850', '3116725527', '3387506962', '3617002467', '3303797559', '2248937423']",1.0,14,"['1705748878', '686233861', '1946260893', '3343319147', '1215945032', '1081627702', '2881160459', '3649947279', '566244198', '792976981', '1887479850', '3116725527', '3387506962', '1180723432', '3617002467', '3303797559', '2248937423']"
"['204714252', '93239539', '3452179998', '1224066557', '658803481', '1494784179', '3441538964']","['204714252', '93239539', '3452179998', '1224066557', '658803481', '1494784179', '3441538964']",1.0,6,"['204714252', '93239539', '3452179998', '1224066557', '658803481', '1494784179', '324911625', '3441538964']"
[],[],0.0,0,"['2946745533', '3670364513', '3623541897', '3339350980', '2419322426', '621508486', '2475245675', '1568225490', '518492772', '825062053', '4099238936', '1758697916', '1798783600', '1961294808', '3063470746', '1296746282', '1606387951', '3603783728', '2856283741', '126362579', '52810051', '378096290', '1907249141', '646352995', '3323640119', '15483133', '2591491424', '282864691', '586217286', '935283242', '1739253183', '3186868319', '1969624187', '1197868295', '4124019875', '1245251295', '2178289476', '3399654198', '2472678954', '445974694', '873182142', '616464625', '1909485821', '2934669623', '1269096836', '4047591731', '498373149', '3642317336', '868825287', '265422679', '2762380401', '1988339624', '2590591579', '1111765383', '2499318718', '949143396', '3178600709', '3653521003', '1073944557', '3044703977', '2484163677', '3794956945', '1937095896', '720850893', '4142353783', '2526754565', '2971065249', '485866531', '3339804211', '2599598773', '1255193821', '1837454781', '3663257748', '3790169604', '1335680107', '1594732688', '1715715030', '3716734215', '778479148', '237531281', '897957172', '3300808857', '137535005', '2576451802', '906010292', '1930746753', '3639483340', '2537324159', '2313016843', '3432771679', '3761047835', '1238962310', '195711429', '1049805530', '782555635', '1078403165', '2449296773', '402448270', '2982627448', '1700930359', '2089722649']"
"['2475926902', '1989901570', '983027324', '1347085135', '1011940503', '934346630']","['2475926902', '1989901570', '983027324', '1011940503', '934346630']",0.8333333134651184,8,"['2475926902', '1989901570', '1234143493', '983027324', '147894575', '1347085135', '1011940503', '128097549', '934346630']"
[],[],0.0,0,"['1399545391', '2480983730', '500752057', '2123786922', '3189025479', '2631940831', '1992120164', '979094965', '3626790784', '2250298882', '1708704914', '481250233', '2223479129', '2409865608', '2117708361', '2059664939', '1979168720', '1809705307', '1351010067', '890950204', '1374689774', '1783735015', '3440023384', '328748226', '4017871664', '970826538', '892937427', '2269459601', '2135923985', '1874704800', '79480495', '739949943', '1865143980', '1888068084', '2810673219', '3643802660', '805546416', '478859272', '1854736333', '1805168251', '1598025175', '2214200782', '1639089768', '916670640', '2141027636', '1041034971', '1348263879', '2056517615', '635927301', '820826231', '1861428341', '3380128176', '1347797426', '716795020', '2757801524', '1022883801', '2259972404', '2136255210', '1734239982', '2509127421', '3692761967', '442797117', '2144488193', '1764559035', '2245558102', '3480774388', '1921666644', '34434952', '940161344', '674419783', '59925548', '374585675', '1046507575', '3186411534', '2902816853', '106979694', '494100825', '233882869', '1667390926', '1909319239', '423854634', '2173752460', '993390432', '519018866', '130669440', '2163445713', '1786208301', '1775480609', '3167523471', '1193887030', '1114693261', '862326489', '2039088381', '1816745057', '2202662341']"
"['1935228578', '3677949445', '3121510531', '797331050', '2831270768', '1684214057', '1199213685', '2926776583', '4077696839', '509726157', '512798141', '1525676857', '903702197', '4030764622', '2280624607']","['1935228578', '457909258', '3677949445', '140151605', '3121510531', '797331050', '2831270768', '1684214057', '1199213685', '2926776583', '4077696839', '509726157', '512798141', '1525676857', '237097963', '903702197', '4030764622', '2280624607', '214907679']",0.7894737124443054,2,"['1935228578', '1653883871', '457909258', '3677949445', '140151605', '3121510531', '797331050', '2831270768', '1684214057', '1199213685', '2419613160', '2926776583', '3444329623', '4077696839', '509726157', '512798141', '1525676857', '237097963', '903702197', '4030764622', '2280624607', '214907679']"
[],[],0.0,0,"['350175215', '1874723381', '1160324235', '1545640760', '2672764720', '850849081', '2680958703', '177119075', '65412365', '2245261083', '2856377521', '189852055', '1640245630', '2810542163', '3033302171', '189714835', '786895416', '1277029139', '172878375', '1766212817', '4020896313', '1126883600', '2040025318', '665961481', '995891810', '2242012880', '1702427302', '3390465911', '1963292086', '2033914215', '1032659903', '844535130', '2265386920', '287022927', '2090039403', '1554596982', '1373851721', '1160951541', '1025131664', '175494675', '1852638344', '1935762535', '1133211328', '165387676', '1404116517', '152584060', '2448473911']"
[],[],0.0,0,"['1020042771', '1828454568', '1836848406', '1122036441', '1999734100', '1739591439', '727241181', '345116418', '2999850941', '751389460', '1092762514', '1698483075', '2754605007', '1174856636', '2579395942', '3655770610', '2163410156', '1367999342', '107090662', '886060132', '2108746162', '498371401', '2753956538', '2304809779', '3485476360', '582522310', '674330562', '1519525552', '1465484814', '10432957', '3427804269', '1269168635', '3497294312', '2198451407', '2944243161', '1866336575', '98379860', '1767147782', '3134019452', '9761784', '1609773167', '2828896114', '2787581444', '1753541080', '506804502', '2163575520', '1108789401', '659009179', '775153867', '3109784663', '3168263669', '2865216736', '3335713156', '781546107', '232264729', '1092369240', '1551979277', '3315073220', '3458649173', '947663159', '2003996392', '1816809838', '2320197104', '3060322621', '2846884674', '681924399', '2180244704', '253593825', '1335414625', '2021138901', '1141552381', '2195017528', '2592733544', '1879542487', '954631729', '2036174040', '2153027558', '1371361541', '1878470009', '1477319813', '2842413746', '1400684773', '3152354283', '2932126074', '1938184479', '1371867240', '1410122732', '2441443318', '3066878651', '4035016013', '2930345922', '248404629', '2357730883', '1535592027', '3384667356', '3368860249', '1043202555', '1869890535', '2341919605', '3151317616', '1944613488']"
"['2443262763', '4059696059', '2614419657', '4075573142', '648605207', '327768593', '3703612407', '2235433639', '4139223120', '2072043084', '870956689', '4141032216', '1797694096', '3659979448', '1488436149']","['2443262763', '4059696059', '2614419657', '4075573142', '648605207', '327768593', '3703612407', '2235433639', '4139223120', '2072043084', '870956689', '4141032216', '1797694096', '3659979448', '1488436149']",1.0,6,"['2443262763', '24848724', '878760108', '4059696059', '2785618529', '2614419657', '4075573142', '648605207', '415425129', '327768593', '4007793230', '2460336013', '3703612407', '1703391816', '2328457132', '49283066', '2235433639', '4139223120', '4024406806', '2072043084', '870956689', '74652559', '3652905213', '4141032216', '1797694096', '3659979448', '1488436149']"
[],[],0.0,0,"['733200272', '1826691284', '170775037', '1749382274', '215360251', '385074499', '1168043102', '4158406811', '316384079', '2765112009', '537027357', '1032839620', '188895045', '2536700960', '130195020', '1973424986', '3415660977', '140336596', '257403635', '21199326', '1383474972', '1272543109', '110140501', '1097830730', '300613844', '1475046965', '116448755', '1239997923', '3133535276', '1275683517', '423428283', '868437400', '184030623']"
[],[],0.0,0,"['1690597807', '2061696716', '2871414228', '1385112739', '9244322', '2424104206', '2001555272', '1030382935', '137297164', '3610248630', '492964290', '2335280028', '2611348122', '1778445120', '2209247111', '2625744927', '2339691105', '89289550', '998892041', '2354083622', '1515317269', '39413746', '1276241383', '2361921468', '608285513', '51512644', '3450856491', '631761209', '1350446418', '820229361', '765953249', '439939039', '1335759535', '868318876', '2501890802', '1090066902', '1952277003', '2874954861', '879663676', '1934904391', '878762501', '2377065540', '3114348673', '188023021', '1007023226', '457433823', '845707539', '2137645365', '4002928099', '270270939', '1721087429', '280961095', '2532405323', '1880317942', '2163656768', '1170734824', '3608758534', '3152120414', '117624205', '653348294', '2890102025', '605106252', '2146250039', '2192151385', '1261868028', '1841413888', '2453125629', '3498342163', '508411369', '2084399170', '2093784703', '3156635489', '2486307751', '1653482465', '2245952301', '2627152921', '1906751276', '477404292', '3747426638', '3749065802', '3188363503', '1680743529', '492618379', '2017999947', '1654993543', '3430513908', '2917121539', '1963205660', '875338670', '976052974', '3407791722', '2092591042', '609886981', '1110650774', '1519055670', '1493972821', '117747347', '868359996', '489674620', '2380337173', '4093086670']"
"['3340668998', '2739268812', '2559543358', '1002981751', '4046471192', '933680759', '2548220069']","['3340668998', '2739268812', '2559543358', '1002981751', '1578617525', '632416443', '3619035099', '933680759', '2548220069']",0.6000000238418579,8,"['3340668998', '106510656', '2739268812', '2559543358', '1002981751', '2607142045', '1919537001', '821326719', '2722009962', '2291853461', '3797199316', '3390239540', '1539558728', '724219727', '1828316921', '1131497676', '74594523', '814316042', '2026973600', '896799600', '2944385637', '1728645101', '564745634', '804984117', '871724501', '2781085732', '1938031565', '1578617525', '3173592915', '2438070881', '2430937924', '3347806643', '1419823381', '1678798420', '2244410916', '2866467237', '3390758854', '2193782719', '632416443', '2055206153', '1299821428', '1984656060', '4046471192', '900243107', '1581624071', '1666438622', '1438654854', '134951379', '2691907953', '488780295', '996828256', '1085338881', '1984772982', '2024600280', '4022266167', '634498273', '1290195567', '891461279', '852588460', '1513222561', '2201087172', '2094305480', '3619035099', '462162902', '1695468960', '933680759', '2358226004', '2701212778', '590979643', '2678359278', '405597908', '1938680844', '2159611823', '1047780733', '1693203820', '734994162', '404764139', '3216034', '1517546112', '1613286574', '95087715', '2378733727', '3428024723', '2755516058', '1886673146', '1104034333', '1798056060', '382922196', '1208038181', '1652879920', '2551056814', '1057421823', '3425213758', '1803149011', '1154755664', '3046073998', '2836089632', '1572403767', '2548220069', '2279050527', '759803620']"
"['1284912350', '2412120972', '2306889686', '2610306251', '2519711422', '4063162705', '70263829', '861299918', '1462343382']","['1284912350', '2412120972', '2306889686', '2610306251', '2519711422', '4063162705', '70263829', '861299918', '1462343382']",1.0,6,"['1284912350', '115918528', '2412120972', '1105671747', '2306889686', '2610306251', '139882137', '2522418355', '2519711422', '1409224425', '349588006', '2346640704', '4063162705', '1565375049', '70263829', '2333808106', '3165535495', '1208889858', '3355927313', '2305146320', '861299918', '2133784750', '2879702504', '1462343382', '181523448', '2425557140', '217690152', '436302582', '2945877652', '608269279', '3672624899', '2207629801', '331299610', '210544779', '1964125614', '252148201', '414668669', '4125105431', '1411050657', '976068631', '2943361165', '1289553166', '2285233861', '2859528704', '2325011316', '801838937', '4101928652', '33605076', '656542694', '2769464909', '1373243096', '586031123', '3430786134', '3653762869', '2292743763', '1335517365', '1565300787', '2452466740', '2543276232', '3653434418', '2527162482', '744546167', '2769152715', '337407284', '1587288426']"
"['2363620625', '3188308327', '3345666130', '3662201218', '270894363', '3454299602', '3980179472']","['2363620625', '3345666130', '3662201218', '270894363', '3454299602', '3980179472']",0.8571428656578064,6,"['2363620625', '3188308327', '3345666130', '3662201218', '2342266594', '346593090', '719768649', '3449588458', '489128358', '338948668', '2094395152', '60670533', '656119828', '462852669', '2535417569', '2150321352', '253966223', '1385626595', '1751413257', '270894363', '2254487803', '1562255082', '3795227438', '3401005757', '114298311', '3310789533', '3056862620', '2128986730', '4162749433', '3454299602', '3499070250', '1169069213', '2241856713', '3124534375', '3980179472', '3069466059', '32693436', '1455307223', '1853149389', '495045550', '3124726999', '987883902', '3328601299', '3329137430', '1386264699', '129706534', '2000644658', '4040585878', '530313722', '2834762778', '1882017394', '4048668301', '2465618612', '976251011', '632291716', '830162172', '3119357956', '1258136319', '4156298702', '775197154', '2287401992', '942393395', '673538424', '710457493', '827658971', '1715813557', '1477307915', '855155460', '531797605', '4096473900', '562485179', '3416806960', '1644701736', '2852374001', '547727028', '1675656508', '3683239396', '1101719461', '334393019', '3427864100', '40315192', '3363767541', '1916554728', '1421078810', '2325056605', '3607599127', '1807113835', '1401299825', '233646805', '1365891900', '1098627841', '1094858368', '3603823643', '2047673987', '2035290243', '135375546', '82410999', '1044741397', '4078832059', '3718739003', '3312472384']"
"['4040950449', '1747441294', '2425259368', '678790059', '2555650535', '3367851698']",[],0.0,6,"['4040950449', '1747441294', '2425259368', '2402960541', '678790059', '2240446354', '785476784', '2852652240', '2555650535', '914501994', '3367851698', '2772423135']"
"['2287662751', '576387788', '4142024453', '2095856819', '833935335', '2169251869', '336242902']","['2287662751', '576387788', '2095856819', '2169251869', '336242902']",0.7142857313156128,2,"['2287662751', '414095140', '1530550905', '576387788', '1287069237', '1856198558', '1129753123', '55379028', '4137476496', '3776296317', '4142024453', '3432090157', '2621913639', '1379495102', '1866821871', '3391904813', '657717794', '2178653096', '900645375', '294181153', '233080840', '2050587245', '2118345091', '233095343', '244514945', '1159771147', '401443839', '1201165238', '2541489401', '2665298706', '2827103321', '1962550213', '2437560934', '3332893655', '1065383776', '3722221948', '693546362', '2133878540', '2095856819', '405586600', '2005010170', '555902565', '2402427142', '1719609685', '249398597', '3411100161', '1927642987', '314586350', '1738320772', '2327952220', '3158515717', '363385756', '1671928231', '776673987', '260928255', '323394308', '3419114866', '2097111479', '2170224298', '2868427640', '3425495621', '955052392', '2416442151', '2721158849', '1651998056', '1604163221', '529279854', '2251785801', '1723583561', '1325502390', '467957723', '711913357', '3302865766', '958698912', '2488924184', '833935335', '3398055032', '1421159218', '1610192969', '1684188580', '2169251869', '2304553922', '3409488282', '2957794411', '3101263927', '2508299053', '1933524349', '1806140845', '3058561305', '580397494', '1950417190', '3107906811', '1941121939', '2281660235', '694834938', '4081952634', '285123743', '336242902', '1819282054', '1618632254', '2427594935']"
"['1973956502', '342586524', '467791048', '321849441', '2104852982', '4075489596', '1507835114', '653214030', '816510912', '1477183158', '3069864176', '31076088']","['1973956502', '342586524', '1507835114']",0.25,6,"['1973956502', '342586524', '467791048', '321849441', '763556480', '2104852982', '2052708094', '4139522553', '4075489596', '2127865305', '3106728251', '1507835114', '3185840114', '2745570640', '1851200315', '2615203509', '3389101732', '2249824046', '653214030', '1642513858', '755575216', '3465875388', '3757721320', '1230502251', '992513999', '1165239543', '1138941006', '816510912', '2982946361', '1829383346', '1477183158', '641473705', '909473501', '2647486514', '934678511', '3365927230', '1708292638', '3139029555', '4162374400', '2183240632', '2607755821', '892693298', '665870432', '151406136', '1370349168', '1417144573', '4030949285', '372262799', '204642644', '1314368806', '3394907939', '3105410748', '125556643', '3176929723', '479406682', '1298270369', '2641300827', '1496737123', '2085612180', '1934288662', '2066401317', '391592092', '303693779', '1476879140', '3069864176', '403317738', '38718440', '281193515', '1057063811', '2217123928', '913559087', '263109893', '1203545811', '1140462884', '3417271272', '2347982015', '995323657', '3171767484', '31076088', '1705483261', '577521384', '137060934', '1995817662', '1435122804', '1207697680', '2213699039', '1617677332', '2077984518', '806856429', '279741056', '387705968', '2748766361', '201695822', '683753847', '1736867829', '484871486']"
[],[],0.0,0,"['408060925', '2984186080', '1341053344', '2167026360', '1927795312', '187849475', '108031795', '1552409661']"
[],[],0.0,0,"['1122109589', '1108802071', '1230047430', '1174450231', '1635871593', '1561651941', '2039340826', '1575913626', '1090312766', '481108126', '1886183719', '1492342762', '1096888944', '1615568214', '1188085045', '1764120209', '3149968999', '881955023', '507992354', '2052839227']"
[],[],0.0,0,"['1129338904', '2383478040', '56986938', '2932278532', '2520822519', '1847086439', '236255766', '3493252495', '1945545326', '1149857527', '1770292525', '1154416935', '660328814', '1306172185', '3144218303', '3667302590', '2884782264', '3653960863', '2842857818', '1469933512', '3621098715', '2234227481', '3743988412', '1643761256', '726815605', '1067500086', '640291471', '887536690', '1019067320', '3449458888', '1588805935', '4069835106', '1300640215', '1428196241', '909308737', '3615295313', '442225545', '1972402782', '4141826616', '3173750918', '897254234', '686863643', '2181798386', '626198607', '1583393304', '2025313517', '1173876311', '2384195401', '2748690855', '2114545562', '756625534', '2893929801', '3107031901', '920416780', '1821877288', '1830724839', '2104587170', '1816591929', '2262167600', '1864102623', '1677761900', '2531273423', '565585045', '2008387046', '2124800230', '2761429822', '2971375268', '902646761', '2253632729', '1190110777', '2518171322', '2775411322', '1860094441', '1144473242', '650635140', '3158827041', '3685910688', '378784744', '4160748961', '1623227534', '1611449019', '1942372071', '2388827940', '968800731', '1916280475', '2727095363', '49381797', '653513497', '588996260', '1268773730', '260194923', '2353718073', '2539009780', '3164489487', '34504455', '743719698', '3124800192', '805549080', '2549924831', '2646869601', '1741832761']"
"['2574877022', '1557895574', '1180753257', '2070738383', '1892989577', '3718757327', '1120126723', '4109308817', '2811583757', '2658810457']",[],0.0,5,"['2574877022', '2818648782', '740239045', '1557895574', '51233468', '1180753257', '4022255743', '1278908606', '225663074', '2070738383', '2730146742', '1892989577', '340690318', '302232658', '963460021', '447719348', '814507659', '2869474308', '2639174816', '979412260', '1541317337', '3718757327', '2328140054', '1120126723', '724180181', '1754313216', '4109308817', '2380555879', '1588079692', '4126023358', '2762767144', '178696578', '2811583757', '945110254', '1194710742', '2966582628', '1657315534', '2298398951', '1090567183', '627290056', '2658810457', '3638255902', '3799819941', '121868134', '2138935168', '944753266', '3036084211', '3151743418', '128725103', '451418124', '3630841122', '2051243071', '3125432306', '1507663203', '1809817508', '2238011315', '1415421423', '3150964836', '198498288', '2099235221', '493904324', '1732601169']"
[],[],0.0,0,"['3041772514', '1491331308', '605914974', '1669843366', '2293068564', '866241613', '636111023', '2157481223', '1046025500', '868778448', '248996663', '559319114', '2656583967', '2511986016', '44561665', '2357793230', '653000700', '2546666442', '1967632234', '668275069', '1449300233', '1229439373', '3337514344', '627418283', '2442196155', '1799411125', '2908315624', '2693663582', '1140161853', '74125147', '1785192363', '600748887', '1459235277', '1611236522', '1652366835', '1998690305', '271821762', '3400238232', '2890241341', '4156704283', '2668672342', '196574271', '1409500626', '870179662', '2551554357', '338312152', '3162584153']"
"['1926703484', '2720039860', '470483122', '3397543371', '1144603257', '2244729376']","['1926703484', '3397543371', '2244729376']",0.5,2,"['1926703484', '2720039860', '2680487541', '2403609377', '172677457', '736278478', '2729205121', '470483122', '1430237732', '2799049118', '3397543371', '897546887', '3059203867', '466200100', '1144603257', '2244729376']"
"['436990357', '1677423845', '1165360602', '4028941251', '449589131', '3675588618', '2529121142', '654228796', '4021799480']","['436990357', '1677423845', '1165360602', '4028941251', '449589131', '3675588618', '2529121142', '654228796', '4021799480']",1.0,2,"['436990357', '3437680239', '1677423845', '1165360602', '4028941251', '449589131', '3675588618', '2529121142', '654228796', '1575953972', '4021799480']"
"['240508002', '4059534191', '1012716298', '3409332742', '4044664162', '1637076674']","['240508002', '4059534191', '1012716298', '3409332742', '4044664162', '1637076674']",1.0,4,"['240508002', '2832285781', '4059534191', '2897583705', '1012716298', '123408724', '832893517', '1206568602', '2362202512', '1770751724', '3409332742', '1989739019', '4044664162', '1326025300', '3069710142', '3143309212', '1637076674']"
"['4118235346', '2034025614', '895990718', '2867409830', '4021162565', '371201168', '735890904']","['4118235346', '2034025614', '895990718', '2867409830', '4021162565', '371201168', '1184897319', '4056165063', '1631749983', '1483399299', '4093027565', '2901577581', '4041043105', '2222328187']",0.4000000059604645,6,"['4118235346', '2034025614', '895990718', '2867409830', '1328515786', '4021162565', '89142528', '921059287', '3415818288', '782018800', '371201168', '3353526880', '1184897319', '4031962073', '282522133', '1572482119', '776959506', '1506409933', '3489894631', '3463518042', '226978603', '933878287', '1979733571', '4056165063', '2238012886', '1047638421', '931253026', '2016150191', '1631749983', '2099682320', '2246228818', '2506492901', '2357858206', '2081535539', '2653406444', '1483399299', '4093027565', '1208889858', '2901577581', '2015722477', '2451503121', '735890904', '114449646', '1326996365', '2312587528', '1093232164', '2762921749', '717117441', '98622238', '1161080471', '3606331916', '941028041', '757059145', '1840475943', '763740966', '1551445268', '814149281', '3176436785', '1276999914', '638438581', '77948816', '1241034524', '4041043105', '4088526060', '2222328187', '2261726272', '802542850']"
"['2183387588', '2011028414', '188245672', '2582898805', '2176934808', '1274283758', '2181272924', '110797630', '518466638', '756922118', '3130494107', '4156111197', '2844795636', '2385936599', '1852376502', '1834424709', '4022415046', '3364769089', '1121342324', '2984494671', '58440850', '4107145049', '989852046', '3435239099', '3651259634', '617447263', '3116244327']","['2183387588', '2011028414', '188245672', '4017838040', '2582898805', '2176934808', '1274283758', '2126121811', '1390949904', '2706961736', '2181272924', '2244252793', '110797630', '518466638', '2301712074', '1832593676', '756922118', '774934473', '3130494107', '4140967022', '4156111197', '2844795636', '2385936599', '1852376502', '1834424709', '1816362223', '875346697', '4022415046', '391363921', '3364769089', '4159307483', '4101771976', '1121342324', '2753804812', '2735106677', '2984494671', '4108808376', '432054331', '58440850', '1896520110', '4107145049', '1967190845', '989852046', '3435239099', '1412903002', '2738608440', '3651259634', '617447263', '3116244327']",0.5510203838348389,11,"['2183387588', '1770901076', '2011028414', '2153007300', '2736841706', '188245672', '2217161673', '783430910', '865277207', '4017838040', '2582898805', '2176934808', '1274283758', '2126121811', '1390949904', '2706961736', '2778369269', '227982803', '331525321', '2181272924', '617380301', '2244252793', '2326118711', '1988038670', '2804128878', '110797630', '962518604', '2920086016', '4096860645', '518466638', '2301712074', '1832593676', '756922118', '774934473', '3130494107', '4140967022', '4110853018', '1511431401', '4156111197', '2381274803', '2844795636', '2385936599', '1852376502', '4018499646', '941967848', '3314834025', '1834424709', '3407455910', '1269763278', '1816362223', '518905338', '4060708314', '875346697', '1211351314', '839314558', '1271297924', '1961595883', '1754052023', '4022415046', '587210444', '1254374434', '391363921', '3364769089', '4159307483', '1349298606', '4101771976', '1121342324', '2753804812', '4109134797', '2747767464', '2735106677', '313889875', '2984494671', '4108808376', '1810145716', '310723395', '2890091817', '432054331', '58440850', '597158955', '1896520110', '4107145049', '1902349665', '2211975255', '1967190845', '1819660109', '989852046', '143714246', '1000196400', '3435239099', '2371765406', '2976709224', '4099698948', '1412903002', '2738608440', '3651259634', '617447263', '4034200058', '3116244327', '607810855', '2016676802']"
[],[],0.0,0,"['3310170042', '1180532605', '584403430', '3721988437', '877790538', '4031550149', '1582157612', '1741508340', '8389005', '2846891130', '3382927106', '1521780356', '39711337', '33300065', '1481060561', '778846524', '1305327029', '2778859022', '2691818700', '2083947648', '1096715606', '3033910150', '2524429823', '864177563', '1311508013', '4054182585', '2813104331', '745231421', '1370000600', '3493227813', '2335618900', '4081327059', '4141196060', '2657380500', '3302837878', '2285065173', '1904731710', '708180887', '1732328399', '374081277', '196675693', '1799101522', '1173679402', '2198216326', '1413943811', '3373149914', '3629758575', '374262768', '325223840', '2583820029', '575236011', '3451238140', '1612881734', '963545931', '108219702', '1062112942', '751422496', '264848152', '794076666', '816976758', '2365027796', '3041839206', '1176018571', '2961238518', '1730060566', '2738664922', '1661657989', '22712432', '1576121301', '2743455526', '882828560', '1418334988', '976926097', '1665563242', '2973122916', '575305530', '999481720', '209008730', '353230440', '3683439970', '1989769168', '905080267', '2489078862', '1214712972', '2760007962', '675037200', '3060922990', '1871491340', '3132843685', '1359881669', '1550446071', '1447652135', '3426157643', '2873903706', '4023354560', '4017924118', '1129468838', '379959852', '1824964207', '987346304', '3488492733']"
[],[],0.0,0,"['1465624342', '71366518', '581314539', '15379735', '2032273762', '1028354541', '14319604', '2305704772', '1020447107', '2289181304', '2663151982', '2009581007', '93752329', '2752864906', '1516236708', '1412618662', '2126796832', '2303325683', '1869850115', '1552895213', '2689648944', '1350621281', '846472323', '3498243159', '2266098860', '2067287975', '1026326683', '1306183307', '1063799200', '3134680114', '2897657879', '3717186434', '2248815009', '2941628138', '140849995', '245060512', '1732333298', '2920064003', '2541246008', '2236717621', '1187049993', '1813934282', '2474172025', '1416420792', '2448697900', '639183088', '2192576780', '1247700098', '1162496220', '2317366081', '292158122', '2460729806', '2538850067', '2976414620', '1545513773', '2268511006', '2135395532']"
[],[],0.0,0,"['1748021131', '1991535065', '1638976260', '824091579', '256343255', '1214574771', '32690199', '1735523216', '707883610', '103605749', '1242358840', '3491157294', '2710129662', '2629048651', '406957127', '1920366212', '598534408', '688091260', '2251080896', '1482766461', '2011504368', '1520296572', '911237231', '4011096409', '2484123120', '296708207', '1516426801', '670205497', '445131770', '1824275681', '3799272037', '1125842802', '2493542481', '276808956', '1120971176', '2759202427', '251778338', '962710760', '3302026652', '354524488', '53165545', '1653679253', '620004960', '1150156774', '2739493121', '2087575224', '1642573500', '2223957940', '1563861077', '2977696433', '1400017120', '2135059069', '1988471130', '357776527', '812116200', '1330417758', '1188990183', '2234724435', '1505116307', '2467060508', '1055863916', '785836727', '51763699', '2179044072', '3495027034', '1854183224', '866485568', '3468175392', '2265288095', '2850418205', '1567361678', '1943852303', '2297692565', '3613746439', '2297443743', '2777131217', '2542068782', '3162500636', '979451987', '4069209415', '3354041818', '945563148', '1853959325', '972849762', '1195365884', '3365822053', '2659203909', '209543560', '3184169581', '2178306428', '1596049842', '4109418993', '2214767511', '3047279949', '2096707606', '2076835543', '3331885746', '2300162521', '1590365443', '955554952', '1173355238']"
[],[],0.0,0,"['666504781', '203979849', '1169442356', '639894676', '299474745', '2442352332', '1628746057', '1078822737', '1073589317', '1967781380', '19983325', '2355211083', '2577430126', '2988879818', '90237688', '374533121', '439796195', '483301021', '169004796', '1636420046', '1065488847', '3139525595', '1585137689', '2380574318', '2127740133', '468526991', '3330707475', '2349723022', '700299277', '362692947', '3138032435', '2984019544', '2918651975', '960326921', '2012476604', '3386140351', '1317719625', '1782378129', '2471594870', '1545130391', '1804915300', '3756125742', '1107295248', '2403871007', '1894535606', '34744891', '769756804', '3664421758', '2553567033', '3031578149', '3744497342', '4099640089', '4040427899', '780887624', '1597107082', '433079065', '1501179362', '3178475857', '2532886823', '2309961829', '2139704370', '1591523603', '317815782', '783764036', '3050160071', '1881315779', '3740497941', '3408746096', '1254781019', '235730434', '2018032901', '576554377', '169882805', '2527939280', '2892777331', '790192061', '677752753', '1938483281', '1945511014', '3378104323', '2098679785', '2983582636', '2019385801', '541924387', '1108334034', '2728953728', '2643427501', '3416185740', '833108740', '1054668517', '243771832', '2626695243', '2755506784', '49106563', '1113951138', '2589984781', '2484030707', '697543729', '2220242455', '2364292282', '929351752']"
"['4088018464', '2570991719', '317606423', '2773552835', '4161176699', '2169325027', '2603796271', '706244560', '2436930074']","['4088018464', '2570991719', '317606423', '2773552835', '4161176699', '2169325027', '212908441', '2603796271', '706244560', '2436930074', '152111052']",0.8181818127632141,4,"['4088018464', '1945730836', '2570991719', '1006110736', '1077444426', '2468985937', '317606423', '1338938495', '2773552835', '929106213', '380648174', '3417072693', '3122818423', '834881260', '667523567', '2452312727', '2351979844', '145638945', '2494193102', '817697582', '1490189178', '27662251', '4161176699', '2169325027', '212908441', '2640107542', '2371761615', '4157011040', '2603796271', '805880681', '1511466018', '1656426389', '706244560', '2436930074', '152111052', '599489776', '775351700', '1327642151']"
"['2012859788', '1320378089', '2101559295', '1324812899', '2029620289', '2432905574', '1884506286']","['2012859788', '1320378089', '2101559295', '1324812899', '2029620289', '2432905574', '1884506286']",1.0,8,"['2012859788', '1320378089', '2101559295', '1324812899', '2029620289', '426799341', '2432905574', '1102829692', '1884506286']"
[],[],0.0,0,"['2243321934', '1214476099', '1534405072', '1121799506', '3104645369', '1542606004', '1812726405', '258680048', '1213422333', '2229907521', '1135299820', '3498216774', '3302078358', '715702763', '619392611', '1287073424']"
"['3754401933', '1236589252', '2619057483', '3465888835', '3132151116', '2213682374', '2174627062', '3119076006', '2735481067', '3378950336']","['3754401933', '1236589252', '2619057483', '3465888835', '3132151116', '2213682374', '2174627062', '3119076006', '2735481067', '3378950336']",1.0,3,"['3754401933', '3344516953', '1236589252', '2619057483', '3465888835', '3132151116', '2213682374', '2174627062', '3119076006', '2735481067', '3378950336']"
"['1818691895', '1750559353', '1235397494', '1116537371', '349836560', '3677901338', '1964275611']","['1818691895', '1750559353', '3677901338', '1964275611']",0.5714285969734192,2,"['1818691895', '2063982986', '2799511617', '887822329', '1935382519', '985349780', '1397300222', '423210706', '1750559353', '2238259941', '1235397494', '1116537371', '349836560', '1561820502', '367662741', '3677901338', '243938199', '2978098337', '2364188528', '2335893883', '1964275611']"
"['4008543819', '1396039918', '2735561560', '4158727531', '1463873234', '4142918587', '1898347666', '17168483', '2876650978', '1007267092', '1287548419', '2029943389', '2839925413', '1916366502', '3348355096', '2133404862', '2524390802', '3786657019', '3682320159']","['4008543819', '1396039918', '4158727531', '1463873234', '4142918587', '1898347666', '17168483', '1007267092', '1287548419', '2029943389', '2839925413', '1916366502', '3348355096', '2133404862', '2524390802', '3786657019', '3682320159']",0.8947368264198303,6,"['4008543819', '1396039918', '1991938218', '3368445746', '2735561560', '4158727531', '2896350343', '2711123641', '1463873234', '2279907138', '3105227396', '2807070300', '4142918587', '4032766679', '1898347666', '2152777723', '1998170135', '269135712', '1359895246', '3670237537', '788801539', '1345213333', '17168483', '2119075780', '4054171259', '2493330820', '2969609630', '2553233781', '2622967712', '3354815456', '1951865641', '2876650978', '1007267092', '1356118621', '1891715822', '3431749048', '1287548419', '1426407822', '322527271', '98340729', '1437493775', '1840708591', '2215767740', '1689863962', '2029943389', '2323875881', '2152004971', '2334432414', '2357212187', '1982458740', '1594321022', '2092326885', '1452352431', '3614631855', '1231252027', '2416147924', '881731962', '2919444182', '2766028860', '2619729540', '2839925413', '832823057', '1916366502', '3052755307', '637099036', '1606292681', '824952112', '2164753566', '1254798239', '2107922537', '119663283', '3348355096', '1906165258', '3499911220', '1353001875', '2133404862', '1300895340', '2524390802', '2587085325', '2357415184', '93053089', '2746320212', '744970740', '2754165173', '208001048', '4078383465', '109860741', '1428723336', '2821134532', '3786657019', '2901866168', '1994783813', '2936175962', '1515632523', '411565658', '3646688855', '2993927260', '1154672621', '1810367015', '2580714575', '3682320159']"
"['2828410045', '1132668854', '1047437342', '4017419547', '4156949350', '4137824711', '4012579839']","['2828410045', '1132668854', '1047437342', '4017419547', '4156949350', '4137824711', '4012579839']",1.0,4,"['2828410045', '3671903889', '1181128709', '1679006481', '1132668854', '726038546', '1870021231', '1047437342', '949073344', '4017419547', '4156949350', '611915577', '2408995829', '370176326', '1394179489', '1054197140', '1542549330', '2283293077', '4137824711', '3617887170', '4012579839', '1382672727']"
"['2412145969', '4057790296', '4005045165', '591032177', '639176853', '4124167166', '3646398621', '1457280738', '1302348809', '2462792966', '533625821']","['2412145969', '4057790296', '4005045165', '591032177', '465660696', '639176853', '4124167166', '3646398621', '1457280738', '1302348809', '2462792966', '533625821', '1317566258', '1385285844', '1951468383', '1857711347']",0.6875,3,"['2412145969', '4057790296', '4005045165', '591032177', '1875942096', '465660696', '2261183625', '3469798284', '639176853', '4124167166', '3646398621', '1457280738', '2685560161', '1302348809', '2462792966', '533625821', '1929580394', '2154736570', '557855927', '4045978075', '317909928', '3394135128', '1233379520', '4000499495', '1437800323', '2425466903', '740761795', '4113597704', '1885935771', '1874818577', '2407836857', '3782671125', '307625166', '1232569058', '1354285397', '2974228573', '2345676609', '3319112904', '4117370104', '2137282974', '734001517', '411683494', '551868162', '1789947718', '147742548', '344652743', '4162072163', '3357556719', '1317566258', '156520866', '2675165451', '1230699499', '2920991236', '4156982694', '1837422479', '1385285844', '3641524224', '2359569807', '743220554', '2180824114', '316330485', '219994842', '963832570', '2278129437', '1871167992', '4040630548', '4011962370', '1069021070', '522180335', '2068231245', '2128505990', '1456333653', '254787256', '1951468383', '350788736', '2583836645', '1857711347', '1794615817', '1866613415', '1652728522', '2838736901', '2546550546', '3416526772', '2308156709', '4060447483', '3454297403']"
[],[],0.0,0,"['311985456', '2911133321', '365788404', '2079718078', '306539757', '1661807524', '3177884274', '345070129', '1450397665', '2295688759', '778714288', '3103201444', '1029919310', '1276189028', '1104439439', '817390814', '3792398529', '3644325406', '1446342221', '1578653362', '2043373385', '56291044', '3156543942', '2828155652', '844530078', '1610094705', '3463538534', '662602773', '1032358549', '2636981926', '171333251', '1294456981', '3160401700', '2223740098', '1956222634', '116680695', '2284643701', '81186965', '3489913078', '179803348', '893031299', '3042604120', '353474888', '121902310', '2780688479', '3663142162', '837632038', '1005413272', '3056867304', '1631971273', '106900185', '358323400', '2711810604', '883214147', '925434594', '497465090', '3303094890', '1075777039', '3488595112', '1005154803', '1152718779', '3463811434', '1276924108', '2722762944', '1513891619', '1927945044', '2513844561', '1303263476', '2641887219', '1953537956', '2820336935', '1587720608', '3126995633', '3765026244', '3692357874', '3173068042', '1785006508', '4126667549', '1137023759', '1742426336', '2127745167', '3158890499', '1059155708', '1884926883', '381532807', '2510431933', '1990824906', '1643754371', '2624163533', '651337399', '2033496352', '696242714', '1723129711', '4076937039', '2461451160', '2149834909', '2673647651', '678591361', '1825858137', '830019898', '273241098']"
[],[],0.0,0,"['2575588920', '1504769724', '3697181287', '47192705', '849168566', '3048033255', '1200417224', '3057196021', '2235509434', '1622464008', '1300149500', '1217948561', '306186851', '1883312140', '2071435134', '1886089621', '1235011120', '2336750912', '2265635545', '2257307440', '1864832100', '1153164678', '209439649', '209172855']"
[],[],0.0,0,"['2215052323', '670984804', '909601496', '3346063419', '1106038425', '1306011889']"
"['4155132454', '2348521688', '953230260', '4037549788', '521615895', '819748748', '1829985486', '824561298', '2317938300', '1005112384', '1345157355', '3689574405']","['4155132454', '2348521688', '953230260', '4037549788', '819748748', '2781830118', '3658218010', '1829985486', '2317938300', '1553569107', '1005112384', '1345157355', '4095604634', '3689574405']",0.625,6,"['4155132454', '2348521688', '3308764906', '1032969022', '2909511233', '2618585760', '953230260', '372728051', '2258505326', '4037549788', '521615895', '316561190', '2028090861', '934341464', '2689049240', '819748748', '1220070539', '481876424', '2311110075', '194021051', '2645153963', '2526311232', '235105824', '3432186150', '2347559680', '1204711421', '215094671', '2781830118', '489095015', '725411021', '2851900807', '3494019879', '2434927282', '697914828', '547132762', '171588895', '612021238', '3658218010', '2929368021', '5719355', '3126966505', '1829985486', '1618383731', '896336343', '452167600', '1784001920', '327011405', '4032353994', '1300522110', '739180881', '2625614382', '1919887313', '2938122641', '597694865', '1297901539', '824561298', '279949535', '898024672', '1269600806', '2317938300', '3124254643', '475770805', '653373562', '2718923701', '3449457688', '1553569107', '75199425', '57702360', '2216225000', '1501798083', '850308322', '1005112384', '1345157355', '112693392', '230867116', '146434685', '2325277231', '4095604634', '1364260502', '13090473', '668756542', '3737178432', '993325744', '3689574405', '1588394644', '3161383042']"
"['2965611762', '4087479355', '2237958907', '346014098', '1562383169', '3979197135', '2111329291', '2244668983', '4047216828', '2070841755', '3039803194', '607204098', '1538650239', '2956862077', '560729660', '7609982', '3030614171', '2729715078', '554156812', '1771956865']","['2965611762', '2237958907', '346014098', '3979197135', '2111329291', '4047216828', '2070841755', '1538650239', '2956862077', '2729715078', '554156812']",0.550000011920929,7,"['2965611762', '2637530135', '366730163', '3611536790', '4087479355', '2237958907', '2418659803', '346014098', '2072547444', '2357177912', '1562383169', '2359141113', '811112855', '3979197135', '2111329291', '682309974', '2244668983', '830355607', '796039430', '66114519', '1061307005', '4047216828', '2070841755', '2423331541', '24737298', '1544013621', '288147692', '3039803194', '2801009936', '1419577582', '607204098', '2356622701', '2679856276', '1312347597', '1538650239', '2956862077', '2876186613', '1785893917', '775047108', '560729660', '2406851432', '1359443739', '3120911684', '3662686635', '7609982', '3370514457', '1515467520', '2129669780', '1173950600', '2024803912', '2205652220', '160356729', '3030614171', '990257007', '3765673949', '2729715078', '2952149028', '1143882985', '2001863178', '254747672', '554156812', '936029274', '1126948008', '26282110', '3351180331', '640109741', '1270150510', '2780044617', '1487617261', '1771956865', '1882692740']"
[],[],0.0,0,"['2572089445', '1671126204', '755526121', '3678838391', '3430509825', '1719997387', '2472475906', '1137637241', '2747505304', '2725004366', '1387170986', '1979330584', '1134717077', '1658569544', '63454128', '21798977', '1508465708', '1535038135', '1517090903', '2906797215', '2272316845', '1289651163', '2157006923', '1713733377', '2992113463', '1740883507', '692384802', '1886038098', '1245038955', '984173201', '1479223507', '1527291486', '567636708', '544896756', '3463867682', '3686600239', '1991335181', '1677843462', '45866522', '1453276674', '1622303126', '2380925209', '1189180126', '772381820', '2325088838', '88336784', '2788138147', '2472455626', '1503969320', '2843273719', '2033384002', '3485064252', '3677618463', '1662481210', '1396710485', '84453348', '2292190534', '885674585', '1087864103', '1872609481', '1734679577', '79271489', '796495138', '4063936474', '1820458662', '1626250318', '1084364401', '2246163876', '1823161478', '2285412325', '1964899788', '1992986483', '521316057', '533444509', '2596044280', '2657250035', '1648363481', '1359147834', '2976015733', '775987956', '1967983718', '381060092', '3696039983', '1295128307', '179506252', '1523313691', '1478762404', '4082138600', '1275274674', '4094273121', '2186342563', '4102451800', '1328603363', '1104961141', '3121872597', '751754026']"
"['1884423144', '1371201607', '738616543', '1875648481', '979458178', '2627695846', '1842133662', '3646725880', '840043352']","['1884423144', '1371201607', '738616543', '1875648481', '979458178', '2627695846', '1842133662', '3646725880', '840043352']",1.0,4,"['1884423144', '1371201607', '738616543', '1875648481', '3102144304', '3684679786', '979458178', '1298795215', '3109297938', '3382351015', '1083772860', '139904287', '1574989550', '1259160862', '61815552', '711320860', '1720208328', '2533693812', '3677600286', '2374064832', '3385468201', '1604921306', '3458903180', '1108545607', '1444146245', '1624941506', '571597944', '2351772792', '2071327741', '231945992', '3051034499', '2627695846', '2301471040', '726546877', '1554743982', '1842133662', '2523929882', '3206303', '2783084282', '279244837', '2674079233', '949944201', '1696037220', '984805238', '3148066486', '2277881871', '501982389', '2000148159', '1281183881', '740510702', '3450240483', '370605126', '2797540609', '3127116479', '160036587', '2765473611', '338315920', '695214792', '1650822984', '2503738915', '3646725880', '2570491134', '1979898495', '544747718', '2704931263', '1252975601', '1416978713', '2803568882', '2166639081', '4078823978', '1156235324', '438789275', '85662556', '1038653244', '3057121339', '4061801060', '70705919', '840043352', '2207471380', '2158850069', '3104918807', '2755258531', '1363505508', '2503438715', '2096628082', '3660072473', '1532668153', '3773305', '41164577', '225534312', '1533278062', '144952361', '843055022', '751616176', '1998862158', '988669948', '2158539939', '1328120245', '3365466611', '1381111080', '246980407']"
[],[],0.0,0,"['237475468', '283360961', '1930057643', '669281522', '1448137130', '56649101', '1014140204', '715163986', '1313691444', '941703982', '2171490063', '383492675', '1712255413', '921446568', '420495508', '2586081148', '293674404', '2493259701', '1556075625', '1975982430', '602283110', '1815080869', '1756695561', '1077985262', '3166311823', '2072204661', '2754320920', '2772161321', '2853791980', '2306473700', '1232701487', '2977758213', '1933291824', '1463857403', '2635128237', '2834477340', '318062288', '572707360', '1845681819', '789110236', '3626975819', '1441569137', '1291050644', '1060974138', '553788215', '266947159', '824720019', '2002537557', '2529150918', '670188068', '643611750', '1201932962', '1593940579', '898243006', '994495006', '290662176', '118702316', '2023590513', '1892125080', '4116371252', '1802914268', '1214750056', '3315729718', '3665572439', '2417612235', '2767507051', '3780972411', '1089291133', '2581465633', '1114166915', '2573966638', '1371623940', '348620360', '1444681858', '1675641823', '1596447481', '3482891344', '1686391160', '428302816', '3479106818', '588630485', '4156399394', '3753810500', '2088230114', '414430215', '2417678015', '2103945790', '364257040', '1550082762', '1134004799']"
"['1513797777', '1674854243', '2360185039', '2740910582', '851727496', '3737841349', '2164193317']","['1513797777', '1674854243', '3737841349']",0.4285714328289032,2,"['1513797777', '1546583823', '273360852', '2664288362', '1674854243', '2360185039', '2740910582', '1548218766', '2079765665', '6066917', '851727496', '3344724207', '1933857439', '789064897', '2422807701', '3737841349', '2164193317', '722380320', '1101530571', '71774273', '3387980710', '100013689']"
"['1141097772', '526724913', '2282433665', '2567929036', '1062666518', '2516428724', '415125286', '413928032', '2907335530']","['1141097772', '526724913', '2282433665', '2567929036', '1062666518', '580425510', '2516428724', '415125286', '413928032', '1203149465', '2907335530']",0.8181818127632141,6,"['1141097772', '1763999867', '11835413', '347697470', '1015088722', '273919248', '2906430051', '1702987206', '526724913', '3141583316', '23856213', '3772674146', '2111856865', '2865615867', '2282433665', '3367825304', '1867832177', '2567929036', '1062666518', '1346166820', '487017168', '910202398', '1434031922', '3060056802', '164665137', '3650072176', '321540623', '243775044', '4121942871', '1707994670', '2267824237', '2445754678', '4056501272', '3663877382', '265326609', '1997260368', '353817640', '2823704825', '580425510', '641259992', '2516428724', '415125286', '2345894531', '3113825138', '1504309207', '413928032', '409944193', '2353767175', '3396742209', '573403439', '2617828955', '3109071804', '10025065', '2057977197', '1548655636', '3038181751', '1203149465', '1172674468', '1523483843', '2302023500', '408337650', '1088830485', '3478158474', '4006270652', '3152368176', '314861230', '4073882361', '1377153781', '2907335530', '1213974046', '3646606067', '3160955069', '500428086', '519328854', '588868408', '1979964291', '2683924982', '2094618442', '1186031048', '3612642677', '2373400879', '740759959', '1908113684', '2881417842', '832330965', '516938600', '1745289682', '324403280', '1748181520', '3353808204', '2690620170', '135742481', '3635402870', '874295559', '3689814652', '3173374502', '3034558013', '3689073242', '802646641', '2320930095', '2854845414']"
[],[],0.0,0,"['2019737308', '1278784107', '1616921481', '1703887384', '1794246510', '2724240237', '2538887724', '1778269343', '1285683701', '324304495', '2000235115', '2148706239', '2851791615', '1130988310', '2889031020', '2081250680', '797245916', '1674599531', '666236933', '1470100319', '266806262', '3179127431', '2291691361', '75088938', '1600317765', '948836141', '3743502224', '1849685734', '846377003', '1392356037', '1257687113', '971019521', '1913887041', '1868306114', '110357675', '2109130537', '3405409543', '2651735220', '3606426372', '615450100', '3400041672', '96892165', '1768076445', '2029715535', '2085458170', '158071445', '2087031065', '3407172132', '1443845722', '1430721739', '3703218806', '752549052', '1190482205', '854114641', '653231532', '23642395', '3333016898', '1432149540', '833821366', '915650578', '2938209639', '2218106007', '999073601', '1436742879', '318276118', '1288423283', '86585353', '707172568', '1361794331', '1961855706', '1921705182', '2636299121', '2819038714', '1023256211', '1255743069', '2691270239', '628419402', '2823949384', '1432406935', '1930432600', '535173349', '746596932', '3175752609', '1878469550', '1287244843', '2210783661', '740112878', '1183865860', '3303734847', '1898281581', '3398400201', '701159561', '2012711221', '4037898004', '1061619336', '2980318238', '667859432', '1953119809', '2124076023', '1341564773', '683149072']"
"['1061675147', '364850949', '3442852878', '2819159050', '1950063004', '2831522424', '3499532086', '3312160644', '2927535402', '2793662144', '2983425883', '2038755603', '2147274791', '2012978773', '1707991005', '2156811046', '461019335', '799830611', '2818794451', '2849581664', '665274053', '657947104', '1539849505', '1498241747', '1293965954', '3437948163', '1452376278', '564150453', '3634689761', '1401484752', '390152982', '3177844791', '2359371350']","['1061675147', '364850949', '3442852878', '2793662144', '2038755603', '2156811046', '2849581664', '665274053', '1539849505', '1498241747', '3437948163', '3634689761']",0.3636363744735718,4,"['1061675147', '1975675014', '364850949', '3442852878', '1165109931', '2819159050', '1950063004', '2792668722', '73072753', '3143382295', '2986551628', '1198056789', '1115460343', '3112788933', '2831522424', '582639972', '2101248339', '1155252466', '2122778642', '1481613411', '3473047798', '1753605104', '2374217920', '3499532086', '3312160644', '2927535402', '1387016642', '1009654970', '2793662144', '2991163233', '2983425883', '980271732', '283542191', '2038755603', '1700867442', '2147274791', '2332970956', '2020041253', '2012978773', '4057651116', '1707991005', '3045470340', '252241601', '2156811046', '1742406901', '461019335', '3740307918', '2216923618', '799830611', '4057388811', '4054625487', '2818794451', '5237843', '2849581664', '665274053', '657947104', '1539849505', '1498241747', '3304679282', '503552974', '1600054760', '1293965954', '3437948163', '1452376278', '564150453', '3634689761', '1621145423', '1290929955', '1401484752', '2209408982', '3378462997', '390152982', '3177844791', '1045579922', '2359371350']"
"['1929582594', '3132668501', '2411129052', '3660430127', '3622183756']","['1929582594', '3132668501', '2411129052', '3660430127']",0.800000011920929,4,"['1929582594', '722479400', '3132668501', '2411129052', '1183914477', '3660430127', '3622183756', '561178837']"
"['1916097845', '4106352369', '3753596505', '1650951822', '4105341640', '3148271360']","['1916097845', '4106352369', '3753596505', '1650951822', '744604841', '4105341640', '3148271360']",0.8571428656578064,2,"['1916097845', '3756134719', '4106352369', '41345956', '3637751206', '3753596505', '374628653', '3788979508', '3406251545', '3422075220', '1911544397', '2449749273', '517086315', '3372447518', '2083217631', '2150108151', '1121559187', '1556178537', '2124973417', '434626036', '893226524', '3139858690', '875460999', '3032231251', '4086159478', '2817781822', '2741646739', '1215686689', '1359880666', '2011670943', '136803989', '2771420064', '2302091945', '2071001861', '1921298415', '825771220', '1094311266', '1997150842', '1617609747', '2362453370', '211437611', '456228731', '2712211261', '1650951822', '701347774', '744604841', '1420542009', '2126416117', '1247597616', '2823595476', '481416241', '185297406', '2865029101', '1779037456', '744861163', '1044703445', '416793672', '4105341640', '292889915', '1978795082', '505385640', '3300827993', '3067012575', '3148271360', '1357548196', '2505382210', '1981240552', '1714009079', '1255138322', '97103186', '2490871344', '1543053020', '1720904016', '2047570124', '2098925919', '10256035', '3422166913', '2176761851', '3416262930', '1883200568', '1421562505', '1707280528']"
"['1308438325', '466620527', '1458834667', '929692552', '2913221910', '4023575205', '4123447149', '3320886240', '2103551234']","['1308438325', '466620527', '1458834667', '929692552', '2913221910', '4023575205', '4123447149', '3320886240']",0.8888888955116272,4,"['1308438325', '132940667', '466620527', '1458834667', '1225131967', '3308397829', '2641445605', '827355929', '2270368300', '2748200574', '254280255', '2182985084', '1485201027', '1806921010', '1022330683', '2735483920', '2141640820', '2108676502', '2464592555', '2504221151', '537324937', '2008451336', '929692552', '2734912380', '1881404388', '4038041096', '369164775', '246358289', '2913221910', '3333192068', '339924051', '4023575205', '855881772', '2035353817', '260327667', '4103179977', '2285096359', '3346788070', '1989504340', '3420027470', '4123447149', '865990218', '790047641', '1522025217', '184816956', '757390821', '1936396334', '1042393701', '758640993', '1339393316', '613163118', '1881723942', '2816612738', '375911071', '2696370419', '3112505646', '4073424789', '2847632062', '1957437163', '37575391', '743018813', '2899944727', '1837420665', '3320886240', '1209378649', '1449743526', '348055396', '1363142734', '901259071', '2416121013', '1478834815', '2103551234', '2793234979', '1754830061', '4038898065', '1170457191', '200652378', '1689960340']"
[],[],0.0,0,"['2588011307', '1935746968', '2943104633', '163836235', '2871112606', '1927100476', '68815745', '2429681601', '1782855424', '2767247640', '587086260', '2304232037', '254615423', '281399160', '1474777421', '407315475', '845217541', '58858065', '2633803500', '658528223', '1451627561', '332874455', '1267035841', '1282947102', '2079592202', '1701979764', '436289295', '1146909316', '1531050527', '353395035', '948568521', '1838438130', '1418685564', '1755323013', '1158432904', '2340109221', '1134582207', '716664824', '1265525801', '2855144003', '2582819722', '888823938', '2312329600', '7506085', '2199035934', '1441980920', '1091856601']"
[],[],0.0,0,"['1782807429', '728188252', '2161024536', '1919847131', '3406542231', '1602646724', '2831353521', '2009048787', '1504849035', '755935669', '63942004', '3630302590', '2472577426', '3776943119', '3130681454', '1494490334', '1121029371', '2373907373', '3306111743', '750655333', '330507497', '2859429725', '3441441779', '2096590154', '303250671', '281748364', '364585745', '1883249679']"
[],[],0.0,0,"['744158450', '869929186', '1827948833', '2853886538', '1460516303', '3727116434', '2210077325', '2685730664', '1262743937', '3127047100', '1414102469', '3134964485', '107478528', '3679701969', '1768360422', '2275732712', '93060378', '823691673', '2244974053', '2791884419', '1516820201', '1434788735', '541539465', '2172527612', '1687880325', '689114822', '673220687', '90441347', '3613260921', '2372196694', '238266537', '3674612977', '714868021', '364886589', '2586876317', '3690028474', '2999847505', '1026403743', '2853575413', '3697505876', '1407227792', '2475703440', '1558055043', '2226862514', '1580280130', '2079652246', '1674259703']"
"['581126896', '2179686935', '1777384629', '727482382', '833474576', '4025639036', '4096417644', '4043962747', '4040670611']","['581126896', '2179686935', '1777384629', '727482382', '833474576', '4025639036', '4096417644', '4043962747', '4040670611']",1.0,4,"['581126896', '1788753368', '2179686935', '1777384629', '2278794242', '873553635', '1608673003', '727482382', '833474576', '4025639036', '199931897', '3426208117', '843254172', '4096417644', '4043962747', '4040670611', '1690354003', '2802415707']"
[],[],0.0,0,"['1811754723', '1455273736', '1002373744', '3050816787', '191319516', '2691143008', '2074112828', '106638266', '1120661042', '1084137785', '2256348836', '448762092', '1642546226', '365326139', '3308365893', '1433240769', '1421203982', '511594984', '954609762', '1207071307', '2736410035', '2498801529', '3673208493', '2567460780', '1206948040', '853239105']"
[],[],0.0,0,"['3139941045', '2454266427', '1198214102', '3373904098', '733835706', '3101204067']"
"['1511694931', '737268128', '4089671057', '2181870604', '105695539']","['1511694931', '737268128', '4089671057', '2181870604', '105695539']",1.0,4,"['1511694931', '737268128', '92871823', '4089671057', '656764984', '1476155729', '1398070684', '331516735', '2942336909', '2471238082', '1634211219', '806354684', '1052425980', '1394723200', '2647859700', '2665263420', '2181870604', '1733883918', '968089142', '1436907677', '2488018661', '900052813', '2584702360', '2122793366', '2388885331', '26743142', '3739411236', '1603386789', '959222840', '2694109329', '2896227522', '631690655', '3412072155', '2265957082', '1285706667', '1304784589', '2192605632', '2205765655', '1225104389', '2545777600', '886141545', '323238989', '2332480084', '105695539', '1155386043', '2740485961', '1508793180', '3337131388', '1355405804', '2220581086', '2508581477', '663300125', '2367636115', '400468015', '2776030703', '1581414096', '2569535577', '1162986217', '1012994617', '340897549', '3033377238', '625475581']"
[],[],0.0,0,"['1048540433', '381255572', '1819993059', '3040134540', '2196214635', '232241910', '101239603', '1222556251', '168646872', '2387485181', '1905693279', '594698817', '141936696', '950455568', '2236335968', '271375790', '1314683931', '1954298336', '3494108391', '3362281953', '496300157', '3410552438', '2140138742', '143789922', '2292463470', '1609196376', '3479158525', '2691884646', '849327579', '757270275', '72127157']"
[],[],0.0,0,"['2865315860', '3644586701', '1670481217', '1436843610', '95033367', '653854301', '1385041765', '1679213002', '1399342260']"
"['2578525222', '3051332168', '3366272077', '3475921842', '2177976459']","['2578525222', '729527070', '3366272077', '3475921842', '2177976459']",0.6666666865348816,4,"['2578525222', '601839421', '167609275', '2147380576', '2251713533', '2961696920', '1181897626', '500652140', '729527070', '1202022914', '1848085982', '2480351864', '1200764881', '2808720502', '1614332440', '1010900961', '2246027510', '3625550203', '1309474281', '2585827809', '3051332168', '2635124821', '466668220', '3116070320', '3366272077', '189972013', '3339100666', '2343073781', '1163917731', '2781673960', '2921296462', '3734111301', '1911102387', '2840406715', '3463854160', '381693547', '2895497567', '1454072596', '2655060221', '224302657', '2382285904', '1278684140', '1228112308', '2534419863', '380347686', '952751664', '478422107', '2283993317', '1921098774', '1945874741', '1569055126', '1461206171', '4059303436', '1133803152', '1457421161', '1408279530', '2294304790', '1879787512', '2226658603', '967714714', '3037005939', '2191127375', '555928284', '849290183', '1461532208', '1896396925', '1903866813', '2418153141', '13740984', '598362479', '4114049710', '2065496260', '1247596683', '2216491681', '1815047342', '859204341', '2197886927', '2139813700', '2096159203', '1771213461', '519223511', '2812306515', '3475921842', '2100812017', '327681237', '2748528436', '585292927', '1350735535', '2177976459', '774930331', '2788807501', '554588353', '599562660', '824068725', '2140555471', '3320018908', '1856983590', '3327978890', '2731132513', '2509897416', '1353666631']"
[],[],0.0,0,"['627784375', '1186494682', '946744763', '4096738186', '722596515', '1010692075', '3106578586', '1686339262', '590564370', '2173576680', '189272475', '2603235617', '2940139343', '1693998450', '3188625120', '1375735303', '1533171741', '523167440', '3040426398', '2093756389', '1077005628', '151745709', '2172364814', '2946515925', '990551661', '1574825796', '2687714219', '2261615285', '1143678597', '72181925', '1250153330', '963591411', '885434965', '2325636833', '2255554381', '3615003695', '1739418391', '2379199424', '2673959922', '2952375702', '1530711861', '3347730732', '2871036464', '3357460215', '3393239558', '380384571', '3048023433', '929525235', '791366007', '2478773341', '2177302543', '49615649', '1217343741', '3437502189', '2674787362', '1766170341', '1485918408', '3112904421', '974471438', '247158422', '2262479825', '3634095437', '1148471519', '2590528017', '941833620', '1788242642', '3394657297', '1873126405', '3605521276', '1239116765', '2680615763', '1356138528', '57768280', '35392290', '815077123', '393739180', '1634568839', '3034512370', '1075808680', '2510406806', '3436753713', '440711884', '2417773752', '88614263', '2537000538', '3616152059', '1495145044', '2293749705', '2112810532', '1378538140', '752687616', '1117287912', '1991695329', '3648645136', '1724788611', '2884836534', '2295413262', '1856624014', '295414815', '1321755917', '2264217212']"
"['1152115366', '4140582515', '428674230', '2747811021', '1682669359', '4018436487', '2421070766', '2459473154', '1578978889', '2032354689']","['1152115366', '4140582515', '428674230', '2747811021', '1682669359', '4018436487', '2421070766', '2459473154', '1578978889', '2032354689']",1.0,15,"['1152115366', '437703144', '1475914940', '1420464691', '4140582515', '874324195', '428674230', '2747811021', '3144956064', '1560082970', '403402311', '785388322', '1682669359', '1754671133', '2053489129', '4018436487', '2441417330', '2421070766', '2459473154', '616884098', '1578978889', '2696906738', '3687239662', '2908302376', '1790624201', '2427218300', '717497791', '1151906002', '22528655', '2358536545', '2032354689', '1772089648', '2703873944', '287814901', '2773793367']"
"['669999915', '264699383', '1260399950', '1600359952', '1556650496', '3639140428', '297990334', '40053766', '85327840', '268119967']","['669999915', '264699383', '1260399950', '1600359952', '1556650496', '3639140428', '297990334', '40053766', '85327840', '268119967']",1.0,8,"['669999915', '264699383', '3698006152', '3409574218', '1260399950', '213463280', '1600359952', '333426361', '20410867', '1556650496', '58332279', '3639140428', '2145216579', '297990334', '1862995276', '40053766', '2731817714', '85327840', '4106654275', '301659208', '268119967', '3786624341']"
"['4153593865', '225800698', '1369386889', '2748463819', '1387271251', '800846541', '3787116445', '2055305497']","['4153593865', '1369386889', '2748463819', '1387271251', '800846541', '3787116445', '2055305497']",0.875,6,"['4153593865', '225800698', '751938394', '1171954058', '1369386889', '3414844534', '2343759473', '4075694661', '3404445043', '3618647201', '531075589', '606530790', '2003913822', '2529263512', '713894296', '539002949', '1672112923', '2362540304', '2075462604', '3729707804', '2259952992', '260554116', '512130757', '862527498', '397913486', '2748463819', '1948358708', '2376301932', '2248475740', '2950497246', '1032144823', '568915311', '327206234', '1387271251', '163817556', '3680321186', '190490517', '12270553', '800846541', '1608153706', '3152041404', '3446276612', '3058790397', '3688751826', '1348933302', '2756146678', '2044356093', '3787116445', '449423044', '2055305497', '1566602595', '487441797', '3982144002', '1565774582', '3795792832', '643693777', '1564065357', '373671227', '2122150681', '2883990616', '831315685', '1924834198']"
"['1917127465', '2467755351', '4026914500', '3664982069', '277174193', '2767131533', '1573524930', '4087953585', '2745988062', '737188115', '3050799773', '1768641016', '3317793817', '4160526674', '3788393632', '1079474892', '3490925130', '1542993602', '2780309973', '1456780751', '4011738487', '303929144', '2417425673', '4021602574', '4133060543', '1151739454']","['1917127465', '2467755351', '659660135', '4026914500', '3664982069', '277174193', '2767131533', '1573524930', '4087953585', '2745988062', '737188115', '3050799773', '3317793817', '4160526674', '3788393632', '1079474892', '3490925130', '1542993602', '2780309973', '1456780751', '4011738487', '303929144', '2417425673', '4021602574', '1151739454', '1612412691']",0.8571428656578064,10,"['1917127465', '2467755351', '1656112279', '659660135', '1777961589', '4026914500', '3664982069', '277174193', '2767131533', '1573524930', '1783323196', '4087953585', '847976336', '2745988062', '737188115', '3050799773', '1768641016', '3317793817', '695970574', '4160526674', '3788393632', '1079474892', '3490925130', '875233184', '1542993602', '2780309973', '1456780751', '4011738487', '303929144', '4016873436', '2417425673', '4021602574', '4133060543', '406320892', '1151739454', '1612412691']"
[],[],0.0,0,"['3338137132', '2424869639', '1777024962', '3622437083', '1478049739', '2141118578', '516150322', '2233269327', '2639678417', '357462377', '212293840', '3612588227', '908461132', '122490358', '1414081900', '2921241500', '862433021', '1756710715', '1467402379', '1043856833', '2870276141', '3115520876', '4100505900', '1632419993', '2579897923', '3454462919', '803064718', '301195717', '844401527', '803990513', '1637899833', '3104546794', '1397471125', '4042046712', '3787241212', '1827717872', '1784122213', '2921544107', '896894185', '2825659922', '1752278810', '2859267707', '1757535608', '1833332787', '112104926', '2328384936', '537634511', '913858225', '1391966038', '1203393335', '806265028', '1030365825', '2663305733', '714464673', '2581604430', '996204139', '805196872', '2734363341', '352926343', '204725311', '260335606', '1737316929', '1741948914', '3344201416', '1588515006', '1527411040', '418983552', '2820738925', '3688372270', '1809331117', '1626859232', '1233424035', '1676044332', '510346154', '850311433', '1146620916', '465346608', '683225712', '1749131749', '2904673633', '1343107266', '695370331', '207496071', '521272433', '1501117739', '2216481023', '2843508743', '70436162', '2602435382', '4157732308', '2181429639', '1670894624', '2260702894', '2389743493', '537066698', '2023562624', '2553859578', '339208000', '2434818061', '156887953', '1381715724']"
"['2917150056', '2876827684', '1983343550', '896792889', '4029772018', '1177985834', '1852782471', '673502094', '2913729751', '2032949757', '2783639468', '1602255332', '989813104', '870736491']","['2917150056', '2876827684', '1983343550', '896792889', '4029772018', '1177985834', '1852782471', '673502094', '2913729751', '2032949757', '2783639468', '1602255332', '989813104', '870736491']",1.0,10,"['2917150056', '2876827684', '1983343550', '896792889', '509237522', '1154757557', '4029772018', '1177985834', '1852782471', '673502094', '2913729751', '283186901', '2032949757', '2783639468', '1602255332', '989813104', '870736491']"
[],[],0.0,0,"['576986720', '2672860262', '1991480204', '2473333109', '2189689027', '2629110780', '2588096242', '2081322156', '221318560', '2591499213', '2639655100', '1802758195', '507430051', '113841499', '245635828', '300273420', '3341185856', '1824661815', '1320580921', '768332030', '1975916012', '567750910', '867449741', '2315462377', '47320505', '2055001113', '1034237282', '2852614808', '423717050', '1619084879', '2907112630', '2619765837', '992050456', '191914565', '3120076632', '869428341', '2205279184', '2169187977', '825131630', '696518539', '2596240623', '2343057380', '2157282713', '1362581835', '3362235299', '2498863737', '1884087406', '1886457520', '2294516', '685952717', '167413763', '1858451121', '2017811919', '896345927', '2972899440', '838140477', '1944407898', '1261481607', '1849175541', '754588894', '1096213641', '1618520039', '2433611204', '151779350']"
"['2046633248', '681918687', '124694524', '2265795276', '336229722', '2098181782']","['2046633248', '681918687', '124694524', '2098181782']",0.6666666865348816,3,"['2046633248', '681918687', '124694524', '2265795276', '336229722', '2729850148', '2098181782']"
"['2824772653', '1177403199', '2460637662', '643265990', '3653950219', '383654981', '3631654955', '1400472122', '1167170133']","['2824772653', '1177403199', '2460637662', '643265990', '3653950219', '383654981', '3631654955', '1400472122', '1167170133']",1.0,3,"['2824772653', '1177403199', '2460637662', '643265990', '3653950219', '2865049737', '1078809773', '1878149081', '1106584105', '383654981', '969769621', '4031736463', '1208450589', '2521809004', '3631654955', '856230061', '187154393', '1550196134', '1667346022', '3189843219', '2877435333', '1583101288', '1400472122', '3631654043', '3185363076', '2252562911', '1167170133', '2937688417', '2314969663', '442971569', '5030373', '2010953868', '2567908257', '1950797316', '1560233654']"
[],[],0.0,0,"['2794806505', '2538897933', '88916125', '2880827011', '2404580827', '1761729429', '2178773168', '2217342604', '2194267721', '1948512403', '1298007905', '165197683', '740268772', '1626109236', '35228222', '61221400', '2807621006']"
[],[],0.0,0,"['1911553077', '1263011018', '2589459826', '3328447110', '3400978767', '380740941', '292103899', '218198138', '2494695220', '2948090727']"
[],[],0.0,0,"['2263001656', '2470461848', '3683314474', '2404813904', '391955642', '1960514944', '1744813945', '2296710204', '3695016131', '583241873', '2219509178', '1601605869', '1334799909', '3396453859', '1983531998', '1753975330', '238158812', '2801390852', '3350973984', '2217729203', '929514204', '2673031852', '421328553', '405256625', '3304176229', '1273799098', '820815445', '1447315017', '2221731978', '14189021', '3172524639', '156444872', '1387708072', '3446309827', '301868497', '3162984678', '140761133', '2891017508', '2263285424', '733058296', '256169962', '382130512', '1986448049', '2107573558', '1590054901', '1279795312', '2006781213', '602636739', '734735114', '532625254', '1935891726', '2607492417', '596183705', '654828814', '116291131', '2959603403', '3390611582', '1795442732', '3733628114', '1312017305', '3681620596', '1922826393', '352213713', '695717327', '655825537', '102677379', '80011409', '1403681754', '304319812', '461514911', '717374650', '675459781', '3620520069']"
[],[],0.0,0,"['1724302632', '2642310731', '2576922583', '2840531939', '2230793310', '915040270', '184019140', '3612748360', '1173271593', '19445739', '1979853012', '1029068742', '2939340733', '3038922163', '3650844216', '1315766564', '774187081', '2302456008', '975601659', '1147436643', '1911062864', '1820564381', '1651084481', '1705533280', '985016937', '3169583293', '2596503412', '1378983035', '1429937605', '4117853932']"
[],[],0.0,0,"['1555423311', '2216975442', '1508546515', '1864887907', '2963870701', '62901418', '2626394102', '3602965884', '2254946419', '448241803', '66770102', '1308195175', '1915765795', '2946711258', '3707816835', '3428062507', '2123220383']"
"['4034643022', '3611322134', '1123621292', '551982245', '478415903', '4155466471', '640897504', '2957154457', '4087941216', '2379497647', '3121048066', '649803016', '1378510289', '2949566603']","['4034643022', '3611322134', '1123621292', '551982245', '478415903', '4155466471', '640897504', '2957154457', '4087941216', '2379497647', '3121048066', '649803016', '1378510289', '2949566603']",1.0,3,"['4034643022', '3611322134', '1123621292', '313980009', '551982245', '478415903', '700947554', '510392769', '4155466471', '640897504', '2957154457', '4087941216', '2379497647', '3121048066', '995051082', '649803016', '1378510289', '2949566603']"
[],[],0.0,0,"['1427182928', '3327864633', '2409917669', '3187091151', '3320001335', '1828841684', '2238939721', '1327275664', '3038226913', '952246222', '1292093862', '1501197881', '2560590834', '1447322924', '1207474550', '413742560', '641630706', '1010957940', '558910499', '2136559974', '1531423912', '844858212', '2862261280', '1118626140', '3734493701', '996172498', '2248600607', '1403072640', '2332995040', '1467383168', '1056480239', '2005684507', '1429842640', '1620499711', '2356986664', '3458375110', '108386512', '1160317898', '2288687422', '2367086912', '1102735670', '2400210605', '1326522620', '2096265143', '1921608927', '510803332']"
[],[],0.0,0,"['2266058904', '1718549241', '994742636', '690523870', '250412479', '971821817', '3458181766', '528818786', '1573897415', '2687862454', '2844133519', '2965814525', '1413608031', '160653893', '386760203', '2155557441', '1219537767', '1397082805', '3124745136', '21819343', '2331792449', '1955268244', '2921688230', '1390533168', '2639029980', '2591452304', '72708284', '1199826980', '2419085468', '2321943122', '662228519', '3661811072', '1972409211', '465485467', '676597430', '2300950726', '1786475427', '874101467', '2419304007', '3129272421', '2818304725', '1586445801', '3146217561', '2843308960', '277508529', '2101964994', '845170906', '1510622637', '1650498921', '1501869230', '760994431', '437379899']"
"['817528989', '3628523158', '333697782', '305837705', '2943819449', '3436871145', '588782862', '2803903252', '2848128421', '3346812691', '3659020085', '1046636935']","['817528989', '3628523158', '333697782', '305837705', '2943819449', '3436871145', '588782862', '2803903252', '2848128421', '3346812691', '3659020085', '1046636935']",1.0,4,"['817528989', '3628523158', '333697782', '397036602', '2011793801', '1988546484', '1405470957', '910722010', '3623207115', '2171271914', '3758571920', '392990959', '2859820628', '1051922008', '3139768251', '4026167307', '264657125', '2736288870', '3171034523', '1406592069', '554215632', '2861913346', '527601241', '2726250812', '2207967876', '3798154904', '4011859201', '2291527215', '533643727', '1845742741', '3448411761', '2599493025', '305837705', '505677706', '2105846228', '3428574448', '2943819449', '3057610292', '1140877278', '4123137984', '507520423', '2449664573', '1364917297', '949286373', '3132874704', '2672140578', '1346669987', '1082091985', '2422711213', '3762207600', '2206438886', '3436871145', '4013759116', '611159188', '1246778998', '588782862', '3675419105', '204673165', '2814203953', '2718464457', '1468707171', '2803903252', '1056620666', '1329393044', '622017645', '199984388', '2104133308', '4141848551', '2616790321', '3366301179', '1216776376', '615570353', '2179406342', '341578273', '276788912', '3687182072', '1916549933', '47227754', '2848128421', '322444789', '1207591993', '1658690123', '3346812691', '2576214523', '2213489113', '951475265', '1091045658', '3447012551', '1019188377', '3659020085', '1069908411', '170381427', '1796712906', '2116144906', '508212599', '1046636935', '1769754423', '3688920449', '283329226', '520813113', '2833675741']"
"['1444809477', '4113173105', '2869123926', '1328619094', '1721279064', '3049779836', '244636617', '1059496694', '2284349885', '680238796']","['2576709017', '1444809477', '4113173105', '2869123926', '1328619094', '1721279064', '3049779836', '244636617', '1059496694', '2284349885', '680238796']",0.9090909361839294,5,"['2576709017', '2737742214', '1444809477', '4113173105', '2869123926', '2251384634', '922372381', '2757275335', '655320309', '1328619094', '1379263967', '265606277', '1468525975', '1705088272', '3306501850', '1721279064', '1140293602', '2479732206', '3049779836', '244636617', '2269998101', '438593659', '1094624849', '2885049662', '1059496694', '2284349885', '978767042', '680238796', '372297719', '1031141754', '691955884', '1200864207', '1926265226']"
"['3349959737', '211353308', '1340495568', '2443140336', '1002770101']","['3349959737', '211353308', '1340495568', '2443140336', '1002770101', '422421138']",0.8333333134651184,6,"['3349959737', '211353308', '1340495568', '2443140336', '1002770101', '1006037709', '2316566136', '422421138', '3381817645', '3069563799', '2657114981', '1861642269', '1385714165', '2160381813', '1307562245', '397019348', '1874592074', '1978085791', '1839457755', '1829011614', '1518735338', '2076653642', '264480172', '2961800073', '3687458164', '248382396', '3787480237', '2843680531', '2805772721', '3157004714', '2012754194', '2996156353', '321080789', '126247125', '2743686106', '2547318771', '3045418830', '2930785211', '680696289', '3685459711', '3407053917', '2011286951', '3374494805']"
[],[],0.0,0,"['581427137', '2094201862', '3487015400', '3493374381', '2593557170', '1450193370', '993199890', '859955412', '2602144626']"
[],[],0.0,0,"['1931972337', '2568536117', '1771783223', '3140424856', '3486430358', '2867248654', '1904057968', '76912601', '2858638015', '847274600', '635183641', '2886907827', '715136638', '1360347522', '966297972', '1583019732', '2253974968', '3059588475', '2090633223', '2593364432', '1840395207', '9816822', '1532405507', '2279708081', '2009840375', '469600084', '1770343040', '733542043', '60937278', '2312500136', '955343908', '660489695', '764424327', '2162826108', '1968086816', '752357830', '371489859', '1509248236', '2716558102', '2892657729', '1153564542', '1280960224', '118508336', '4015126511', '1783331597', '2442173563', '2096387474', '3464334600', '2428608473', '1279022775', '2134596505', '3495775721', '495260389', '1182816901', '748520404', '320367681', '3443762978', '19564561', '2483892114', '746256270', '1372807080', '2491216742', '2140066401', '721157717', '981538009', '1668989320', '918936317', '1652891280', '3415393973', '1792457508', '1001871162', '2229377727', '1063784013', '640155070', '2794969232', '71832868', '774225274', '2145245344', '1993860683', '4075330763', '192381151', '2829753117', '3720184107', '2414731014', '1700681769', '4055336183', '2469720262', '3160444267', '2212989302', '541126373', '3770117743', '631389230', '2139248809', '2767005726', '1525935495', '2570838040', '3640342606', '1369772354', '3361408497', '3361829589', '3138681471']"
[],[],0.0,0,"['1386000600', '621551184', '2419451160', '866276625', '2892094737', '546933415', '608516720', '2297365406', '3475404884', '866777581', '120309235', '2861613575', '266717984', '37505062', '1256382210', '619559022', '1372003935', '1632374019', '369368499', '608733620', '1090016517', '1992707766', '251472635', '1947269978', '3787553849', '99873546', '893897032', '4086364504', '3359539576', '1064283144', '686712780', '1514012627', '514841009', '1850299122', '3045326177', '137186875', '681841533', '404560840', '1305085875', '2163296444', '4137055655', '673597732', '2093481881', '1876389129', '1051466561', '3326105674', '2282882162', '1636479969', '544879040', '2648201711', '295225232', '3361042086', '3143260431', '1208091980']"
[],[],0.0,0,"['2159554165', '3388020712', '1713743762', '3312891268', '402005143', '1342052569', '1677623192', '1429832354', '3366539412', '2621804346', '55594988']"
[],[],0.0,0,"['2444101723', '1042906583', '75567085', '1119098344', '1677107831', '2746151323', '2084466520', '958207132', '2273695261', '156848570', '1752174028', '697700284', '3434366848', '1747986248', '1177997772', '1375570787', '2415839724', '950103917', '2109438513', '527159936', '3300395983', '4115079004', '867024424', '709353422', '654853893', '1224107644', '1775270760', '1470129909', '3428795661', '2699607441', '749221883', '1219779562', '2214476600', '779360380', '2908592129', '3405739051', '2451237037', '1582051426', '1910885992', '48703082', '1324796254', '1880755630', '2129227617', '2676112273', '3158511072', '1727251370', '4030029333', '1877968712', '723095581', '1724500912', '2899168148', '761541409', '1188852441', '2548304373', '2483836426', '1249457747', '777675664', '2799073483', '1165284900', '73004776', '3455152463', '152719267', '801151614', '1732924766', '2136384115', '1524757226', '3699267798', '2428081533', '3113991235', '2143902315', '1213724127', '1787778032', '3609967380', '1724230673', '1444832833', '1353335944', '1281087969', '1314824426']"
[],[],0.0,0,"['3393943967', '836260019', '622736506', '494733329', '1060282683', '1026939848', '1517275276', '644861175', '1316030364', '1670682227', '474343417', '1533738215', '2427834781', '2492146416', '2362345482', '1127551606', '2078752445', '2273236618', '502561645', '2998765040', '2686456305', '870995958', '1931635939', '3457248931', '225846544', '1602911152', '384390477', '2422392249', '2276766236', '1457860314', '1822322789', '760574436', '1042553028', '979364826', '987458908', '3603373368', '2372031802', '2513844361', '1123591860', '3623051408', '1078809415', '114069850', '1841709016', '1404220560', '132867444', '2987862225', '1067418320', '2857253781', '2431390630', '753648023', '108184915', '704388527', '842100367', '3136124125', '1808984300', '2269367774', '956652640', '322569355', '2801594801', '1444712206', '3316031494', '2525995180', '105410408', '515707295', '3650063692', '2984636300', '1649846007', '1039575770', '1129630616', '529027736', '2075337774', '142290680', '1327823326', '3380932630', '2287881225', '720984324', '3103468093', '134798600', '2461351012', '352109455', '569780575', '602760590', '589265899', '745513220', '1277222266', '851352985', '2176356857', '3344269023', '2351730915', '139385059', '4012384392', '2103490943', '351534322', '985262928', '1654132757', '1378133837', '942277102', '1745398451', '3308253509', '3477638356', '933513855']"
"['1159219949', '1439958933', '2248289364', '217493141', '2072083539', '3162715494', '4057818241']","['1159219949', '1439958933', '2248289364', '217493141', '2072083539', '3162715494', '4057818241']",1.0,3,"['1159219949', '1439958933', '2872447107', '3720043721', '1496937899', '2248289364', '4030489417', '2682783143', '1341108797', '1990660746', '345600526', '598283882', '2401504438', '856906797', '2152595693', '594059876', '229878417', '742098396', '1941676158', '1990220347', '1711672887', '3466409113', '2654065784', '2814997228', '217493141', '1298118982', '2826009642', '1504760869', '1022445543', '1177303273', '1596467033', '1980521945', '1995080108', '1540992822', '2072083539', '4013068081', '1824519882', '4123343016', '256131068', '1456267079', '877859791', '1131403914', '2645599439', '407512112', '1137741922', '601841147', '2272130657', '989654018', '2594226848', '1282496565', '1679372295', '3162715494', '3426506922', '102572567', '8259413', '3408699709', '933905967', '4057818241', '3653867580', '552932158', '880690163', '3142441269', '2549852565', '3481692531', '2253056962', '534518901', '2187163672', '166431914', '687583862']"
"['433990103', '2095740628', '2452680801', '916217436', '2302602025', '368218834']","['433990103', '2095740628', '2452680801', '916217436', '2302602025', '368218834']",1.0,7,"['433990103', '2095740628', '2452680801', '916217436', '2302602025', '93548390', '368218834', '1104876733', '44398411', '1913541921', '700258492', '401333699', '2625124740', '2068119490', '2575688756', '3425395658', '3748863240', '291608162', '3165881976', '590585575', '1963760253', '4162481015', '3463238722', '1256379297', '2250180404', '4041390400', '2632621948', '516086977', '2115699775', '588327399', '958165924', '930752900', '3638655999', '553081275', '1526904138', '4128695185', '2953688220', '3343864195', '2376248564', '3131950678', '712784787', '1383611627', '1382156001', '1515810334', '259379413', '2998129200', '1083813142', '2675263140', '2827199481', '882168853', '2036081393', '24646095', '835574115', '1067107296', '2329247914', '981230825', '3462911427', '123826534', '2821819446', '3610442760', '2456666011', '4059303673', '2300479066', '2413625920', '2976178135', '2536704041', '1759670724', '2268740583', '1324819714', '168580580', '2973046674', '870387880', '831320729', '1619678602', '1509892975', '2644246007', '1329188864', '3411526790', '2862768742', '2376285373', '1494691886', '878806180', '2087984888', '1411612215', '656332162', '4116218798', '1797024631', '1587690510', '1591358240', '2141996353', '1787677615', '2594482882', '4058466432', '148997164', '2072574588', '2713191146', '2302373210', '2389502332', '2683505566', '70532085', '914675060']"
[],[],0.0,0,"['779714670', '302232831', '1688111192', '3485955522', '1175565222', '1637933807', '2344790215', '2252979812', '886324565', '170206816', '740568972', '1249394571', '1138873406', '3162994362', '3113901726', '2955342110', '3132093331', '3146043563', '2295082898', '506290111', '986591528', '686768945', '1481221791', '2137372635', '2908798741', '2763363377', '54563430', '1154716735', '386292268', '1186229967', '2801749932', '3606270291', '3177438576', '1930065562', '2240705728', '920229538', '2168217137', '1735493137', '2440618677', '820967142', '3736136949', '1130500863', '2660349240', '1373002842', '2647791171', '416771001', '3031871926', '510996942', '2535072335', '535172713', '1671212184', '814339104', '2939402959', '2371899242', '3330069863', '324881793', '122211104', '1100937812', '320303942', '826728341', '2355099889', '424891724', '3419527797', '1513840608', '256210528', '1092980234', '1895205864', '330031487', '1952044133', '214902677', '734956418', '2002355176', '681250672', '1735704181', '1075342026', '1776361571', '2347747415', '1658876233', '1019811819', '2161817103', '687316023', '278717671', '2103300144', '2621283019', '2075244741', '220279305', '814698323', '2544464237', '1634605974', '3308419554', '1870259124', '3362571374', '2039715137', '3639641850', '1088587173', '3751539019', '1841558469', '1719562831', '1106341612', '2815202861', '299605687']"
"['1287304285', '3129454114', '2574239675', '166949496', '2135842892', '2866040827', '4032655332']","['1287304285', '3129454114', '2574239675', '166949496', '2135842892', '2866040827', '4032655332']",1.0,6,"['1287304285', '3129454114', '2574239675', '166949496', '1620325108', '1832630738', '1845282196', '2293580520', '2122031921', '839349864', '2135842892', '2842950380', '2384778340', '1179039916', '1967499261', '2894309711', '1916096640', '939551393', '488421590', '1219440827', '1612041176', '2423266617', '2721485609', '2866040827', '1497867836', '4032655332', '2562206702', '2150947682', '1016501398', '2374015193', '2108353502', '946550916', '624172528', '2818906580', '739942120', '3031423160', '863728143', '925480509', '3345412786', '2545711740', '2958466041', '2220212474', '2611346739', '2943114523', '3141868754', '1234048290', '1478602278', '2968756380', '2860969520', '610174821', '746357223', '2283490762', '2733650162', '2347212660', '2673011628', '189133895', '1455765631', '787086775', '1386143812', '2742086000', '462572440', '1485510187', '1909723152', '845151760', '1193663661', '901023330', '3339724902', '2572879981', '2171290727', '2023741214', '1082846181', '719188980', '926259574', '1232265883', '1656028622', '2583290943', '1643326460', '2608083920', '1418278821', '3059250469', '1043108780', '1452173007', '2285620732', '1351842338', '1173780520', '19765585', '802308580', '2607219807', '146392435', '22944615', '2435325226', '168176760', '2484549305', '26302957', '3128003036', '1226364923', '1162970769', '42098545', '2713641661', '2594970741', '4060501295']"
[],[],0.0,0,"['1460349225', '934240276', '13448499', '1832798434', '528636246', '2482026282', '1632249338', '2864661080', '2291523727', '2456027862', '867476949', '43025279', '821405742', '2479944606', '1817648982', '2083598319', '114555837', '815530656', '2265991063', '1028742327', '1162564672', '1956116709', '695974837', '951611732', '211574512', '1858260643', '3778941419', '2498999404', '22244917', '2443947410', '3168166195', '3691310143', '202187642', '530979126', '606103945']"
[],[],0.0,0,"['1117330102', '327337149', '3452008267', '363454262', '325284258', '2836216900', '1723181861', '621331923', '1942361902', '1035761769', '37632205', '2413966613', '963487409', '3365933969', '2964642265', '3608744143', '1006977336', '2067259481', '574172180', '1891063003', '568151568', '1838680225', '309430579', '3762618518', '1835666328', '1384070308', '232974061', '929313701', '1662744928', '40671204', '2306361516', '1417568540', '1012483231', '607735134', '1260737441', '1555714572', '1349991870', '2057985887', '2846350102', '1509682902', '201858944', '1761234171', '1816063510', '907798662', '1737261948', '1049028970']"
"['4089377509', '2119027185', '2215380594', '2225548644', '2953802561', '4158928804', '2055125711', '702223983', '4104344417', '2807041220', '4135929409', '4125075487', '1188189522', '1393335307', '2328937344', '2017015632', '4122880835', '932446017', '4137892695', '483477116', '4076734627', '4105508896', '4118720126', '4043703738', '1978782361', '4136874354', '1366732850', '1664566554', '1255084405', '4128132921', '2025996241', '4139912405', '4140892431', '4031560370', '4036957688', '3743036412', '4057384541', '359909626']","['4089377509', '2119027185', '2215380594', '2225548644', '2953802561', '4158928804', '2055125711', '702223983', '4104344417', '2807041220', '4135929409', '4125075487', '1188189522', '1393335307', '2328937344', '2017015632', '4122880835', '932446017', '4137892695', '483477116', '4076734627', '4105508896', '4118720126', '4043703738', '1978782361', '4136874354', '1366732850', '1664566554', '4128132921', '2025996241', '4139912405', '4140892431', '4031560370', '4036957688', '3743036412', '4057384541', '359909626']",0.9736841917037964,5,"['4089377509', '2511501278', '1182527036', '1414059302', '251568091', '2119027185', '2215380594', '2225548644', '2953802561', '4158928804', '2618441619', '2055125711', '702223983', '3727232537', '1686438570', '2209582209', '4104344417', '2807041220', '3642311096', '4135929409', '3375295841', '3457993924', '4125075487', '1188189522', '1393335307', '1457829732', '1075512344', '1921973258', '530372612', '1181337649', '2328937344', '4009739630', '1753031733', '2017015632', '366819738', '361637047', '4122880835', '932446017', '1950513768', '507843887', '3791053206', '1813842128', '4137892695', '3132399345', '2843584321', '2169797513', '4141382784', '1163908323', '521101063', '946132235', '483477116', '2595003260', '4076734627', '4105508896', '4118720126', '1262376514', '4043703738', '1978782361', '4090701794', '4136874354', '2343809172', '3303166955', '1930969928', '2311088011', '1568223336', '3326567723', '1218317109', '2829745161', '1366732850', '1664566554', '1986138729', '2729026816', '2152751707', '1255084405', '4128132921', '2025996241', '2260301754', '1341092128', '635866005', '2032723326', '3110071751', '1250111043', '4139912405', '37962480', '1589839406', '4140892431', '2667865581', '4031560370', '3603864895', '1323973109', '4036957688', '3743036412', '162733633', '1207789083', '3490094170', '2432230852', '2631521503', '328026487', '4057384541', '2013846530', '359909626']"
[],[],0.0,0,"['1089809580', '2543831281', '1485010625', '2705765944', '645776436', '455358094', '3672639397', '237606395', '873275764', '1445410542', '2147299542', '1420779464', '1931035777', '747586043', '1506248715', '2204502144', '3143321588', '1254354916', '647388021', '1270600764', '721943023', '1589206541', '1107613540', '692504728', '119665600', '1328466283', '1676264143', '2423193224', '1327511827', '1288065508', '1006290025', '2576509616', '347324715', '2634845741', '2096390514', '2604587121', '2212899003', '1473681903', '2738217231', '1634435238', '2695273641', '1941302001', '1999694480', '555027351', '1704829540', '1123080210']"
"['2400596546', '78953896', '1803192292', '324062674', '587319023', '1357644494']","['2400596546', '78953896', '1803192292', '324062674', '587319023']",0.8333333134651184,8,"['2400596546', '971088618', '2692552936', '3493558272', '78953896', '2825050658', '1803192292', '727698552', '3308012677', '2274615604', '397920604', '3322795939', '2273695669', '1282464998', '1350632387', '2449585775', '1426776607', '2525982147', '324062674', '1876698098', '587319023', '1357644494', '4011615356', '4055976246', '691485947', '4114111877', '993303929', '4076463620', '2503785235', '1532206955']"
[],[],0.0,0,"['877166630', '1326260730', '1282540576', '906252060', '1371154166', '1674350308', '2143842219', '1106528127', '453151427', '1284098431', '1076731203', '1498566206', '828945856', '956812930', '2968879328', '1765746440', '1956511569', '2332850412', '2542413836', '2710115018', '1096534510', '2275780914', '1326996382', '2728888271', '3432511565', '2426371117', '2574364231', '3488842612', '1406581831', '1655324262', '613801451', '3706933313', '3481163409', '716077036', '1006286831', '2199609608', '2919482244', '620568319', '1351949702', '2877081240', '1467512908', '1661646118', '1111856668', '1714845606', '268558494', '2149761431', '1466726422', '1140458422', '221320226', '1301242874', '1837924177', '2288369422', '2124089674', '911763306', '840204321', '1603250539', '272738401', '3172258070', '717422026', '3691765506', '3616671924', '213410377', '2890090424', '950702781', '1821616361', '10759778', '2032097122', '394274801', '2527331614', '1494748434', '2309129613', '2271622230', '2148707081', '3168476517', '2085828229']"
[],[],0.0,0,"['1042979152', '188251971', '2229579865', '2495487222', '1630176231', '1921560740', '1405161805', '1022020129', '2167146629', '2158923762', '594193340', '511628286', '964262747', '1057397938', '1066662584', '663276163', '245941076', '203526147', '801818109', '1481134686', '2963071781', '1356371207', '1358281306', '573222273', '1328764310', '1153950160', '634359507', '1195004855', '2101297344', '1853746361', '2597026715', '1295723560', '1089899971', '1745098830', '2319067470', '436060989', '1849930613', '27195206', '935884941', '2354913341', '1824702838', '2235645822', '1410997091', '88761907', '1642198221', '298506904', '756978043', '2563015326', '3182220730', '2675678919', '2045381100', '3388182628', '1095184802', '1009851970', '2560422240', '736036220', '1555386444', '3323129190', '352986366', '2477377901', '1572030112', '367874513', '602217720', '1580785007', '636833960', '3640047747', '1169402917', '2740168918', '3645354474', '1077118921', '1911215630', '807242776', '2212054444', '1992768564', '1554105778', '1527463084', '374249529', '785355717', '727690163', '2165235161', '1077714919', '265697917', '728937131', '82826342', '2570477046', '1548294042', '464007431', '2978700328', '300560870', '321309653', '177558363', '3058029556', '106845794', '1286458721', '1253633003', '722617892', '2350013667', '1275004037', '167042611', '3670242284', '1213641854']"
"['2293921210', '2479561702', '3628241117', '2374866666', '4049664016']","['2293921210', '2479561702', '3628241117', '2374866666', '4049664016']",1.0,3,"['2293921210', '2479561702', '3628241117', '2374866666', '4049664016', '1401933055', '206764786']"
"['1134874639', '2054666386', '1388363165', '2615082032', '2192220678']","['1134874639', '2054666386', '1388363165', '2615082032', '2192220678']",1.0,4,"['1134874639', '2054666386', '1315566412', '1388363165', '2615082032', '2972669760', '819214580', '2192220678', '3156282422', '4153840710']"
"['4079283801', '2181561893', '2173589739', '917903916', '23392727', '2872186847', '1463602468']","['4079283801', '2181561893', '2173589739', '23392727', '2872186847', '1463602468']",0.8571428656578064,8,"['4079283801', '2181561893', '2173589739', '2154100011', '917903916', '2621447804', '23392727', '2861505010', '2872186847', '3655530977', '1463602468', '532716927', '1592655709', '3768172902', '525836293']"
"['827782523', '4158309437', '2982367100', '5593376', '2201110697', '218625916', '1151193982', '853802466']","['827782523', '4158309437', '2982367100', '5593376', '2201110697', '218625916', '1151193982', '853802466']",1.0,8,"['827782523', '1742223726', '4158309437', '2982367100', '5593376', '2201110697', '218625916', '1151193982', '853802466']"
[],[],0.0,0,"['1995850434', '1800002783', '1275686726', '1902126116', '2123911016', '2196826011', '3738974307', '2988994733', '3316748436', '809027574', '3423448599', '4002911575', '358971904', '1623508138', '250151063', '3717232142', '442089590', '1164125813', '3457703125', '969782271']"
[],[],0.0,0,"['2386955320', '2479010008', '950175938', '2818511206', '1196100572', '340932035', '1889342728', '1268553936', '1995362820', '1167915164', '1974092984', '2676767524', '890831016', '823057317', '2752595323', '1381195129', '2018112737', '768736063', '1315168423', '1489706963', '1838118516', '2713644061', '2222812612', '1121347410', '1345125643', '1245844041', '2235325220', '2358590592', '2721794900', '1145152501', '2668293307', '3389940176', '2404216810', '2255094219', '797372931', '1612277706', '2818780283', '2083038907', '1494023981', '501650998', '2635918461', '1632469519', '1651016317', '1121483780', '2347517761', '2192557200', '1403327001', '1369584315', '3331453307', '1224960135', '2282179182', '1241136601', '2620376406', '606537055', '1096930565', '2779228672', '761863902', '1209126070', '756962809', '2001370521', '1330053010', '2627153101', '1807366580', '874031502', '1961205843', '645106606', '779457915', '51254605', '1171805517', '1455073876', '3694423140', '3452691966', '563286220', '3673175358', '2904179432', '225532322', '1778067133', '599743455', '2205082708', '1390585821', '1561506660', '2096054705', '2676531016', '1658475912', '2062036262', '927331670', '1352653843', '1257162107', '1897481721', '3320113551', '1687504576', '691494426', '2973980512', '254937300', '2332909211', '1305467941', '539876605', '2021305619', '848317840', '2118093873', '809615301']"
"['2294095093', '641228405', '584541563', '2538104034', '4032571799', '1339802452', '2698484269', '4093417163', '1688876978', '4154886044', '173114751', '4054607672', '2130412817', '3681128459', '323688397', '2215136390', '2340947140', '2530079582']","['2294095093', '641228405', '584541563', '2538104034', '3466869985', '4032571799', '1339802452', '2698484269', '4093417163', '1688876978', '4154886044', '1613121843', '2787763677', '4054607672', '2130412817', '3681128459', '2340947140', '2640843280', '2530079582']",0.6818181872367859,2,"['2294095093', '641228405', '2413649870', '838729002', '1581711517', '2884854581', '2609366240', '370456263', '810149773', '777236219', '730761284', '584541563', '1875572579', '278233949', '764502773', '1841612215', '2187194301', '2538104034', '417722666', '3679145108', '153461942', '3466869985', '853234691', '1612976265', '4032571799', '509199516', '1090893515', '1926129517', '1339802452', '1741376847', '393646598', '878626234', '601005701', '2470167882', '2206632437', '3378495178', '848104320', '2698484269', '3615049712', '4093417163', '1464584539', '1688876978', '1010241769', '2626463625', '4154886044', '2518822533', '3116831563', '186714697', '2155047870', '1951061801', '2380738731', '831009436', '1512530641', '1613121843', '413816776', '1874552529', '2787763677', '173114751', '1433481633', '248649338', '1985177479', '2247107872', '383214343', '281858526', '533723054', '1325493907', '2686071103', '4054607672', '3189701116', '769230744', '2130412817', '649873924', '791578913', '1026085020', '1021772885', '3681128459', '1100378821', '2334434508', '975711769', '731522364', '3406022073', '1257550360', '3067400111', '2918427100', '886087301', '136710440', '323688397', '3686724174', '2215136390', '1948221438', '2340947140', '85699453', '2777387734', '934777554', '2640843280', '330617239', '643534740', '1832713571', '2530079582']"
"['1819019961', '2565661116', '2481082022', '979247624', '1724947673']",[],0.0,3,"['1819019961', '2565661116', '997285569', '2481082022', '979247624', '1724947673']"
"['1307607247', '3147706554', '2281836444', '2787494744', '432316460']","['1307607247', '2787494744', '1120146995', '3662271349', '1527811489', '1825012243', '3794993946', '3636105509', '1569620563']",0.1666666716337204,6,"['1307607247', '3147706554', '2147371341', '3459351020', '1654849028', '118824577', '823959814', '1253453982', '2281836444', '3412162885', '2920067719', '2531420304', '2378389325', '835159275', '79684203', '332777215', '3168885320', '2697107017', '1891863179', '2787494744', '2185469379', '2680760340', '1909259237', '2460385423', '3436914137', '1120146995', '2213738526', '4094184270', '3789672025', '1626913299', '469228123', '4090722026', '3725357601', '1051067272', '3681818692', '3662271349', '3342200664', '3424043756', '1827598400', '2709744014', '2054824641', '1540462793', '316245005', '656315201', '780265643', '2427233872', '1709544046', '1527811489', '2465698050', '1073652773', '2470001019', '432316460', '809623886', '1825012243', '782593245', '104239253', '2549151431', '2245453018', '1378382487', '1415204933', '2792958322', '2135698875', '3794993946', '2133037206', '1700059102', '3636105509', '2874672233', '357492823', '1015659612', '1508313215', '755841323', '2093840705', '553662641', '3403977794', '2631950266', '1424885961', '150922685', '1569620563', '3469526135', '95528884', '2000579385', '2108412583', '576972417', '2971408604', '4098273952', '414815782', '2386735759', '1521073895', '583240618', '1949529612']"
"['2122651108', '724173034', '2736995848', '3065455158', '2271884374', '1937317498']","['2122651108', '724173034', '2736995848', '3065455158', '2271884374', '1937317498']",1.0,4,"['2122651108', '724173034', '2444593080', '2500421421', '2736995848', '3065455158', '40364725', '1174847675', '2405762505', '2271884374', '1937317498']"
[],[],0.0,0,"['839349275', '581992921', '990935205', '76388665', '3336877535', '621320628', '3381128402', '2174303300']"
"['1465129311', '954063952', '1454259899', '354217917', '2995742666']","['1465129311', '954063952', '1454259899', '354217917', '2995742666']",1.0,3,"['1465129311', '1666093279', '783642182', '454036381', '2213450468', '2860751163', '1336371144', '1729896431', '3402966552', '1117497836', '1555240767', '954063952', '2483932350', '1411156202', '1610035722', '2067138367', '1454259899', '354217917', '212636938', '2729357963', '886630678', '3480257713', '1880517175', '371851351', '1995584839', '1717442713', '1613910682', '2179092303', '1430326122', '1622819065', '867928562', '3331312971', '191126986', '1031714375', '1407937419', '1480664424', '3112192996', '1849633143', '1428556837', '2995742666', '2316782632', '526205188', '2601384037', '3656393061', '1685900889', '651407758', '3147214420', '2745220632', '1859189876', '2103821666', '1425983202', '1014984519', '757545530', '3311095402', '1216407062', '53933966', '3330862089', '93251434', '153149343', '1418776433', '351231041', '1805883316', '3347205262', '1882858535', '3498412408', '1294588583', '1317227719', '2845815526', '1182957768', '3786321818', '1380510933', '754015078', '416449054', '3415452836', '2792203639', '617174767', '1635981781', '3691890543', '123375990']"
"['2315387650', '535686071', '510592656', '3473533228', '1964965052', '3495769109']","['2315387650', '510592656', '3495769109']",0.5,2,"['2315387650', '2012724337', '535686071', '2611864106', '3033709335', '2478302374', '510592656', '1023003004', '1928997631', '814878894', '784480635', '3473533228', '1702637444', '1964965052', '3491263704', '1026541023', '3325810146', '479061898', '3687203576', '1334938223', '192206816', '1865714133', '998253344', '2577391317', '1609884566', '613603631', '3495769109', '2558307216', '841858146', '752975985', '1787832279', '1766309083']"
[],[],0.0,0,"['141750855', '20980605', '1853849120', '1900426200', '2857854620', '1037489420', '663681561', '2236455121', '2290393740', '1491917062', '1795265027', '2380516860', '1230924181', '1476150220', '587462575', '3189801081', '1772964060', '1799020781', '922350061', '770654120', '904568740', '2893503139', '2737661460', '801095954', '963503080', '2823965481', '453525595', '83268085', '18709245', '2384958044', '3147064641', '323217115', '2098077444', '1615110541', '94555295', '2921831640', '1069974101', '2684557519', '1178001627', '2579147429', '2351481884', '2777709363', '234057280', '572374535', '106590275', '1503044200', '2624672983', '3165107512', '2766595917', '2234308021', '638093460', '2535064410', '1249774221', '1261206731', '1297007314', '1594249260', '4038002455', '1979826802', '58509565', '332488156', '1941091238', '2939055060', '2703142482', '209136355', '677102041', '1148347862', '2844568242', '596277335']"
[],[],0.0,0,"['2053770429', '513785080', '620420131', '1302606421', '1465871343', '488405136', '3349972066', '2150472294', '2736506080', '3649223268', '1201996662', '30295698', '2746409763', '844886923', '726848125', '2268938919', '836418264', '2000261309', '2930638611', '2363134229', '2725629239', '1837559182', '2445863610', '2484772801', '2588198425', '1766075575', '358389215', '2359416843', '1815634711', '2761244582', '2222565930', '2657455504', '176393966', '805319921', '1421967641', '1620434542', '1721945160', '721664307', '70117292', '1619478910', '353242467', '1291351298', '2115064711', '2076010484', '1632794118', '2379562900']"
[],[],0.0,0,"['2137883200', '835396862', '701239331', '2654885783', '2156596037', '2693550040', '609094040', '2888221282', '1510222384', '2290254041', '843515521', '787803221', '1760695126', '1543124963', '2269222606', '1396938263', '2440816201', '2554361461', '2986843921', '1961176210', '1997447411', '499665925', '714306701', '2780961342', '2013965978', '848167492', '1410514421', '1691809713', '1739437840', '2792294442', '2192018626', '2361731841', '2834940484', '1168761010', '3481100700', '2148207333']"
[],[],0.0,0,"['2847053280', '2109507241', '2616581221', '2841353712', '1667422781', '1620257881', '2400122803', '1466808280', '2531103321', '1934684441', '1891423974', '360427400', '557900184', '2875260878', '874855808', '1506011820', '3695326544', '467504317', '2072095001', '1045123391', '2237947950', '221205639', '902453842', '1749656101', '955093621', '723378723', '2714271136', '1131924890', '464670607', '556367855', '2198240714', '2551405907', '1569238742', '1421753148', '2651123040', '772874807', '2230261410', '1549370638', '2787309562', '753900809', '1691827120', '352377477', '3316297821', '1991090378', '1608375882', '1814633920', '907822995', '926580070', '898709462', '104807700', '238580173', '2579833380', '1066303930', '29048877', '1510992656', '472262564', '3714404543', '3406838206', '1527666013', '934159631', '1013512211', '1613356719', '3386752184', '230857583', '1842449280', '1108278641', '71576325', '1504518692', '783149913', '184554075', '4122011305', '938608239', '1322912264', '1479152742', '2790480580', '1301350290', '1031150376', '1344404162', '2173107624', '325517953', '2124193547', '139985692', '2672599565', '1897887960', '925337605', '550145359', '2992688427', '3386151831', '1634565436', '212015179', '1420050018', '753417801', '60491530', '2050515801', '1158348880', '2063008661', '2204084881', '175746636', '1707570829', '2795267634', '2526832321']"
"['2409610930', '4142869855', '527497094', '2322683643', '1966921024']","['2409610930', '4142869855', '4093329378', '2693378828', '527497094', '1966921024', '2021568121']",0.5,6,"['2409610930', '4142869855', '4093329378', '3713486503', '3487657435', '191940832', '2714542483', '3391430225', '2005398013', '3121778190', '2644244954', '2326205157', '2367675013', '756875245', '824622881', '2943658878', '1682658372', '719783466', '2546030778', '4023525419', '1382786366', '3145909723', '1093861199', '2349975904', '2514221772', '1784333795', '2711156817', '145085926', '1416647654', '2117789953', '2204150033', '1602913293', '2693378828', '3396208466', '990456044', '325274802', '1849051165', '1079285141', '1221470358', '3783967629', '1482776376', '568756172', '843235464', '4043570526', '4094852502', '1656993970', '585498505', '1745811046', '4041498659', '1681092898', '786282799', '527497094', '1057755994', '1807853645', '2322683643', '2637679969', '1163056368', '1629973964', '1052370008', '1966921024', '2911921635', '487554802', '2407539214', '1248972708', '3653740220', '1397510022', '2369156869', '2368446785', '1342141318', '1496230952', '3618372432', '1780000844', '1501352441', '2034921485', '1167247969', '3685437045', '1037527091', '3770610531', '1184731182', '1266308713', '1437894292', '2446838666', '898745744', '2287125932', '1949705242', '288064948', '312053393', '887996888', '650251609', '168886247', '2509226780', '1132918565', '3773389846', '3618921380', '954381007', '3651967155', '1180020849', '2021568121', '1646676582', '2121572952', '665420006']"
"['3438035490', '2707139670', '2738099047', '1551073148', '2593048966', '2536622363']","['3438035490', '2648359628', '571927921']",0.125,4,"['3438035490', '2707139670', '316749601', '2738099047', '1551073148', '2593048966', '2648359628', '2536622363', '571927921']"
[],[],0.0,0,"['2292350100', '3360253725', '2882713080', '1458698302', '2037410106', '1887876424', '1058962060', '1370886642', '1885788982', '2304125800', '2290132819', '163484600', '1926734720', '2871697844', '2519518530', '1019007780', '2365611318', '2034036403', '2319417363', '1254652131', '1777278162', '1008806958', '839325418', '1247506100', '3453568165', '2825612407', '1834363128', '2588484739', '398545433', '1019015530', '2575270132', '1265178004', '2365548875', '1414035119', '888528437', '2073316524', '3428355884', '2844497364', '2154697141', '2805379573', '4119509905', '1525239435', '95186295', '2081801689', '3323170733', '3104348130', '2751327271', '3105903522', '921644921', '2622699182', '1985258596', '689355102', '1908472018', '883173184', '308114391', '758303802', '1461812082', '3062250692', '1367162597', '1703194670', '1945535492', '1696688202', '2314138869', '1462631706', '2991811802', '2649722330', '444321355', '1891588915', '597190590', '698340774', '853684955', '2483615344', '977594995', '1085613553', '354800035', '807673805', '589842970', '2024932438', '2290652317', '1753308321', '1401533121', '1440229461', '2625736906', '2247059987', '379445942', '1384952580', '3112524432', '2743239235', '2015811803', '736216820', '838550142', '318027357', '754729773', '2340655614', '273551387', '891941206', '2062655985', '744077424', '481257040', '2545505049', '1856085767']"
"['1894496334', '1948283984', '543182639', '1900923849', '2257998190', '749896309', '2150521754', '2717102104', '2638521646']","['1894496334', '1948283984', '1900923849', '2257998190', '2150521754', '2717102104', '2638521646']",0.7777777910232544,6,"['1894496334', '1948283984', '2432529801', '3613546677', '589511060', '1737204221', '2889701524', '164079898', '841314040', '1099416823', '28811425', '740727529', '600827997', '1739034561', '543182639', '1706018444', '1964426641', '1900923849', '1954119513', '1201208673', '837587100', '2076190467', '1739933960', '2579275432', '1790389008', '2257998190', '2968371461', '856986542', '2306633482', '1747110326', '1610066134', '749896309', '101170267', '282932382', '2292175820', '2064673648', '1791870620', '3113013391', '2503899455', '4031965783', '200762737', '2995789640', '937243785', '4043935125', '946056304', '2983935046', '1273530068', '2029751309', '2150521754', '3651629159', '3057720007', '1240612112', '168682235', '1089928498', '1735735333', '4136400501', '2689201929', '4122385431', '2236345775', '2273202371', '4098712104', '2424166442', '1153049203', '361723536', '411379922', '723038020', '2194331533', '3030835824', '2724392248', '1176150299', '4031463696', '3418517798', '958800925', '3697770509', '304325534', '2109986475', '2717102104', '714712018', '2050099622', '3162200670', '2638521646', '1083570850', '2650270907', '821165478', '2600322770', '670221516', '2836487932', '1773665262', '258698352', '1495964223', '894311773', '2401517021', '2188751171', '397877244', '3454255163', '313327179', '1319575180', '1178107984', '2097453830', '3617909875', '1807779087']"
"['917944559', '2921157679', '3040382271', '1617451654', '3982160979', '4094212269', '1547397949', '658636692', '323869039', '146976580']","['917944559', '2921157679', '3040382271', '1617451654', '3982160979', '4094212269', '1547397949', '658636692', '323869039', '146976580']",1.0,6,"['917944559', '2921157679', '1453853405', '1840777529', '3040382271', '1617451654', '3982160979', '4094212269', '1547397949', '658636692', '323869039', '3062317457', '146976580']"
"['3127600028', '1087276317', '1020101813', '1645147944', '3100791055', '1741487064', '1900345595', '2611563144', '4095245230', '3667839000', '347198589', '908918165', '1707205954', '1347169297', '2138477492']","['3127600028', '1087276317', '1502349547', '1020101813', '1645147944', '3124876252', '1741487064', '2611563144', '3667839000', '347198589', '908918165', '3413449740', '1347169297', '2138477492']",0.6111111044883728,2,"['3127600028', '2965334709', '3414343321', '720787941', '1705727359', '1087276317', '1933845510', '324828294', '1632453136', '2233901474', '3620400136', '1502349547', '991340748', '1020101813', '3107314628', '1005671252', '1915935178', '1957458496', '659393208', '1645147944', '2471204148', '3124876252', '427433454', '3100791055', '4133320607', '719063928', '2084228485', '1504142762', '176497873', '1752606342', '3037495072', '1442211624', '1436054384', '1741487064', '1900345595', '964362849', '1217489455', '2888953037', '2613154007', '1346346885', '4040368513', '2611563144', '1030417364', '4095245230', '1522926393', '3650359579', '2805943612', '3667839000', '347198589', '1169659047', '1633736517', '908918165', '2689250978', '3413449740', '1867946788', '1707205954', '3402591659', '1347169297', '812702554', '3114169841', '2271171651', '2138477492', '974641273']"
[],[],0.0,0,"['2540068715', '1465043903', '1731310216', '2964792680', '744698481', '2845161138', '1302456636', '2046680360', '2176757440', '1489891744', '1371008083', '1193201961', '3125229617', '817176862', '1820608181', '2860560762', '2298171332', '1078680862', '1431687621', '3364791282', '946278127', '2465223484', '1135516741', '698886401', '1455192839', '2575997041', '144177585', '167154335', '1936593201', '697065080', '1664366615', '911713202', '2570038107', '1687620943', '1119325116', '2410359760', '903782955', '1509942903', '1678718739', '1633000614', '2164544580', '2819006309', '1035098383', '694816737', '1317724912', '3044128856', '1530949582', '1092177877', '1524613730', '1271630767', '2668833500', '852859963', '2188722380', '1055268710', '1798692305', '1190719261', '2546022301', '1204107627', '2527531932', '777935728', '3407909624', '856501916', '2056099637', '2997854020', '664256461', '197506879', '155939119', '602785708', '1741128083', '1889415677', '2550858722', '3042033705', '2177154806', '209240063', '2628547922', '1869230309', '1399763563', '2693676941', '395369073', '525938615', '137982734', '2698295030', '1193421281', '671133578', '805792010', '2704843983', '1165609603', '1300525684', '2147704898', '1199456133', '210534334', '463237626', '1435177737', '2975089701', '2757240682', '628585069', '778135545', '2579292333', '2010203441', '1000777841', '3382517213']"
[],[],0.0,0,"['2299874160', '813792585', '2807855680', '3464279301', '526809255', '65602025', '1116440680', '2175750757', '2359862101', '2632340328', '2857324638', '929685181', '1408271409', '1554163316', '2888723360', '2596922908', '2475405683', '1048837867']"
"['4137159497', '1500241248', '4138748027', '2825221265', '4118739177', '4026806345', '959336024', '2054154990', '2758605038', '920164809']","['4137159497', '1500241248', '4138748027', '2825221265', '4118739177', '4026806345', '959336024', '2054154990', '2758605038', '920164809']",1.0,3,"['4137159497', '1500241248', '4138748027', '1009404587', '2825221265', '875166569', '4118739177', '4026806345', '959336024', '2054154990', '835850713', '3491784706', '4107303083', '604505148', '784316140', '2758605038', '920164809']"
