label_gang_mem_list,pred_gang_mem_list,jaccard,subgraph_gang_label,subgraph_node_map
[],[],0.0,0,"['1931972337', '2568536117', '1771783223', '3140424856', '3486430358', '2867248654', '1904057968', '76912601', '2858638015', '847274600', '635183641', '2886907827', '715136638', '1360347522', '966297972', '1583019732', '2253974968', '3059588475', '2090633223', '2593364432', '1840395207', '9816822', '1532405507', '2279708081', '2009840375', '469600084', '1770343040', '733542043', '60937278', '2312500136', '955343908', '660489695', '764424327', '2162826108', '1968086816', '752357830', '371489859', '1509248236', '2716558102', '2892657729', '1153564542', '1280960224', '118508336', '4015126511', '1783331597', '2442173563', '2096387474', '3464334600', '2428608473', '1279022775', '2134596505', '3495775721', '495260389', '1182816901', '748520404', '320367681', '3443762978', '19564561', '2483892114', '746256270', '1372807080', '2491216742', '2140066401', '721157717', '981538009', '1668989320', '918936317', '1652891280', '3415393973', '1792457508', '1001871162', '2229377727', '1063784013', '640155070', '2794969232', '71832868', '774225274', '2145245344', '1993860683', '4075330763', '192381151', '2829753117', '3720184107', '2414731014', '1700681769', '4055336183', '2469720262', '3160444267', '2212989302', '541126373', '3770117743', '631389230', '2139248809', '2767005726', '1525935495', '2570838040', '3640342606', '1369772354', '3361408497', '3361829589', '3138681471']"
"['1854567759', '291122058', '1551174586', '4102215812', '2728141367', '412965528', '2720250862', '677134980', '4134023928', '4095616996', '944829895', '1861257950', '2422143840', '2708822404', '1935594883', '610043673', '699036186', '1553746972', '1289884697', '854757891', '2233080229', '1724928864', '4057487172', '1922280295', '2970604648', '2279147837', '2536545551', '1051692590', '3434238150', '4075031802', '325175179', '1741181604', '1662258196', '2134773272', '3605086576', '2423448270']","['1854567759', '291122058', '1551174586', '4102215812', '2728141367', '412965528', '2720250862', '677134980', '4134023928', '4095616996', '944829895', '1861257950', '2422143840', '2708822404', '1935594883', '610043673', '699036186', '1553746972', '1289884697', '854757891', '2233080229', '1724928864', '4057487172', '1922280295', '2970604648', '2279147837', '2536545551', '1051692590', '3434238150', '4075031802', '325175179', '1741181604', '1662258196', '2134773272', '3605086576', '2423448270']",1.0,4,"['1854567759', '291122058', '1551174586', '945659460', '4102215812', '1146873281', '2728141367', '1633678365', '1571197913', '2655188463', '412965528', '2081004146', '2720250862', '677134980', '4134023928', '2521498356', '2309585321', '4095616996', '944829895', '1861257950', '2422143840', '1046803666', '2708822404', '1935594883', '1142885101', '610043673', '699036186', '1553746972', '2515809612', '1248656915', '383721875', '880271503', '2543285340', '1513400120', '2280973880', '593570861', '1601840358', '1289884697', '740362880', '354066303', '993908357', '885022687', '2739490956', '1560256400', '1131968882', '495700361', '2491100271', '2851507560', '854757891', '1945073672', '2233080229', '1478860362', '1552831439', '728731937', '965525307', '2164013618', '1724928864', '1154639011', '570285375', '2309594620', '1353328840', '1692446230', '4057487172', '1922280295', '104834510', '382859795', '528785920', '1831203860', '567763880', '2970604648', '1000477138', '2362314380', '353747411', '2279147837', '2233614080', '2536545551', '1051692590', '3434238150', '4075031802', '859289500', '1312905381', '1144210294', '763029082', '1662508500', '481834473', '325175179', '1741181604', '1662258196', '1849647702', '2134773272', '3605086576', '2388383844', '2423448270']"
"['2381776820', '1075734295', '1596512862', '3656972404', '995327543', '4017458943', '4121372332', '717412212', '3715902144', '2285542881', '3710552416', '3480206443', '119148245', '1586720147', '2550172865', '4030436536', '4019361856', '4055005468', '3693965252']","['2381776820', '1075734295', '177961598', '559919195', '1684329319', '709583096', '1596512862', '3656972404', '1909554358', '995327543', '2635448253', '4017458943', '1584862405', '4121372332', '2923994744', '717412212', '1496871222', '1085352858', '3715902144', '2380338271', '1106358355', '2285542881', '1927349089', '3710552416', '2888341767', '1943220317', '2710561425', '1399888494', '3480206443', '119148245', '3144865914', '1394853659', '121700905', '1586720147', '2550172865', '4030436536', '4019361856', '3468923930', '4055005468', '3693965252']",0.4749999940395355,2,"['2381776820', '1075734295', '781163177', '2790634165', '177961598', '559919195', '1684329319', '709583096', '1596512862', '3656972404', '1909554358', '995327543', '2635448253', '374030640', '4017458943', '1584862405', '4121372332', '2923994744', '717412212', '1496871222', '1085352858', '3715902144', '2380338271', '1224083528', '1106358355', '2285542881', '1927349089', '353948162', '2359836169', '3710552416', '2888341767', '1943220317', '2710561425', '1399888494', '3480206443', '201728054', '119148245', '3144865914', '1394853659', '121700905', '1586720147', '2550172865', '2705059060', '4030436536', '4019361856', '3357423941', '3468923930', '4055005468', '2260174745', '3693965252']"
[],[],0.0,0,"['733200272', '1826691284', '170775037', '1749382274', '215360251', '385074499', '1168043102', '4158406811', '316384079', '2765112009', '537027357', '1032839620', '188895045', '2536700960', '130195020', '1973424986', '3415660977', '140336596', '257403635', '21199326', '1383474972', '1272543109', '110140501', '1097830730', '300613844', '1475046965', '116448755', '1239997923', '3133535276', '1275683517', '423428283', '868437400', '184030623']"
[],[],0.0,0,"['1000887177', '4079769402', '1405291991', '2484917500', '1872476764', '1530426459', '137442467', '2191648847', '3417827144', '3394082992', '1860342585', '2069384617', '2022222991', '2998659362', '4001245921', '4086789221', '404307573', '496645574', '862153785', '2476349854', '1929614893', '2621131647', '862489300', '1585385092', '3106989037', '518544216', '3344997025', '672830501', '3676711270', '3644876964', '3341657235', '2199308194', '402441847', '3762011634', '1711264947']"
[],[],0.0,0,"['2716390460', '2601188540', '2574431923', '898368420', '1387233481', '194517622', '388044720', '1015315646', '1107265760', '2276508913', '2870413011', '2520327613', '1224919227', '1632848662', '2139394560', '469697758', '1004374060', '2142314894', '3038504944', '2679434141', '1908452363', '1630136025', '750388513', '3123869350', '2765378281', '84571025', '606388500', '328767660', '410754267', '2121254681', '2119643074', '2091135505', '3045931905', '1452279574', '266372307', '1617329710', '1012622136', '13756151', '63115357', '581602077', '2611133309', '3403251893', '3316832972', '846154003', '1555936716', '472625282', '1398909740', '424817955', '2789163940', '716056153', '587451367', '1820779377', '2212515912', '2283494132', '519567002', '990090868', '654731600', '2358361925', '545724504', '43852934', '2988709874', '265053025', '303824535', '2838307813', '667104341', '2141373822', '3150901245', '485446700', '1655349024', '1056526877', '2372548867', '2684058480', '1186924873', '398652795', '1290540870', '1302359061', '2117027076', '955155640', '812226601', '765969705', '1159845805', '307265080', '1928537284', '2516730717', '1213861240', '1781812740', '616865383', '1003118143', '237520359', '1774531116', '715146920', '1181747120', '1171104408', '2063323906', '4082249451', '2117704202', '2235647661', '1620107308', '44846985', '27481435', '1396282218']"
"['4114364755', '3334529847', '558478174', '1947753324', '1710349053', '1165830457', '3434757598', '2415928927', '2421514273', '3318551338', '611492655', '4008815102', '596159524', '3459122233', '2466863458', '4127283597', '2490580950', '1970645755', '2582136472', '1141001598']","['4114364755', '558478174', '1947753324', '1710349053', '3434757598', '2421514273', '3318551338', '611492655', '3459122233', '2466863458', '4127283597', '1970645755', '3425746823']",0.5714285969734192,3,"['4114364755', '3334529847', '558478174', '1947753324', '1710349053', '739719582', '1165830457', '3434757598', '2415928927', '2421514273', '3318551338', '2749318428', '2332873566', '2452234666', '1079708342', '2547602067', '611492655', '1956451021', '361050704', '4008815102', '1991559695', '504513609', '3129853303', '1909581155', '713762271', '596159524', '3501049549', '3459122233', '1922962463', '1369339819', '1900085449', '826099085', '2466863458', '2328673355', '1495328085', '1436084605', '199945045', '378816427', '2612087181', '1177309451', '4119064267', '1445941361', '2773284946', '1302001874', '4004385615', '3039005464', '435822208', '4127283597', '1982411111', '1149423728', '2208056584', '2249985280', '3715691838', '1106260481', '2490580950', '363821764', '1970645755', '116126401', '1787236214', '2469413877', '2018771681', '2211413694', '3709656936', '1160973106', '3467111548', '4162432403', '2675467026', '2582136472', '795770497', '2294335038', '1399958976', '971969475', '304341905', '520285415', '1751938580', '2839426876', '2077935153', '2749359984', '3665589963', '2419796633', '3455440674', '568515562', '79304310', '2074489414', '596547255', '3425746823', '1690903458', '1203726345', '1141001598', '1055312986', '2255060881', '928738638', '382557473', '295677066', '2415981810', '1099823902']"
"['206826016', '465176914', '3418887688', '2003262757', '2218987092']","['206826016', '465176914', '3418887688', '2003262757', '2218987092']",1.0,4,"['206826016', '4017920972', '465176914', '2378037936', '3418887688', '2981382512', '2003262757', '2218987092', '3105595575', '2401834329', '1531476408']"
[],[],0.0,0,"['1354278724', '1823243629', '2866962928', '1599076598', '692140090', '677339171', '1751145', '1695045828', '2047589360', '2737775413', '1770426961', '1245272585', '714576917', '3321477199', '1826251900', '1639688515', '10963535', '366934952', '1888162467', '2348065247', '592542655', '2348252430', '1850690420', '4142706573', '2545981915', '1241574521', '1909949019', '2490484660', '140380400', '287431890', '1113478261', '2084837261', '715293761', '2795065934', '950469020', '972521562', '2497169262', '1318271700', '2744830532', '11963125', '1599650940', '3128218257', '1017729139', '1117170745', '2678434108', '1652777770', '2794998463', '808859496', '2213705000', '1809724980', '2899435510', '2076666521', '2517332614', '441898657', '2262323869', '1763330367', '363784595']"
[],[],0.0,0,"['2299874160', '813792585', '2807855680', '3464279301', '526809255', '65602025', '1116440680', '2175750757', '2359862101', '2632340328', '2857324638', '929685181', '1408271409', '1554163316', '2888723360', '2596922908', '2475405683', '1048837867']"
[],[],0.0,0,"['2053770429', '513785080', '620420131', '1302606421', '1465871343', '488405136', '3349972066', '2150472294', '2736506080', '3649223268', '1201996662', '30295698', '2746409763', '844886923', '726848125', '2268938919', '836418264', '2000261309', '2930638611', '2363134229', '2725629239', '1837559182', '2445863610', '2484772801', '2588198425', '1766075575', '358389215', '2359416843', '1815634711', '2761244582', '2222565930', '2657455504', '176393966', '805319921', '1421967641', '1620434542', '1721945160', '721664307', '70117292', '1619478910', '353242467', '1291351298', '2115064711', '2076010484', '1632794118', '2379562900']"
"['817061861', '724242146', '3622516627', '487671288', '2963283842', '866785551', '3060252036', '3671245234', '1512528363', '3032619777']","['817061861', '724242146', '3622516627', '487671288', '2963283842', '866785551', '3060252036', '3671245234', '1512528363', '3032619777']",1.0,8,"['817061861', '531502308', '724242146', '259666880', '3622516627', '102656365', '325718571', '1740854339', '799122303', '487671288', '2963283842', '2489813514', '429732812', '1014963893', '866785551', '2214902468', '2084265451', '1592591048', '3308440006', '3060252036', '2915184700', '1775492608', '1884578960', '482760161', '3671245234', '1512528363', '3032619777', '2747840183', '2437816959']"
"['1885974559', '389377350', '216137584', '37512997', '2913067579', '1129725356', '3315931683', '2794008936', '1703675913', '44728747', '3362782909', '3692683394', '3055784937', '1335175829', '1742882147', '3613584174']","['1885974559', '389377350', '216137584', '37512997', '624424846', '2913067579', '1129725356', '3315931683', '2794008936', '1703675913', '44728747', '258062319', '2459183240', '3362782909', '3692683394', '3055784937', '1335175829', '1742882147', '6473412', '3613584174']",0.800000011920929,8,"['1885974559', '793181380', '389377350', '216137584', '37512997', '624424846', '1513077675', '1208830584', '1382324980', '1095539637', '2913067579', '924141163', '901141637', '1129725356', '3315931683', '2794008936', '1703675913', '1135156482', '44728747', '258062319', '3620940493', '2459183240', '3362782909', '1297369632', '3692683394', '3055784937', '17349855', '1742069326', '2526051510', '1335175829', '1429534436', '1875006873', '1223718888', '1742882147', '2347184975', '6473412', '978206869', '1296338009', '3613584174', '1112732361']"
"['3141569018', '2038178942', '2180042630', '1021253186', '1188897387']","['3141569018', '2038178942', '2180042630', '1021253186', '1188897387']",1.0,3,"['3141569018', '3453809894', '2038178942', '4023820929', '3709530911', '1165124357', '1926636943', '2590648649', '4007687622', '2180042630', '3627496593', '4001212020', '4098348018', '1831828941', '2855229039', '3641107842', '508898961', '4046458525', '2954491040', '1001501704', '3059639920', '787311371', '3640226540', '100731264', '3453483760', '2868311881', '272478503', '1001221382', '2881006509', '2386165774', '1826788220', '1396058991', '156956146', '2752116931', '1189226975', '1628965796', '3499158795', '2552888245', '3058387724', '1768470815', '2896630859', '2119903191', '334210710', '682475743', '1021253186', '1434744849', '1135405387', '2789690716', '1478606238', '1660097163', '364381961', '4137426390', '4121549352', '742329864', '1825786999', '316091528', '1295224685', '312068445', '215831060', '1906932219', '1077246199', '2268547827', '1102129074', '2426517724', '2679003637', '3353693748', '1907836165', '2005355064', '3448921104', '111034077', '657084341', '1848055701', '942891144', '3731340423', '1362780754', '92064805', '1606181624', '564763100', '3151801433', '1951895839', '1572332959', '2266635321', '4158235857', '614324973', '1459413573', '310804758', '3326705862', '1061827727', '87721578', '1188897387', '1669393616', '376011322', '705113686', '3633460936', '2672518484', '3449939776', '1474780408', '1677143701', '3065844655', '1556291463', '3608604369']"
"['4018184205', '4093990603', '3753651200', '1955485651', '1719612782', '1109374064', '2818992041']","['4018184205', '4093990603', '3753651200', '1955485651', '1719612782', '1109374064', '2818992041']",1.0,5,"['4018184205', '1386064567', '4093990603', '3753651200', '1588019969', '1090665498', '1955485651', '1719612782', '1109374064', '2818992041']"
[],[],0.0,0,"['2773336550', '2559243680', '2167454498', '973568657', '3637988258', '2139009572', '1300625180', '419063957', '906246738', '604687460', '3068742202', '2121158475', '3651097458', '1415410563', '2771754940', '4107663717', '2833521102', '3166215824', '2740275600', '2994362149', '1767030001', '615310809', '2450619709', '2559071501', '411509096', '2425635716', '1445734579', '1185960252', '390223837', '1744850282', '2523029314', '409482522', '2152933283', '803913024', '1673631716', '1137908093', '1700548042', '1137197183', '3698326020', '1459893508', '2212358509', '2839645721', '1613638977', '2420440980', '761375436', '649616633', '422048239', '2539873828', '965402760', '2158928580', '2701509315', '4096381943', '3340442286', '1940943016', '2713283084', '461939978', '2883875150', '2802693535', '1226840464', '559850331', '2630230427', '3419578297', '762428661', '155543211', '4048539061', '900772960', '1163407666', '1761029004', '649837500', '1615128288', '2928327242', '959705861', '639814252', '761914484', '1564474507', '3167112340', '1660455636', '2585944224', '1666228513', '925890560', '857113516', '629032204', '1759356211', '1978432419', '2117542207', '2735261405', '51947662', '2741753814', '2816971443', '2166088724', '3454713657']"
"['1803955461', '2912142237', '1351470587', '864438549', '141252643']","['1803955461', '2912142237', '1351470587', '864438549', '141252643']",1.0,3,"['1803955461', '2912142237', '3690291610', '1351470587', '864438549', '141252643']"
"['3181387944', '645943115', '483351080', '482725083', '52816714', '1089115790', '1072763722', '445483702', '3745272307']","['3181387944', '483351080', '445483702', '1807500345']",0.30000001192092896,4,"['3181387944', '645943115', '115121224', '2754988884', '1528842059', '411395362', '2919662926', '3114003735', '23851943', '3494045965', '1868124653', '1261520062', '2619962113', '604445079', '2168685691', '1654548939', '483351080', '1039283397', '2463696221', '1338540602', '2864104209', '2770411444', '524632188', '3175450270', '518413354', '3353756282', '356466370', '103300227', '1249672893', '3129562729', '1920963297', '1149714029', '1259584556', '3040296337', '1048190472', '3670678430', '1422767558', '492462340', '1719106488', '2345451340', '2641303006', '1376592948', '1960234571', '2877991615', '1628340667', '3189825095', '2945482901', '3756786211', '1396988110', '982090730', '2574968544', '2317402639', '1534049473', '482725083', '859815133', '422071947', '1852724710', '3746214117', '1167815544', '52816714', '1889746426', '2071735576', '3633880585', '1089115790', '1072763722', '535191533', '900073803', '3315784533', '1137202930', '3422668603', '2331092426', '3369488217', '365622390', '1612320058', '2798768502', '1354739961', '445483702', '2908073981', '1956741822', '972985182', '1032669827', '1380001814', '1281552740', '695776270', '1887124015', '3786097724', '2931012519', '2812855343', '2544585933', '1844093095', '3167873969', '2058238308', '9351667', '1894057708', '3745272307', '1807500345', '1480550483', '1202424230', '128274819', '3720397429', '2474405446']"
"['1504106010', '3613623150', '3614531750', '831423278', '2832427359', '1388690839']","['1504106010', '3613623150', '3614531750', '831423278', '2832427359', '2984625332', '1411406502', '1388690839']",0.75,18,"['1504106010', '1191027576', '3613623150', '3614531750', '831423278', '554777504', '3603881950', '3668691888', '2832427359', '55410521', '2984625332', '1039579972', '4082458995', '120855163', '809967774', '197999197', '536083317', '1411406502', '1388690839', '39606709']"
[],[],0.0,0,"['1767073145', '1659148938', '2757323344', '1961006031', '1317769108', '3038338327', '2972566500', '1164589376', '2440732344', '812139707', '2468617819', '2304212114', '3308674846', '2690134616', '1520697814', '1392764714', '1821277179', '1103236869', '2583129530', '275232362', '1794626638', '395486787', '1478902317']"
[],[],0.0,0,"['1388376739', '1247497680', '2489227714', '2617579611', '3156220693', '161172661', '1327359542', '158195851', '789863786', '1686172074', '705696800', '2085716729', '852614760', '1578754821', '71027181', '665964802', '4000850210', '3644997931', '419327700', '651137578', '938629112', '942590682', '1507155236', '1252482366', '1366251381', '1071861508', '1654067013', '674194567', '2476405202', '2682605600', '919800304', '731807130', '856368050', '2129650336', '1483837330', '2454924402', '3331837887', '42366526', '2907300834', '2539351205', '335822575', '1973631731', '2348623429', '862096728', '1491375903', '2417908114', '859793514', '1109819640', '3106779530', '40709742', '404209590', '1371370013', '882540660', '945765324', '2531814531', '3405643783', '281221542', '2731291017', '2231495107', '152645138', '2659117260', '487131133', '383472839', '2496687480', '662104344', '2358296542', '1270683699', '1884507716', '1524314600', '1033922980', '1567577564', '2758036037', '335929235', '2360889924', '136454001', '2263390200', '1476464160', '2329909426', '2857375770', '809914302', '362662560', '3346147639', '570262058', '1889679507', '1016146260', '2675785456', '2256043164', '601152484', '1768699430', '2046403384', '3108081390', '3329006788', '1001349263', '4024207773', '2310717688', '2020646901', '273597002', '852640444', '2996446651', '2671523084', '593967363']"
"['4106554902', '2830595729', '405062293', '1986491469', '556490592', '2695912601', '2030166182']","['4106554902', '2830595729', '3177689375', '3793485929', '405062293', '1986491469', '533236094', '2416555666', '556490592', '2695912601', '2030166182', '1609182595', '3697753409']",0.5384615659713745,6,"['4106554902', '2830595729', '724634267', '120501731', '762626502', '156246549', '3177689375', '1119068271', '219323184', '4162347809', '3793485929', '3341819079', '3693279377', '808481237', '405062293', '31299848', '4034553233', '1986491469', '797443439', '923707830', '892969057', '2560614541', '528990012', '2096995225', '4075544510', '2121265917', '2937393522', '533236094', '2734036021', '2416555666', '1317832460', '668782422', '3759881214', '1619785344', '80153207', '3607285977', '1446142148', '891214642', '3309874131', '713494939', '1027879729', '1371571322', '703216460', '48240121', '3437400875', '1827746461', '1907097738', '663589830', '1490604601', '2388562139', '4003106802', '1647913919', '2545854181', '556490592', '2268687461', '2033776328', '2695912601', '3122422711', '2945784656', '1018112638', '3174590753', '2030166182', '704577920', '248494865', '1609182595', '2201683509', '1754683223', '639391182', '2574511100', '3697753409', '737126930', '1993465437', '2186615361', '1850928867', '1744070705']"
[],[],0.0,0,"['838151647', '2635355310', '554566430', '2907737632', '911871821', '3329025093']"
"['1461895011', '3778251516', '2318826017', '3107984006', '3682110178', '1254210014']","['1461895011', '3778251516', '2318826017', '3107984006', '3682110178', '1254210014']",1.0,2,"['1461895011', '286174322', '3617901279', '2447179752', '3778251516', '2318826017', '3107984006', '3682110178', '1254210014']"
[],[],0.0,0,"['336844992', '789603662', '1818320441', '2550377964', '1831194962', '2799071928', '1151491108', '1537724814', '787155585', '2555114900', '1671569023', '2856754309', '3721316834', '2274497763', '3687320024', '277272438', '2877225681', '1244816002', '807826621', '1577830121', '1584660503', '360948280', '35432246', '1481369577', '392087916', '2011418560', '2139475665', '2562893851', '61737211', '2623448524', '1536004765', '3042003672']"
[],[],0.0,0,"['2281247440', '2110697979', '2947514104', '3771633401', '2482046827', '2674565616', '3378324753', '3458546221', '1525707732', '334864610', '2574630539', '3178540586', '2790594271', '1360762232', '2953413531', '2780066703', '2101990163', '1482007815', '1988893031', '1051054414', '981034008', '311345910', '162056086', '3341273685', '718610126', '3625435888', '681236216', '774557413', '3371465507', '4076379888', '2185428228', '2265957721', '69214190', '2869953318', '1695180104', '2049160344', '1228992101', '2356424592', '2277134173', '2480813443', '1565544961', '740347385', '609170330', '2190612189', '1823754428', '3440804430', '2005405764', '2404300703', '136798915', '1647607469', '912530977', '1351307262', '1880958638', '3040164179', '3785091510', '1846445879', '1508350421', '937034265', '2682412843', '2022101785', '367411670', '2879090622', '2831135805', '791766010', '3405788195', '2834421714', '1645103678', '2464578811', '1171278923', '475541312', '892772918', '1833678595', '525488683', '839618640', '2094542545', '2226470579', '3776407200', '701768528', '318898525', '665840507', '1191178214', '528540677', '392570481', '2772105917', '1053236076', '1932924514', '2627464240', '2749477617', '516824537', '177185592', '1923978160', '1592833262', '2956470827', '3785700533', '2585284323', '1504578230', '1011264617', '2229558112', '2044347038', '1500184309', '605117180']"
[],[],0.0,0,"['1107059660', '630401567', '3356271111', '753664660', '1674630634', '1325272381', '2044326504', '1716106864', '2331712592', '2998175728', '2072449977', '2572601364', '24740259', '1755909791', '1244292396', '686173784', '3484638426', '68751165', '3339792327', '3166690401', '2725962538', '971118730', '3359378825', '60646164', '1822500823', '539684014', '729365740', '3329824632', '2267632684', '488145475', '1185339104', '1209286110', '2941289741', '144355795', '1885201544', '108119929', '3103862896', '982078833', '2832335517', '917539483', '101841195', '86842527', '2252026302', '1694233485', '227718116', '679490279', '2531987360', '975391160', '1962454368', '1172536238', '1010297871', '1125751735', '315003391', '8345982', '2869067601', '377287480', '786828011', '908844873', '1186455836', '3491553324', '2063446282', '194687940', '966713176', '2204502261', '395716149', '240750640', '2421251162', '2972201240', '2626901102', '1473697028', '926464683', '1158108623', '2553078660', '1004499031', '570513420', '2156194682', '1853688779', '1686415103', '2150282064', '1876848245', '2458054245', '956316920', '1472959673', '2353113202', '1815215480', '1127596852', '755799298', '2187911883', '1091031667', '706114363', '838193450', '2884492570', '820583561', '2522149627', '1222860902', '2308895406', '2837865712', '963078564']"
"['1211421523', '2950474162', '3054545649', '129278301', '812820610', '1693745152', '2980397217', '448870667', '918456088', '1853348721', '605817585']","['1211421523', '2950474162', '3054545649', '129278301', '812820610', '1693745152', '2980397217', '448870667', '918456088', '1853348721']",0.9090909361839294,4,"['1211421523', '1394746094', '2950474162', '3054545649', '129278301', '812820610', '1693745152', '130572979', '2980397217', '448870667', '412184802', '3662071557', '918456088', '1853348721', '605817585']"
"['1513797777', '1674854243', '2360185039', '2740910582', '851727496', '3737841349', '2164193317']","['1513797777', '1674854243', '3737841349']",0.4285714328289032,2,"['1513797777', '1546583823', '273360852', '2664288362', '1674854243', '2360185039', '2740910582', '1548218766', '2079765665', '6066917', '851727496', '3344724207', '1933857439', '789064897', '2422807701', '3737841349', '2164193317', '722380320', '1101530571', '71774273', '3387980710', '100013689']"
[],[],0.0,0,"['1825312272', '3103782903', '681402309', '2241899629', '1759771284', '1407937010', '976752417', '2623273360', '2821387823', '2604428384']"
"['1511981051', '1669761875', '2226638314', '169949752', '2262273446']","['1511981051', '1669761875', '2226638314', '3307319172', '169949752', '2262273446']",0.8333333134651184,2,"['1511981051', '1669761875', '588241623', '2226638314', '3307319172', '675502658', '1853744456', '169949752', '261664721', '2262273446', '2549593413']"
[],[],0.0,0,"['790280213', '2418185964', '1831028933', '919437135', '1882750675', '1531555193', '1147613270', '3031925211', '1504853080', '659331676', '3373881799', '838506960', '3178186522', '3430560863', '958984070', '731013438', '3137737654', '1722329763', '1580831231', '2246312780', '1068326833', '1571901521', '1996389977', '1919989812']"
[],[],0.0,0,"['108880521', '1665852571', '1528603060', '3463777665', '1926161804', '1054941043', '984092114', '3737857424', '1405560030', '2961029546', '2139487001', '2267279605', '791159357', '160946766', '1092428582', '2160489565', '3420687538', '14019712', '303300817', '2291824664', '1955037077', '4126366839', '3138184306', '434238637', '2142729981', '4028980019', '1107339042', '2204068359', '1683282332', '1390235577', '1622054815', '2599813807', '742940095', '2155463803', '379130695', '2817091714', '3143034897', '791145781', '2958485763', '2065426262', '786122683', '1500118907', '3738681705', '2965932620', '273186770', '2900521763', '724785012', '3651066387', '1158244976', '2867382013', '448110075', '2092065612', '1114754730', '310559859', '1885299575', '2367223216', '4135763993', '3353134753', '4032583825', '1740343669', '2535490400', '3719903700', '826295069', '754806915', '2602467331', '1132998703', '1253080378', '4086808096', '1721035068', '655134227', '4049481360', '1555807304', '1294981306', '1754643322', '1939526210', '132798001', '2225312947', '382651040', '2270057579', '3134032507', '1078329711', '1503468281', '3157853799', '1725193167', '1710178224', '801510661', '1097437242', '208556521', '1049688568', '52635977', '100479390', '2380839387', '1135071869', '3436997786', '2123972228', '3772422530', '2406339412', '2118615979', '349717747', '3392414982', '178785981']"
"['1930906135', '1611500575', '1919853766', '3681081415', '482572410', '749224626', '3145354415', '119109086', '1675813949']","['1930906135', '1611500575', '1919853766', '3681081415', '482572410', '749224626', '119109086', '1675813949']",0.8888888955116272,3,"['1930906135', '1611500575', '1672790681', '1919853766', '103685471', '3681081415', '482572410', '2221108229', '749224626', '3145354415', '119109086', '1675813949', '2902651921', '1389084813']"
[],[],0.0,0,"['1741004062', '2251763746', '2511759480', '2218508648', '2712222921', '2527581308', '831004761', '496495800', '2663499911', '80881780', '601331081', '2836300407', '412777975', '1014160132', '1135193060', '1073172880', '4058068462', '1692178601', '1333382608', '412101976', '1705549121', '177680465', '207856161', '664694309', '2040204122', '1610480742', '2680788203', '2736853681', '1573798202', '1240930120', '1460272123', '510184655', '1941018403', '1666773503', '816425602', '2365204013', '2329841716', '694485800', '1143493804', '2977397800', '1598456794', '2446442403', '1484434681', '2252967121', '2857597100', '2472376309', '1385019400', '898303341', '930724282', '2039918110', '303376135', '1510943228', '2853365320', '955266501', '550277215', '675397028']"
[],[],0.0,0,"['1724302632', '2642310731', '2576922583', '2840531939', '2230793310', '915040270', '184019140', '3612748360', '1173271593', '19445739', '1979853012', '1029068742', '2939340733', '3038922163', '3650844216', '1315766564', '774187081', '2302456008', '975601659', '1147436643', '1911062864', '1820564381', '1651084481', '1705533280', '985016937', '3169583293', '2596503412', '1378983035', '1429937605', '4117853932']"
"['411417497', '3718947901', '1880305248', '839043507', '1008951189']","['411417497', '1880305248', '1008951189']",0.6000000238418579,2,"['411417497', '3718947901', '2792392875', '1880305248', '839043507', '1158484459', '1008951189']"
"['2181116088', '3415801703', '1952986808', '2064455866', '1575067546', '2806912375', '1581361500', '4058788404', '2274334097', '2295940179', '2253609578', '2210707847', '600813041', '1004654115', '3651058096', '3732074435']","['2181116088', '3415801703', '1952986808', '2064455866', '1575067546', '2806912375', '1170879963', '1581361500', '4058788404', '2274334097', '2295940179', '2253609578', '2210707847', '2071190834', '600813041', '1004654115', '3651058096', '3732074435', '613627251']",0.8421052694320679,3,"['2181116088', '2598211422', '3415801703', '1952986808', '2064455866', '1575067546', '2806912375', '1170879963', '1581361500', '4058788404', '2274334097', '2295940179', '2253609578', '2210707847', '2071190834', '600813041', '1004654115', '3651058096', '3732074435', '613627251']"
"['3980221450', '3979243092', '3166529365', '1856127519', '1038766697', '1950922176', '1863315464']","['3980221450', '3979243092', '3166529365', '1856127519', '1038766697', '1950922176', '1863315464']",1.0,17,"['3980221450', '2342455772', '3057275719', '1111195747', '1394324056', '3979243092', '3166529365', '2480748878', '1856127519', '2284332877', '1934994019', '2228101305', '1038766697', '4010854824', '2848874353', '1950922176', '2144029594', '1991635262', '4156696177', '1863315464', '2485758104', '937165488']"
"['1959593704', '691819362', '1644816275', '3443279231', '1212060137', '2522834522', '4002899115', '2170943216', '4102014180', '1164651274', '3701276005', '2354275923']","['1959593704', '691819362', '1644816275', '3443279231', '1212060137', '2522834522', '4002899115', '2170943216', '4102014180', '1164651274', '3701276005', '2354275923']",1.0,7,"['1959593704', '691819362', '1644816275', '3443279231', '1633134808', '1212060137', '2522834522', '1902330730', '4002899115', '2170943216', '4102014180', '1164651274', '3701276005', '2354275923', '1057204382', '645749079']"
"['3718563306', '2026885224', '2814128682', '2387707553', '1011545199', '245892648', '179889208', '1656757778', '1092901612', '1275424329', '203541580', '889401310', '106610342']","['3718563306', '2026885224', '2814128682', '2387707553', '1011545199', '245892648', '179889208', '1656757778', '1092901612', '1275424329', '203541580', '889401310', '106610342']",1.0,4,"['3718563306', '4026549298', '3114396416', '73882780', '2026885224', '2814128682', '2840680162', '2387707553', '2470423879', '1011545199', '245892648', '179889208', '1656757778', '1092901612', '892282113', '1275424329', '1141118712', '1267359918', '203541580', '889401310', '4041162850', '106610342']"
"['979661466', '1694602902', '3306528679', '1950146671', '2273733266', '650821949', '1221051452', '4101384517', '2481971308', '3374535647', '4028002708', '3066590738', '3451702410', '682522061']","['979661466', '1694602902', '3306528679', '1950146671', '2273733266', '1221051452', '4101384517', '2481971308', '3374535647', '430878421', '4028002708', '3066590738', '69782188', '3451702410', '682522061']",0.8125,4,"['979661466', '1411544377', '1694602902', '319377114', '1325974443', '3306528679', '1950146671', '2510936553', '2273733266', '650821949', '3369684414', '1221051452', '1723378815', '4101384517', '4034760009', '356736463', '1700961461', '2481971308', '964501425', '3374535647', '430878421', '4028002708', '3066590738', '1036879230', '69782188', '1466283526', '3163042491', '3451702410', '682522061']"
"['2309971881', '1170807047', '1033155622', '1822880358', '3065733269']","['2309971881', '1170807047', '1033155622', '1822880358', '3065733269']",1.0,2,"['2309971881', '2736787240', '2353116223', '3118541859', '2171336569', '1170807047', '1893379620', '1607051712', '1963078974', '1033155622', '671789762', '1822880358', '3630119631', '2846274802', '3065733269', '2805011523']"
"['2028858815', '1440651845', '834215190', '700248362', '3979171115', '3123839601']","['2028858815', '1440651845', '834215190', '700248362', '3979171115', '3123839601']",1.0,7,"['2028858815', '1440651845', '129602216', '834215190', '700248362', '2164783016', '2897347917', '2085554428', '3979171115', '889340620', '369621937', '3415016292', '3123839601', '1641484540', '1168999980', '644640690', '311622715', '1128911779']"
[],[],0.0,0,"['577780174', '777269269', '509680124', '2976230216', '1056626018', '1399554000', '17648509', '204024775', '1358644401', '1195545706', '2920374458', '1661953764', '4087939332', '930850788', '1260315815', '3324339281', '2767798004', '1988149581', '995885120', '3189643292', '1547352171', '1207592635', '929049604', '2809899700', '8504561', '1498265791', '1601380523', '1382468118', '2316161880']"
[],[],0.0,0,"['844650781', '634380982', '888020266', '1216073333', '1035247642', '2361589330', '242658999', '1469769316', '306753940', '2264659343', '1964105501', '2964541600', '3378647370', '2385962924', '1316012320', '1068567805', '751053179', '1693518682', '1264972114', '1507200522', '4122720111', '773297706', '766632080', '150234237', '1351546202', '2298720586', '953483819', '3488456305', '1765040719', '1908830832', '3465717310', '259607050', '1497444553', '1966513761', '2380601544', '2284578309', '80347979', '1199591636', '1340854962', '3065651250', '2706368721', '1443525604', '1735756335', '381589100', '2382298254', '296563973', '1438340419', '1124790915', '2307332064', '3423944152', '1817373014', '2370277963', '1213683382', '1851857061', '1453679559', '346896672', '2535349681', '2102292287', '3694041534', '4118704992', '3635866200', '1118147294', '139913218', '2568827746', '1098127589', '1839793682', '2002830440', '340048233', '220452970', '2092863025', '1950469116', '473722816', '315065586', '2523360952', '1702999911', '1993703615', '1662189431', '3671743655', '1815209217', '1867857843', '261317922', '471984768', '2000181674', '557366602', '2290087022', '2457878876', '1183150675', '921187726', '2591713103', '681856211', '229090459', '2122400761', '468645476', '431030617', '1772399336', '870997969', '1184714003', '1221477136', '3424605301', '3390658003', '1595531108']"
[],[],0.0,0,"['373374218', '370505694', '976160981', '2951009631', '1018403624', '2830318928', '2865272867', '1345053966', '1512337430', '2650528821', '2072186780', '1793242216', '1707350436', '89506189', '2169963761', '947171765', '2090520574', '3144213929', '1139019875', '2677901808', '20302193', '1277525307', '773813732', '1421520726']"
"['1458433779', '1095357291', '827774250', '66449908', '3617777508', '902673807', '182211957']","['1458433779', '1095357291', '827774250', '66449908', '3617777508', '902673807', '182211957']",1.0,2,"['1458433779', '1095357291', '827774250', '66449908', '3306330306', '1702340149', '3617777508', '902673807', '2668874220', '182211957']"
[],[],0.0,0,"['2761921900', '768321117', '2091421821', '2099174601', '967902444', '741942440', '1375107866', '708488033', '2694471833', '894818201', '2611396605', '2069395802', '1057565516', '1198538200', '1559743705', '1531179017', '1009646660', '2012084980', '1635247040', '1136612680', '917409331', '560571505', '1513551500', '2477428918', '1796166944', '443483735', '3650353213', '494848640', '738176919', '2657703944', '1598262611', '1427691281', '1340251911', '1382729260', '776518420', '2179284700', '1126419125', '1084273017', '145713421', '1978768281', '1276111572', '2590275900', '2047657210', '2711882940', '728721860', '2925081040', '2374296388', '1977076581', '2774350808', '2363948866', '696615013', '2058650890', '1627069912', '153313642', '1024747527', '3418179750', '2991776851', '1870263587', '2300254383', '4121037030', '1038980909', '2473039480', '2198074743', '801138265', '3333342890', '1219415330', '3439178121', '2945132500', '2704050280', '1087790607', '2276262508', '202084247', '591972022', '2086456063', '1084024921', '1383795403', '3362608999', '2655603318', '2905774823', '3302533256', '612583283']"
"['1901718782', '259842130', '337115974', '2810651555', '2049662195', '4024575218', '2954164211', '3628897600', '1704870666', '1786140427', '4128031933', '3340411083']","['1901718782', '2954164211', '3628897600', '1704870666', '1786140427', '4128031933', '3340411083']",0.5833333134651184,2,"['1901718782', '259842130', '337115974', '2810651555', '2049662195', '4024575218', '2954164211', '3628897600', '1704870666', '1786140427', '4128031933', '3340411083', '2362483347']"
[],[],0.0,0,"['1780077840', '2238131105', '1763960818', '2372280216', '2267403612', '1874166530', '812212122', '1085205100', '2199021185', '1115429255', '2009658042', '1200816301', '1857045214', '2787419321', '1654586181', '937463866', '1297437836', '764234536', '1089538321', '1206778480', '2711130222', '2979244440', '2612512707', '2290899300', '1758500334', '988671000', '911531300', '2225061702', '1800327027', '2528934115']"
"['4007664162', '4117063172', '1408841378', '1070468860', '1956666320', '293428347', '2151540790', '246225506', '2387852771']","['4007664162', '4117063172', '1408841378', '1070468860', '4120517164', '4063310639', '1956666320', '306110547', '293428347', '2151540790', '246225506', '1650972051', '2387852771', '3623237251', '1128479032', '2874165307', '1848725671', '1809406255']",0.5,6,"['4007664162', '4117063172', '1408841378', '3157953817', '2147363887', '1522478299', '814005170', '3303269539', '1747210058', '495502883', '1073027013', '2661379256', '1343965294', '1821762263', '3784799811', '3785964711', '4157873701', '4113188886', '2235564689', '1070468860', '2895474730', '189065871', '219113474', '4002552736', '930478841', '872229052', '864490082', '354114141', '4120517164', '4063310639', '1755811851', '2275414389', '2181790635', '1956666320', '981756150', '2629809280', '306110547', '2200772438', '293428347', '1806282923', '464267677', '1038480887', '1640708783', '2274625265', '2151540790', '3164564884', '246225506', '1496203685', '2582946741', '2675040419', '622626248', '92985976', '350178443', '3146834488', '515980806', '1125418596', '2038328079', '582225715', '1844482690', '148957238', '225800698', '1650972051', '826476530', '3699131923', '2447788963', '2387852771', '4038800864', '2027736571', '3635749785', '970357639', '4127312221', '3424024121', '3623237251', '1094185292', '2353110160', '2088505322', '1944633729', '1638207749', '1710757129', '1128479032', '2534425849', '1170508528', '907911286', '748984518', '3054201222', '2620880463', '3776108805', '279563430', '760266128', '2874165307', '1848725671', '31113082', '3403660332', '2842486105', '674959885', '1809406255', '2756509165', '670158821', '1117117966', '2070080914', '1820281194']"
"['1903791463', '2488314257', '3470712383', '3440327708', '1018828321']","['1903791463', '2488314257', '3470712383', '3440327708', '1018828321']",1.0,6,"['1903791463', '2488314257', '1731993280', '3470712383', '536864459', '3440327708', '1018828321', '1832458944', '262829111', '2840885122', '2120892508', '3161985570']"
"['1764902491', '1186774807', '1134740997', '2352975652', '4087889674', '1734306629', '4031976276', '1915728591', '4086892055', '4102952672', '4153787986']","['1764902491', '1186774807', '1134740997', '2352975652', '4087889674', '1734306629', '4031976276', '1915728591', '4086892055', '4102952672', '4153787986']",1.0,6,"['1764902491', '1949495865', '2792494953', '1945262085', '4137784602', '1186774807', '4160166216', '1124280821', '4018825866', '2476474227', '1119338364', '1581887740', '844305374', '2380603739', '1756333886', '3501113313', '1001815631', '1134740997', '3676547591', '1373432866', '2415175683', '1547137263', '1934914808', '2231958460', '2352975652', '148750423', '268417849', '2087469230', '4087889674', '104709087', '2677104112', '1734306629', '2742960722', '2584873102', '3034698051', '1896298932', '2728270702', '4031976276', '1407867280', '351719541', '4077216997', '3463006226', '1915728591', '2271397815', '4086892055', '3661910891', '3740858329', '1353277559', '146750979', '1190085016', '3128596469', '2855037741', '2623305153', '87161299', '4102952672', '337723234', '461629908', '1114497484', '2338104327', '2659696646', '4153787986', '4024878963', '4034863019', '493067186', '340530428', '451914485', '1615825702', '1265494833', '3399731466', '420186358', '1140241636', '1886032864', '1796910763', '161154410', '3691752991', '1953018336', '745051791', '107907019', '1898826930', '2109543727', '2145863973', '509718980', '4035528240', '3392616916', '337360567', '1492897445', '4126343117', '962248781', '3682816080', '518879751', '1840664317', '991052127', '3732752917', '1158413659', '2007643298', '2865570454', '257095701', '2684063005', '1004214387']"
[],[],0.0,0,"['1573216406', '1114439632', '147225332', '663553178', '795314302', '2134984905', '1161970837', '2349127962', '2045918440', '1831449831', '553356605', '2913918460', '3189802474', '1666264106', '764618652', '655943005', '1727338762', '1213783583', '1227766201', '2104498335', '1178253487', '1091134681', '18705150', '291254997', '2981102815', '2896004830', '2024532635', '1899218175', '2477320139', '3413874697', '1262854909', '1403093567', '2759538712', '928497421', '1217357098', '648747521', '1073484635', '1555678119', '1718130360', '4160496131', '1410298702', '1309895196', '128648761', '636969842', '1916160902', '2615393509', '4037844207', '669025270', '166694709', '3678059974', '2281949630', '1926227589', '1502060581', '2234030341', '1390221411', '3449837230', '729774730', '477451468', '155334355', '1441808034', '813327609', '2725063603', '692887271', '1026765740', '3613833667', '1222789082', '748238706', '2970982611', '3483530046', '2796034400', '3460180945', '905044263', '1330282431', '657054039', '1255225980', '2908651763', '1780926472', '595667288', '2698782420', '442187400', '405108503', '258202058', '1929545003', '700177900', '1261324610', '3690511469', '2087293480', '3474128236', '1629249733', '2290973273', '2219599634', '1158152633', '1710785541', '3661670013', '3753460928', '2855491157', '3389073321', '1611417581', '3185387385', '2239174691', '318319495']"
"['4141516002', '220197807', '3694980089', '1781441879', '4119219635', '4055496540', '1129021839', '1421746504', '1355339650', '1330121413', '3689678801', '4055740100', '3421773367']","['4141516002', '220197807', '3694980089', '1781441879', '4119219635', '4055496540', '1129021839', '1421746504', '1355339650', '1330121413', '3689678801', '4055740100', '3421773367']",1.0,5,"['4141516002', '3757717029', '220197807', '3694980089', '1781441879', '1015169573', '652315228', '1998691018', '4119219635', '4055496540', '1904355512', '1427016108', '1602245935', '3702136616', '2070936339', '2889928821', '1129021839', '2710725002', '3312107819', '1421746504', '1719395606', '4153107409', '3332344337', '1355339650', '1120599248', '1347853410', '2922110249', '2546004379', '886028784', '2609018701', '1330121413', '1458506481', '2402962204', '3689678801', '1912507438', '4055740100', '4116388149', '807888962', '2660095503', '1024846138', '789042584', '595907813', '783488634', '4086372130', '3421773367']"
"['2414058405', '2787572367', '4034832895', '3149344385', '1893337523', '515414093', '2924299970', '1016346431', '1429530006', '1424404045', '973732247']","['2414058405', '2787572367', '4034832895', '3149344385', '1893337523', '515414093', '2924299970', '1016346431', '1429530006', '1424404045', '973732247']",1.0,8,"['2414058405', '1421395212', '2787572367', '4034832895', '1607131103', '531828683', '3149344385', '1893337523', '515414093', '573858193', '2924299970', '843192090', '216229902', '1722798492', '861961739', '1016346431', '1429530006', '1424404045', '2857235601', '391371338', '973732247', '4135293557', '1461721836', '3308406345', '1911012601', '2349814181']"
"['4017839362', '3612609756', '3464692490', '511862307', '2661077358']",[],0.0,3,"['4017839362', '1591129069', '3612609756', '945784019', '2325949223', '3427931632', '634661691', '971959954', '3464692490', '511862307', '2599605401', '773268798', '2661077358']"
"['412453225', '2536413663', '2418273003', '3757142738', '2041135425', '3136342874', '316240300', '3110971880']","['412453225', '2536413663', '2418273003', '3757142738', '2041135425', '3136342874', '316240300', '3110971880']",1.0,15,"['412453225', '1649596158', '2536413663', '2418273003', '3757142738', '4014259379', '2041135425', '4128233947', '477899726', '2274885044', '1120490966', '1788667644', '3136342874', '4103024882', '1062788229', '316240300', '3110971880', '2492999604', '2629471004']"
"['1697557023', '2719782120', '1893821722', '846186648', '1101474745', '1709265151', '1835925642', '82833432', '2533660554', '4157266074', '592206088', '4024376326']","['1697557023', '2719782120', '1893821722', '846186648', '1835925642', '592206088']",0.5,6,"['1697557023', '2719782120', '1893821722', '846186648', '3361825571', '1730591381', '733622987', '388052228', '1022326136', '1143980175', '2691388246', '3610101198', '1384270753', '2574478808', '1647878696', '1101474745', '2711169743', '2947123818', '1646064286', '1709265151', '2992027845', '2854194536', '1518205831', '1835925642', '97922243', '1858709428', '1468135398', '639060466', '1889324056', '82833432', '534373621', '649457227', '1692952393', '1270307707', '1783977401', '2301602045', '2075288552', '1941620225', '3409976206', '217493847', '2005123125', '2799277165', '822579510', '2533660554', '1160918075', '1978410775', '613292713', '446740055', '541899306', '2248374239', '1748173709', '3171540416', '1591356035', '245415897', '4157266074', '943556557', '803422014', '429797261', '3363185067', '1504521836', '592206088', '403225664', '487903833', '209652126', '3679189676', '1805037638', '844730696', '4082168694', '121145276', '3182579469', '2432159401', '333856995', '4024376326', '2216970076', '3476594466', '3663812454', '1659968979', '960005312', '1680881063', '2758092480', '991895844', '3127860549', '431686190', '1304510580', '1274946837', '492565591', '108614523', '1818804919', '1806349675', '216775385', '372144464', '1165969628', '806739723', '4033142210', '1879326143', '2522522536', '603488984', '4113282071', '1398913825', '1097882726', '559912280']"
[],[],0.0,0,"['644868180', '3365488528', '140453920', '1090025780', '1737462220', '340716235', '1026169282', '1341901182', '1967592602', '1807781926', '1826537001', '1255397818', '2592006380', '390172151', '1234744000', '1780951823', '2635978444', '4029856744', '1961227434', '2420301220', '3184001681', '2937006638', '1318241414', '604950095', '1740870481', '1265207377', '1562049761', '1470864522', '3470235832', '381405615', '3049049392', '672158005', '2326208622', '1645338222']"
[],[],0.0,0,"['1541112519', '2446507120', '2024112320', '2014310460', '2465806335', '927838343', '784364147', '1275365006', '719287217', '2827975425', '2131084025', '2225203700', '915339401', '2360577803', '1333390921', '1676082082', '1151574990', '2596346932']"
[],[],0.0,0,"['1029654864', '482888194', '1487037122', '485691116', '1550214942', '3049370982', '1410216582', '2202981690', '702706116', '1679971860', '2260114070', '1523764741', '1663553015', '1809120522', '2082542180', '2235964911', '3641884900', '1717372133', '2218511180', '1939712120', '896604215', '2640291214', '14168285', '874195273', '361505291', '2714490937', '3131303741', '950259834', '2429187581', '3371334000', '3473127593', '2257070375', '1024147120', '2074809960', '833996503', '2290448500', '982915101', '1010217400', '675039260', '1074383633', '1233934141', '278255313', '838577706', '2417114620', '2152402980', '1227137083', '1115949183', '1167738119', '952937432', '1426719601', '242454714', '2945997020', '1932487469', '1988168065', '912312817', '312686963', '2885919684', '780205041', '2438352640', '835953931', '1180868530', '1338399277', '2300244964', '1377698302', '1634761700', '1743717726', '1980728360', '2459905803', '839603881', '1602828941', '2207139023', '602772782', '1497091793', '1669698200', '1511625284', '457339415', '1274045238', '2365472719', '1822709882', '2928649500', '2104627918', '2383389362', '833315865', '2878985844', '2113748160', '829775710', '674708980', '2878374461', '989759480', '2491477730', '1004217929', '2422678935', '1428047234', '458066415', '668155982', '1781368530', '1275064942']"
[],[],0.0,0,"['609843436', '115901275', '1717165437', '303034148', '1536758592', '276949011', '2190679308', '2367475707', '118690822', '3328579225', '204338104']"
[],[],0.0,0,"['1118024212', '760261288', '2234001336', '762079843', '2617781983', '875553578', '1718042461', '2486312702', '2294522524', '1917030507', '706266744', '765602169', '606175238', '2184314813', '1215023601', '2298875742', '538597972', '1348786805', '1741303114', '2696205142']"
[],[],0.0,0,"['689020067', '1547415172', '1380175608', '1558434474', '2086187930', '3182263720', '2065704342', '1842163825', '2086822609', '3452160747', '377361965', '2747381314', '698661698', '717062484', '797113806', '2562950723', '3363179863', '2365352606', '1689316100', '952411461', '179326695', '3067468050', '3184543500', '1160900117', '1178799119', '718144320', '1282067240', '218093601', '773152240', '2339819391', '2970006213', '2826529115', '1905172863', '1421184485', '2499581126', '554182120', '2219590609', '1636924635', '1968909557', '1298226020', '2038830838', '25943690', '1001200908', '1449881229', '1163799118', '1780413360', '977754468', '996970818', '612146478', '2420796504', '2759251552', '1368446027', '626494483', '398794284', '2073120423', '2814287245', '1330137425', '2887238842', '2519840710', '1188919544', '808990611', '3326706671', '2876381766', '2227757749', '1938838989', '114202448', '1837684211', '2175131189', '3465845093', '933652614', '1286426200', '334582780', '443879058', '1813333751', '2914339337', '941768218']"
[],[],0.0,0,"['301268530', '2644013538', '717197272', '966594018', '1963340739', '21226116', '3066078131', '2493607311', '1523004684', '1879355029', '824740836', '2787240747', '1651271189', '1645826818', '854180432', '3734173634', '2410375637', '2971276420', '653967001', '464464707', '869454005', '1944250176', '1154796795', '1969716526', '1190554733', '1398005575', '3374527662', '397067935', '2795572632', '887557840', '379813433', '135362448', '1018310900', '1853950707', '1247832510', '259413107', '1884518440', '1063815869', '645257120', '1382210022', '1681333444', '1721191739', '281316575', '2413419463', '1734807667', '2631818208', '1821244527', '4013548547', '1966645538', '3170733977', '1899520044', '2107128500', '1175754763', '1163022768', '944789628', '1886307266', '1998502715', '1405396434', '415606766', '1909319223', '1439054327', '2505712922', '3304173293', '2063268703', '3058432105', '4158474369', '1018679022', '467771701', '1920041529', '2010743664', '2441815411', '1252896000', '1047526332', '2226611532', '1339549403', '1230637647', '1555092156', '1783316785', '1453099963']"
[],[],0.0,0,"['576986720', '2672860262', '1991480204', '2473333109', '2189689027', '2629110780', '2588096242', '2081322156', '221318560', '2591499213', '2639655100', '1802758195', '507430051', '113841499', '245635828', '300273420', '3341185856', '1824661815', '1320580921', '768332030', '1975916012', '567750910', '867449741', '2315462377', '47320505', '2055001113', '1034237282', '2852614808', '423717050', '1619084879', '2907112630', '2619765837', '992050456', '191914565', '3120076632', '869428341', '2205279184', '2169187977', '825131630', '696518539', '2596240623', '2343057380', '2157282713', '1362581835', '3362235299', '2498863737', '1884087406', '1886457520', '2294516', '685952717', '167413763', '1858451121', '2017811919', '896345927', '2972899440', '838140477', '1944407898', '1261481607', '1849175541', '754588894', '1096213641', '1618520039', '2433611204', '151779350']"
"['1536641016', '2005487044', '1696334205', '1341069898', '4075387427', '1253608147', '2706251122', '763832885', '4126705062', '2475200751', '1955281183', '1030168613', '2796651401', '2826899124', '2473653600']","['1536641016', '2005487044', '1696334205', '1341069898', '4075387427', '1253608147', '2706251122', '763832885', '4126705062', '2475200751', '1955281183', '1030168613', '2796651401', '2826899124', '2473653600']",1.0,7,"['1536641016', '1829981851', '3342805687', '2005487044', '719428659', '1765285034', '1696334205', '1880461068', '1341069898', '4075387427', '1253608147', '2706251122', '763832885', '2909240800', '2887728629', '183213384', '4126705062', '3487759990', '2174930826', '1729421564', '675577745', '1248321904', '1609801586', '4014979900', '950555088', '2475200751', '1955281183', '1253899486', '1375529884', '1563854107', '4120780938', '316840063', '641111014', '2665282009', '2693228760', '2641684627', '2211549628', '1762276798', '1225804347', '109092694', '3778660923', '2882173108', '2297174508', '2171085147', '1030168613', '2796651401', '2518243219', '1034344266', '75571585', '2826899124', '2752295942', '3444183018', '547740617', '4094820344', '3310257809', '2473653600', '446286990', '3786568507', '1259182513']"
"['2472934064', '2955599555', '1705588215', '2033837431', '555237092', '887764336', '1284973249', '3411811072', '2151607384', '130993265', '1578173206', '4079889252', '3470122833', '826815163', '2897646704', '3644340168', '2967039481', '550806565', '3685104548']","['2472934064', '2955599555', '1705588215', '2033837431', '555237092', '887764336', '1284973249', '3411811072', '2151607384', '130993265', '1578173206', '4079889252', '3470122833', '826815163', '2897646704', '3644340168', '2967039481', '550806565', '744006957', '3685104548']",0.949999988079071,4,"['2472934064', '2051401627', '2955599555', '372179231', '1705588215', '2033837431', '555237092', '887764336', '834789949', '388865534', '1078535332', '2884237263', '1284973249', '2613518883', '851401566', '3411811072', '1407546929', '2151607384', '1586157766', '2195270153', '3668021987', '1669453120', '465344298', '130993265', '1486152444', '240802700', '4060598965', '2457169906', '4116508454', '1578173206', '4079889252', '796600930', '2084658622', '3699866543', '3470122833', '1611999627', '1120055940', '746174711', '2375081601', '2725562440', '1181599430', '2222034092', '1995010429', '1789569958', '1369431722', '630172368', '1902972633', '2140005336', '2323195582', '441217798', '2018415400', '2245697300', '2017895905', '786086512', '2976754472', '4035976834', '2478204315', '880571336', '2894390040', '2354020275', '1154138505', '1596539429', '1927195364', '2324981943', '3181585000', '826815163', '1215456718', '1489075427', '732950681', '2650420119', '2897646704', '421867400', '3742771026', '590441616', '2749875984', '2138679440', '3644340168', '4048091845', '199744473', '1634215070', '2976303841', '829567993', '2967039481', '1167530425', '973820018', '2719017537', '294998685', '550806565', '1470308115', '2446662920', '2279377023', '744006957', '3685104548', '3122822358', '1813346508', '780625622', '2803276060', '370694837', '4095062514', '834212174', '2284368010']"
[],[],0.0,0,"['3794063010', '2851241937', '2231579841', '3658913257', '2682953349', '1277614165', '1260221072', '601963181', '2577694539', '1122354472', '1301742469', '2531269622', '1212710580', '2334978617', '1121533727', '952536732', '691049118', '2153452038', '2355590310', '2744189263', '2909544939', '3168096171', '524797162', '1514226072', '1761399661', '1885214142', '1196962435', '217675255', '3636491509', '241561821', '1204939988', '2587499217', '4036907803', '1155076415', '3646543710', '1253202225', '1576999966', '1459571011', '26948356', '1643203417', '1824838429', '2760356163', '3047000821', '922176470', '1529809720', '1093691022', '3661572991', '1932167078', '397137280', '3316310333', '605606187', '29946955', '560306963', '1359550800', '1124632114', '2249552557', '2838017260', '844893855', '1131004638', '3688636775', '1272553346', '2146493972', '2266278196', '417764637', '2464242970', '1829147378', '3430211953', '3357271847', '1622478016', '1394164411', '1570454514', '828047317', '1286735715', '4030857373']"
"['1839407723', '2187290086', '1701781008', '1042700917', '1690682477', '3450550057', '1583282323']","['1839407723', '2187290086', '1701781008', '1042700917', '3450550057', '1583282323']",0.8571428656578064,4,"['1839407723', '2187290086', '2312357491', '529160682', '2292132710', '1701781008', '4070647239', '1799771512', '2451805882', '1042700917', '1690682477', '3450550057', '1583282323', '4139421484', '3333092667', '1033347039', '2154170462', '3423890572']"
[],[],0.0,0,"['1240639823', '515330027', '2406738912', '1212253409', '664443441', '2705848762', '1792302734', '2531115500', '3479163903', '2908935720', '2327336740', '2020441405', '3684514461', '1643236561', '1793526822', '711625262', '696009423', '2774158181', '679803883', '1416262969', '2367029903', '1038297540', '1483429734', '2635229082', '2134268621', '444822554', '2642197381', '1631297501', '2015981543', '3716180608', '2171300207', '1034236659', '2928720781', '1942516701', '126296928', '3176367747', '1556789117', '1293687500', '1206450216', '1281695707', '2258878324', '2250720361', '3182110999', '706172867', '1949099475', '2699143137', '1343205680', '1003310068', '1725589942', '2861352820', '653454668', '1227069730', '965205617', '222949902', '456704180', '2365917836', '835342963', '1763746441', '2044152782', '309261098', '30877006', '2404256909', '1680469617', '2614671902', '1611732838', '2822088604', '1119188016', '1481088981', '387332720', '2158872469', '1183398962', '1055665212', '2153782176', '2995262234', '2878612642', '507950673', '3454354131', '630027282', '2155430232', '1153300635', '85483160', '1886936780', '1367037729', '2880416430', '2027317182', '1977415535', '1337208102', '128512691', '91313141', '2080809387', '2173506402', '2173679102', '2542472433', '656339578', '959068379', '568482735', '1133054342', '1811906418', '426589980', '1953777473', '2925862840']"
[],[],0.0,0,"['2808355879', '982393064', '2189492802', '3059709916', '1283041415', '200239806', '230016892', '3366679362', '2674188853', '1270256484', '920143412', '3418909231', '1527493019', '2654880864', '3619923632', '431789657', '1516374745', '691771706', '1890529079', '2162328600', '1052707729', '1697415971', '3619821403', '1899868605', '2918044716', '3445373408', '1334345365', '3306988119', '980832373', '1867420517', '4113306393', '2050310140', '2134747509', '266946395', '1385398534', '172393862', '2414686324', '6710889', '2602506462', '2005567037', '1719060625', '1930951438', '469242915', '440956652', '2255234081', '3437570470', '1489699181', '568359933', '1182546535', '276816365', '2008885263', '1941416509', '968454021', '684218068', '1650664962', '1972405938', '2361228086', '251517072', '773806528', '1769456622', '381958636', '2437398544', '371727299', '1308600113', '108411299', '2481196768', '1530302373', '3127621653', '2868222527', '2038429265', '3349031967', '126216121', '4117630289', '887472917', '2157469300', '1944277737', '1822384176', '1881236105', '2838548433', '3116303515', '644426195', '2822321710', '2578723407', '2968104382', '348614881', '1972436818', '2837549765', '443401011', '3716882948', '702703828', '987147439', '2375593022', '2713536303', '1938678619', '338805422', '3693127865', '1504207981', '2348526536', '163851237', '1077329963', '1465832017']"
"['2402534047', '1068403515', '868263273', '3650686117', '3797493819']","['1536764172', '2402534047', '1068403515', '868263273', '3650686117', '1920644351', '3797493819']",0.7142857313156128,4,"['1536764172', '1110972935', '2402534047', '787001466', '892126918', '1068403515', '1828775542', '1645337275', '2134660477', '2344878030', '3034087024', '1432431001', '2814709714', '868263273', '1124467152', '1050966280', '3605822784', '258147509', '2915806782', '117129095', '1215573956', '3652141169', '1614780345', '3650686117', '2357165512', '3692364028', '2750312758', '2628861041', '1995888128', '1547798756', '2622400315', '2620341415', '208636077', '2929669203', '1835712204', '52433530', '3318071338', '724868236', '2686636568', '1920644351', '348373961', '1487598616', '3185696354', '3406749787', '1861416583', '158981115', '2997461201', '1081071619', '423385737', '2100816729', '2258221172', '1667405709', '2915476239', '2376887027', '824143971', '3422581174', '1349083014', '3797493819']"
"['2574239675', '1287304285', '3129454114', '166949496', '2866040827', '2135842892']","['2574239675', '1287304285', '3129454114', '166949496', '2866040827', '2135842892']",1.0,6,"['2574239675', '1287304285', '3129454114', '166949496', '2866040827', '488421590', '2135842892', '1179039916', '3339724902']"
"['2917150056', '2876827684', '1983343550', '896792889', '4029772018', '1177985834', '1852782471', '673502094', '2913729751', '2032949757', '2783639468', '1602255332', '989813104', '870736491']","['2917150056', '2876827684', '1983343550', '896792889', '4029772018', '1177985834', '1852782471', '673502094', '2913729751', '2032949757', '2783639468', '1602255332', '989813104', '870736491']",1.0,10,"['2917150056', '2876827684', '1983343550', '896792889', '509237522', '1154757557', '4029772018', '1177985834', '1852782471', '673502094', '2913729751', '283186901', '2032949757', '2783639468', '1602255332', '989813104', '870736491']"
"['3159931933', '1546278939', '538761076', '1377468991', '408351913', '3438894288', '3796563337']","['3159931933', '538761076', '2328487244', '543459699', '2971992747', '2577231753', '1881787912', '1768117781', '672463490', '456056354', '1152202559', '1317097817', '928676316', '1403806128', '3060179996', '583519595', '2090581002', '1691242384', '1695961791', '1356709265', '3045523180', '1126771776', '2501336584', '484437083', '1768515823', '2867097846']",0.06451612710952759,5,"['3159931933', '1546278939', '388491150', '3171262333', '1559917681', '1923524877', '538761076', '955459256', '3654176188', '1114457387', '2997497540', '3054702353', '160359964', '74083884', '417300430', '2328487244', '1698527247', '3486645807', '543459699', '1079246413', '2293251606', '2031819615', '28008075', '881690786', '2971992747', '3063430976', '2577231753', '1881787912', '1768117781', '1375890076', '1561598328', '535991967', '2226639197', '1230812000', '208600520', '1612635160', '672463490', '1962215142', '456056354', '383438948', '514909432', '1152202559', '1317097817', '255245016', '928676316', '1377468991', '242350720', '443419382', '583273293', '2053988874', '2956244020', '1346091854', '408351913', '4026453421', '1371190146', '766302067', '1027283282', '1834094669', '1403806128', '1182349911', '1940758011', '566980221', '437270996', '3060179996', '1493448325', '583519595', '2090581002', '1691242384', '3066463228', '234828918', '503226757', '3438894288', '505268139', '1695961791', '2921036920', '1689342410', '1291989323', '3189048242', '1356709265', '3045523180', '2132152798', '1126771776', '1834288266', '3403700574', '1174178662', '2501336584', '484437083', '494374908', '1768515823', '2592968824', '2493642383', '3796563337', '1321113790', '2867097846']"
[],[],0.0,0,"['3310581891', '2576893039', '775722361', '1337248741', '2976706682', '1658522843', '690924064']"
[],[],0.0,0,"['2220102638', '3472201590', '3400100002', '524652897', '1549949871', '4010282083', '2070583809', '1232690502', '2365100824', '2201811724', '42252675', '1960120259', '622045013', '2513246316', '909024822', '1908129860', '1538164399', '2423661647', '1535136728', '1285159673', '748490665', '3151080945', '3145559356', '1461898502', '1696584344', '530390468', '886264009', '1451973220', '1002371108', '724554344', '1982054337', '3458695097', '706039294', '2494037423', '2966026444', '282504355', '2839762704', '2067222272', '1867702197', '678897319', '2959735045', '2127289091', '705221364', '3046030930', '1652481280', '2728363204', '2424827300', '1433961208', '220243731', '3040423726', '2098715471', '2687141931', '3333479364', '2615049937', '2965887538', '952614827', '1415046154', '2038341183', '611529543', '1858749358', '969058466', '1338560763', '3665575686', '2583403484', '1519135577', '2361849150', '407689715', '331538565', '2083876752', '396086829', '1354708681', '3366249682', '89895596', '2026322824', '1988539970', '1002046903', '670096763', '377832968', '2275438742', '1094719443', '441175087', '1908537808', '403268760', '166456064', '335959692', '726837103', '1513126968', '1957433930', '2718278510', '3053295462', '2831025833', '2230939914', '346904215', '981403881', '2878957111', '1431648313', '797931889', '2749446320', '174433941', '78051656', '41950387']"
[],[],0.0,0,"['193205894', '35716505', '40318229', '248857231', '2351101182', '31020469', '3068273120', '1134168372', '1827149242', '2348898371', '1771034671', '2379816922', '1458070082', '1929493963', '2748467964', '2217311031', '1089808372', '1607360775', '2872241715', '1616117401', '1365035503', '2173266673', '1602207482', '2827212813', '2780077760', '2174041336', '4015617096', '527885288', '1721845142', '633752904', '2607282860', '1399729600', '2356833963', '1378439763', '309480635', '2060516839', '1815053910', '1143244332', '1295084932', '1343851982', '4022535555', '2765333160', '4029991320', '3468875910', '2151720332', '3408638544', '2359620720', '2621596558', '1098300708', '1817638512', '1361311201', '2643565543', '2405227432', '1796233739', '292704120']"
"['3672960730', '2017526412', '2144801826', '1432691587', '3680348927', '554153990', '1477345792', '3453143961', '2108066173', '2608799833']","['3672960730', '2017526412', '2144801826', '1432691587', '3680348927', '554153990', '1477345792', '3453143961', '2108066173', '2608799833']",1.0,6,"['3672960730', '2679965831', '2017526412', '2581233122', '1260137751', '370265283', '2144801826', '2139030906', '1700262764', '4040677290', '1432691587', '2380880320', '3680348927', '554153990', '4082782027', '3484168609', '1477345792', '3453143961', '2108066173', '1023147123', '2608799833', '2460965605', '1873044116', '1881008104', '1207119201']"
"['4079025275', '89499522', '1624845098', '401666180', '3438532606', '1450544612', '3615102904', '4081117540', '1819321087']","['4079025275', '4095205507', '89499522', '1624845098', '401666180', '493350875', '4119238598', '1188491833', '415126531', '3438532606', '4136820699', '3052790778', '1837444478', '4103227459', '4088282261', '812273752', '547612642', '4093182443', '3160781726', '1527207763', '1450544612', '4141691611', '1981799199', '2604309755', '2034664158', '3615102904', '2208344738', '4081117540', '4034894471', '1879412751', '288377039', '42176120', '1974693990', '4101621890', '4006757809', '1819321087', '2666538802', '992136047', '2357688254', '2145241952']",0.22499999403953552,5,"['4079025275', '904686080', '4095205507', '89499522', '1624845098', '401666180', '493350875', '4119238598', '1188491833', '415126531', '3438532606', '4136820699', '3052790778', '2542920829', '1837444478', '4103227459', '1361877285', '4088282261', '2202889058', '1272268396', '812273752', '547612642', '4093182443', '3160781726', '1527207763', '1450544612', '4141691611', '2580932921', '1981799199', '2604309755', '565980185', '2034664158', '3615102904', '2590116107', '2208344738', '2289732674', '4081117540', '4034894471', '2744910147', '1879412751', '288377039', '42176120', '1974693990', '4101621890', '982799500', '4006757809', '4141466636', '1819321087', '3348315604', '1468940152', '1507460957', '4102219176', '3415971538', '2666538802', '678599516', '992136047', '2357688254', '2145241952', '2567287423']"
"['1511694931', '737268128', '4089671057', '2181870604', '105695539']","['1511694931', '737268128', '4089671057', '2181870604', '105695539']",1.0,4,"['1511694931', '737268128', '92871823', '4089671057', '656764984', '1476155729', '1398070684', '331516735', '2942336909', '2471238082', '1634211219', '806354684', '1052425980', '1394723200', '2647859700', '2665263420', '2181870604', '1733883918', '968089142', '1436907677', '2488018661', '900052813', '2584702360', '2122793366', '2388885331', '26743142', '3739411236', '1603386789', '959222840', '2694109329', '2896227522', '631690655', '3412072155', '2265957082', '1285706667', '1304784589', '2192605632', '2205765655', '1225104389', '2545777600', '886141545', '323238989', '2332480084', '105695539', '1155386043', '2740485961', '1508793180', '3337131388', '1355405804', '2220581086', '2508581477', '663300125', '2367636115', '400468015', '2776030703', '1581414096', '2569535577', '1162986217', '1012994617', '340897549', '3033377238', '625475581']"
"['1307607247', '3147706554', '2281836444', '2787494744', '432316460']","['1307607247', '2787494744', '1120146995', '3662271349', '1527811489', '1825012243', '3794993946', '3636105509', '1569620563']",0.1666666716337204,6,"['1307607247', '3147706554', '2147371341', '3459351020', '1654849028', '118824577', '823959814', '1253453982', '2281836444', '3412162885', '2920067719', '2531420304', '2378389325', '835159275', '79684203', '332777215', '3168885320', '2697107017', '1891863179', '2787494744', '2185469379', '2680760340', '1909259237', '2460385423', '3436914137', '1120146995', '2213738526', '4094184270', '3789672025', '1626913299', '469228123', '4090722026', '3725357601', '1051067272', '3681818692', '3662271349', '3342200664', '3424043756', '1827598400', '2709744014', '2054824641', '1540462793', '316245005', '656315201', '780265643', '2427233872', '1709544046', '1527811489', '2465698050', '1073652773', '2470001019', '432316460', '809623886', '1825012243', '782593245', '104239253', '2549151431', '2245453018', '1378382487', '1415204933', '2792958322', '2135698875', '3794993946', '2133037206', '1700059102', '3636105509', '2874672233', '357492823', '1015659612', '1508313215', '755841323', '2093840705', '553662641', '3403977794', '2631950266', '1424885961', '150922685', '1569620563', '3469526135', '95528884', '2000579385', '2108412583', '576972417', '2971408604', '4098273952', '414815782', '2386735759', '1521073895', '583240618', '1949529612']"
[],[],0.0,0,"['1782807429', '728188252', '2161024536', '1919847131', '3406542231', '1602646724', '2831353521', '2009048787', '1504849035', '755935669', '63942004', '3630302590', '2472577426', '3776943119', '3130681454', '1494490334', '1121029371', '2373907373', '3306111743', '750655333', '330507497', '2859429725', '3441441779', '2096590154', '303250671', '281748364', '364585745', '1883249679']"
[],[],0.0,0,"['1145471242', '4042101232', '3390964905', '933299600', '1692186460', '1530361397', '1003556361', '1588861921', '1131424378', '3633660201', '926873708', '904918814', '2684385319', '1505927038', '1205812067', '1070663067', '164691070', '1391964780', '470019688', '1858606133', '1929567014', '1609279728', '2332457674', '1993559733', '2568548862', '1557584207', '1184317945', '2089110942', '3038222510', '2496273408']"
[],[],0.0,0,"['404055434', '2104919020', '485555957', '1680461841', '1291493243', '2269619320', '340561480', '682928632', '432695120']"
"['3032095062', '1742688875', '83498973', '3623788333', '274400864', '1027383464', '2180519372', '1819337272', '3797979122', '78586496', '2327144603', '3671154611', '1789934705', '3048963400', '3769887407', '2372102721']",[],0.0,2,"['3032095062', '1742688875', '761820711', '2496686410', '83498973', '880658196', '324590294', '305506409', '1780924014', '809801552', '3623788333', '1405638668', '274400864', '1370688378', '481052334', '1027383464', '1600365528', '3659315230', '1861878740', '2670931007', '2162367319', '2180519372', '2239398857', '1408577466', '1819337272', '3797979122', '78586496', '3648714042', '3392177687', '3424501469', '2856826408', '1091752578', '2327144603', '3671154611', '1789934705', '3048963400', '1804059838', '2189974728', '1046116601', '2414458704', '3769887407', '2991904612', '517794738', '990205309', '1342072618', '2372102721']"
"['2769787855', '2921913330', '1503312786', '352205831', '2047974878', '2059742597', '3338289939', '569426191', '2982583125', '2725218247', '2946107056', '2675540421', '2622327504']","['2769787855', '2921913330', '1503312786', '352205831', '2047974878', '2059742597', '3338289939', '569426191', '338283627', '2982583125', '2725218247', '2946107056', '2675540421', '2622327504']",0.9285714030265808,11,"['2769787855', '259242095', '2921913330', '1503312786', '859899949', '352205831', '2047974878', '2059742597', '214173115', '418173034', '1034213609', '658993383', '3338289939', '2339307116', '858383754', '569426191', '2896367070', '1444925810', '171879494', '1959127736', '801269238', '1806073409', '338283627', '1753291279', '1323324083', '3746964641', '2982583125', '2725218247', '1881692000', '1662639542', '1160763881', '1478102082', '2946107056', '2675540421', '1896396025', '1715026675', '2354004313', '68865192', '706295555', '122779679', '810243844', '1239865963', '4082008358', '1641399520', '4002843462', '2622327504']"
"['842589293', '2415214564', '2312299682', '2470082618', '2460474826', '2227530888', '1034092901', '2709027636', '1009772673', '1080383871', '2048639598', '864528685']","['842589293', '2312299682', '2470082618', '2460474826', '2227530888', '1034092901', '2709027636', '1009772673', '864528685']",0.75,4,"['842589293', '3317698534', '2415214564', '1447783441', '1433232815', '2312299682', '2470082618', '2460474826', '2227530888', '1034092901', '1143185999', '2954739583', '2709027636', '843628880', '1009772673', '1080383871', '923174861', '436319250', '2477132206', '2048639598', '864528685']"
[],[],0.0,0,"['2062476682', '812680689', '116722629', '181630147', '1254974663', '2092977818', '3363666169', '1547803013']"
"['4040950449', '1747441294', '2425259368', '678790059', '2555650535', '3367851698']",[],0.0,6,"['4040950449', '1747441294', '2425259368', '2402960541', '678790059', '2240446354', '785476784', '2852652240', '2555650535', '914501994', '3367851698', '2772423135']"
[],[],0.0,0,"['880605963', '880604323', '311574186', '35738423', '1045322295', '1517714542', '46139106', '4006732448', '2525935914', '2325923130', '388404538', '359261981', '3368416702', '1323563698', '1063879030', '1498854196', '3611760416', '766857975', '2177748014', '2537698777', '2359016852', '1852413033', '2962389636', '1278227384', '2487084400', '2310882200', '2156527208', '2348832310', '3154095018', '254629016', '1847020972', '3147232730', '1028545173', '430235582', '1916531552', '864172436', '409924948', '813483070', '2315835306', '2493976062', '873553100', '2688050826', '2262161081', '3310362814', '2649592039', '2241272643', '4045600436', '1071558960', '151102710', '2629974913', '610554438', '687151881', '2878931534', '3055637362', '1089942911', '1209659919', '457070514', '1204045558', '1580076890', '3720211600', '1217123191', '780428755', '4061175081', '1646864220', '614294402', '1242931529', '2093613632', '1035179681', '3173645431', '272957340', '139232955', '255251204', '735959539', '159712712', '2222507467', '1658189203', '3389936798', '169044699', '3176318063', '2530373037', '830960827', '2770046942', '477489598', '68905151', '1095179182', '1553081641', '1336439216', '2200522261', '3113666011', '3368699787', '434740996', '2766509881', '1250210474', '919474243', '1454964419', '946387704', '632922406', '644187686', '257309070', '899014408', '2682803232']"
[],[],0.0,0,"['379350751', '3387200573', '2477946211', '1503463021', '2178090843', '1742490067', '574921647', '2145935061', '583599635', '2158691509', '2848035243', '1224685813', '153704799', '256743715', '2459279231', '3345947206', '3748439643', '4063570502', '1806202946', '66454984', '1346050966', '3036076885', '2151049646', '3401917874', '776340321', '871265812', '1293531414', '1977850626', '1289584434']"
"['2217608168', '3064630536', '2621175422', '57574004', '1000996682', '1839097517', '469466908', '88855645', '2137051796', '4103369428']","['2217608168', '3064630536', '2621175422', '57574004', '1000996682', '4000954567', '3614237019', '3696566424', '1839097517', '469466908', '88855645', '2137051796', '4103369428']",0.7692307829856873,6,"['2217608168', '3064630536', '2621175422', '57574004', '2203172411', '2681292602', '759199881', '1290982178', '1677028196', '122885005', '1000996682', '1151463435', '51368088', '4000954567', '3614237019', '3696566424', '4000360466', '1101464684', '1839097517', '3464927459', '469466908', '247159456', '88855645', '744446304', '2137051796', '3112867095', '2447788963', '626527409', '1169708182', '1194151085', '2780672167', '236510623', '1942325797', '669710143', '1597299357', '2653672748', '80177597', '305398735', '1521251565', '587201835', '1678110862', '4025097078', '2096874815', '3137871360', '4103369428']"
[],[],0.0,0,"['1306303506', '697488423', '1701172181', '2883026783', '1747139300', '544961120', '2224818221', '1194993840', '260856840', '781105460', '1652723544', '3393175486', '1844316827', '604379921', '761964051', '3439421725', '1138065003', '1402512363', '3153150120', '1630369491', '1971374281', '1694599480', '3428759135', '2127027187', '3790560648', '2995419861', '343736359', '2169092300', '2510454029', '1650562340', '1507908060', '2047707788', '2943167514', '1657295401', '658186681', '2510325238', '1539580261', '1734059080', '2493136652', '1036821258', '225778615', '2346499122', '1884853941', '1799459780', '347226469']"
[],[],0.0,0,"['1183258220', '854160100', '1105022701', '638312083', '988645037', '940972864', '2685636531', '402426582', '2980540023', '382308515', '869260962', '2300455327', '1477682807', '2824709520', '1277334634', '2768106813', '2724790351', '1982126029', '812694700', '3644264014', '2613059101', '207439198', '1194169717', '871233526', '1590571139', '1705458143', '1574530583', '1102029867', '1532154113', '687742913', '1382351205', '4033813973', '233101954', '1013179014', '2974311511', '2722995723', '1925212417', '1525684245', '3188077065', '1316531763', '269973535', '2401892629', '3469067207', '2803034526', '1047474130', '1684904744', '1361614216']"
[],[],0.0,0,"['2309550178', '1133069471', '1002042268', '4154814935', '1432484307', '2706892122', '650529277', '747147296', '3662715250', '1842137258', '125235379', '1725553210']"
[],[],0.0,0,"['54499469', '1513739837', '1824693238', '1676902828', '827954404', '2040505160', '106467258', '3751862031', '1227569934', '1412389828', '2751873132']"
[],[],0.0,0,"['1122109589', '1108802071', '1230047430', '1174450231', '1635871593', '1561651941', '2039340826', '1575913626', '1090312766', '481108126', '1886183719', '1492342762', '1096888944', '1615568214', '1188085045', '1764120209', '3149968999', '881955023', '507992354', '2052839227']"
"['669999915', '264699383', '1260399950', '1600359952', '1556650496', '3639140428', '297990334', '40053766', '85327840', '268119967']","['669999915', '264699383', '1260399950', '1600359952', '1556650496', '3639140428', '297990334', '40053766', '85327840', '268119967']",1.0,8,"['669999915', '264699383', '3698006152', '3409574218', '1260399950', '213463280', '1600359952', '333426361', '20410867', '1556650496', '58332279', '3639140428', '2145216579', '297990334', '1862995276', '40053766', '2731817714', '85327840', '4106654275', '301659208', '268119967', '3786624341']"
[],[],0.0,0,"['1033134372', '1799224521', '1892590267', '638108679', '1114857416', '1187415444', '1497994161', '995030133', '1531415502', '969420136', '984268310', '275813811', '1991280762', '1829276962', '389661668', '1705311590']"
"['1929582594', '3132668501', '2411129052', '3660430127', '3622183756']","['1929582594', '3132668501', '2411129052', '3660430127']",0.800000011920929,4,"['1929582594', '722479400', '3132668501', '2411129052', '1183914477', '3660430127', '3622183756', '561178837']"
[],[],0.0,0,"['487498171', '814372631', '1107384673', '2120380077', '2543819009', '1148850016', '155322663', '205055276', '779757438', '2864545734', '2998574965', '3641604800', '2159996575', '1350947811', '1021854813', '1533948579', '3475571863', '373490204', '1364795986', '2250745270', '2664160833', '2469195027', '847292411', '1280144245', '2259223276', '955297570', '348230824', '1539662169', '3395221673', '1548158777', '468208209', '2258964527', '803104626', '1745736483', '2828740708', '2228038991', '2807009725', '3368206878', '3037911420', '2186194827', '3687224580', '3409194242', '2806834452', '396251340', '3409814244', '1573405236', '116030753', '2928598633', '1668297646', '627774290', '666476868', '1537588717', '1615099609', '2790525800', '711979101', '2694815930', '1180378048', '2445320178', '782095076', '1326670776', '2001186552', '1375583099', '2974735024', '3493533591', '1512944894', '3324347393', '3313449934', '1806837664', '428580047', '1831274771', '897354476', '2230915135', '2280202499', '4000204525', '477334067', '3435022071', '2035670439', '3147062704', '2009355274', '1730720266', '204274402', '1102262263', '1385443369', '1960314804', '1235670279', '2463716658', '3611950020', '807843636', '779427078', '1877516697', '109355298', '1228720573', '2613249373', '388952099', '1888340370', '1889864403', '877035367', '3106042440', '2855609433', '2033694843', '513847548']"
"['2524596822', '3642951254', '2184528547', '1191200674', '3051647998', '3678183573', '543878156', '886305248', '2907437246', '1251253431', '149895154', '3759507146', '1398829737', '3764225514', '4156920392', '2265125393', '1988169598', '986067958', '4108027299', '3732966638', '3166804000', '3435670109', '4121489183', '4000126355', '4107371917', '264362019', '1906108447', '2472223566', '2129469614', '1319694912', '4156920344']","['2524596822', '3642951254', '2184528547', '1191200674', '3051647998', '1920020321', '2117207327', '3678183573', '543878156', '886305248', '2907437246', '2106643954', '4011436296', '1251253431', '149895154', '3759507146', '1398829737', '3764225514', '4156920392', '2265125393', '1988169598', '986067958', '4108027299', '3732966638', '3166804000', '3435670109', '4121489183', '4000126355', '4107371917', '264362019', '1906108447', '2472223566', '3409055647', '1587805526', '4004739841', '2129469614', '1319694912', '4156920344']",0.8157894611358643,4,"['2524596822', '3642951254', '205389668', '2184528547', '1191200674', '157194300', '1945663319', '3051647998', '2241808251', '2747235510', '1920020321', '721379534', '766599954', '1196529098', '2498752248', '4060095324', '111893224', '49802856', '2117207327', '3678183573', '643759741', '2255283845', '67451278', '543878156', '1603159925', '886305248', '2907437246', '2579535046', '2106643954', '1899307855', '3307936796', '4011436296', '1302468291', '1282909647', '2520147117', '1251253431', '4042046541', '149895154', '3759507146', '721755445', '2624714949', '589726440', '544601899', '2857591646', '1398829737', '3764225514', '4156920392', '2265125393', '1988169598', '2304109204', '650859241', '986067958', '4108027299', '1454870062', '2183497874', '3732966638', '3166804000', '2357171239', '3435670109', '4121489183', '2064954100', '2048849488', '4000126355', '3419081360', '4107371917', '3773859308', '1174880395', '264362019', '1693674099', '963478146', '1906108447', '2472223566', '948268719', '3409055647', '2182173945', '2990762079', '2448696853', '1587805526', '2386746457', '2099322755', '1368557395', '485543887', '4062210110', '1470136901', '4004739841', '2129469614', '1319694912', '1933857600', '4136203702', '3728855236', '928263091', '4156920344', '1564532289', '3465525250', '3394309468', '1380619385', '2150553223', '474020103', '813297252', '2048809724', '410247369']"
[],[],0.0,0,"['1373654263', '1234235229', '2194553800', '2895497381', '320128650', '43187365', '1936657297', '615864084', '727992984', '992602317', '2241032811', '2067640103']"
[],[],0.0,0,"['1892197058', '1883681540', '2004943147', '619086293', '586776675', '1191699025']"
[],[],0.0,0,"['3679914812', '1320222105', '2696951217', '1284428637', '372778802', '279396570', '2462381044', '256854266', '685315529', '1115474409', '1810577551', '325277845', '815503368', '2790432800', '2264708421', '2874728076', '840418733', '733560932', '24327109', '2146815047', '1957851680', '1631850292', '404943251', '2717176111', '869675816', '46220851', '482767367', '2567834634', '305591843', '4009341043', '1994469561', '2453469806', '943105642', '1294839435', '1613743839', '487418085', '3432232637', '3162420105', '3157876019', '2031666274', '1696387901', '2435848535', '354701319', '4086184757', '1737404911', '1326676082', '2168729192', '1659139220', '1890014310', '3056895466', '2878510014', '2443318405', '102281020', '587335747', '241875917', '1917411781', '736700537', '1599388413', '1598832505', '3033309195', '1194479753', '2061214325', '615949411', '86868546', '2861918224', '3405034984', '2288356216', '1639351949', '934684800', '3663686505', '1273115915', '4094953349', '2660316060', '2224393112', '2367796171', '2933222576', '885187116', '884816407', '1996742222', '995213929', '1772924332', '1789717116', '1854641911', '1227111966', '1598567442', '1666061677', '1305045823', '3041339260', '2940850259', '2214782574', '210713542', '2445440282', '430170822', '822160782']"
[],[],0.0,0,"['2054991280', '2933196940', '3390493089', '2746054743', '2571429238', '1919853363', '1764350163', '1061180815', '692276437', '2305498103', '1598174768', '1687957384', '2818610238', '1788263226', '1923980831', '1543345512']"
[],[],0.0,0,"['3169584805', '3032280777', '2736507456', '2431341407', '3496692885', '2961256014', '3631997618', '391282480', '1986062773', '2603470215', '2635323007', '434229160', '419740423', '3335243820', '1118210976', '3047137236', '1353122208', '231646580', '121138980', '412215835', '841755400', '2344090564', '3128187129', '836478042', '443772969', '983319421', '3181751747', '483575006', '855297247', '2865971022', '2527052004', '1858564581', '2721829200', '2400693657', '2569822960', '903023064', '1805520141', '2205458148', '2708221081', '118532001', '1142572982', '1459889960', '3774991147', '2920153925', '1794091419', '329505967', '2173193125', '2246955718', '3353819474', '346557671', '1131813935', '110023814', '1172242101', '2998454038', '734049200', '754030541', '727093631', '30061945', '3149965513', '2624787200', '966965118', '932757494', '2669887108', '2898717240', '1147129117', '1420416725', '1738222896', '1128064338', '1696029014', '4093848162', '1458846606', '266049295', '1350120941', '346762055', '287804895', '1150547814', '2747787415', '2521575225', '1248584727', '2808865722', '3323967305', '683601674', '1827191977', '2037007334', '3670169144', '885031828', '755642568', '219819021', '3692600399', '2198638800', '1182907982', '618354175', '2673797916', '3616792228', '257197042', '2111030825', '1339850210', '989613174', '2880166583', '205603342', '2804169844']"
[],[],0.0,0,"['627784375', '1186494682', '946744763', '4096738186', '722596515', '1010692075', '3106578586', '1686339262', '590564370', '2173576680', '189272475', '2603235617', '2940139343', '1693998450', '3188625120', '1375735303', '1533171741', '523167440', '3040426398', '2093756389', '1077005628', '151745709', '2172364814', '2946515925', '990551661', '1574825796', '2687714219', '2261615285', '1143678597', '72181925', '1250153330', '963591411', '885434965', '2325636833', '2255554381', '3615003695', '1739418391', '2379199424', '2673959922', '2952375702', '1530711861', '3347730732', '2871036464', '3357460215', '3393239558', '380384571', '3048023433', '929525235', '791366007', '2478773341', '2177302543', '49615649', '1217343741', '3437502189', '2674787362', '1766170341', '1485918408', '3112904421', '974471438', '247158422', '2262479825', '3634095437', '1148471519', '2590528017', '941833620', '1788242642', '3394657297', '1873126405', '3605521276', '1239116765', '2680615763', '1356138528', '57768280', '35392290', '815077123', '393739180', '1634568839', '3034512370', '1075808680', '2510406806', '3436753713', '440711884', '2417773752', '88614263', '2537000538', '3616152059', '1495145044', '2293749705', '2112810532', '1378538140', '752687616', '1117287912', '1991695329', '3648645136', '1724788611', '2884836534', '2295413262', '1856624014', '295414815', '1321755917', '2264217212']"
[],[],0.0,0,"['1226131933', '1602199473', '2113490080', '1464664006', '2745071110', '716713720', '1617108126', '411706247', '2143502127', '2851101183', '1901701643', '1494769241', '373960415', '1849876002', '1799976821', '1336879135', '2149755026', '281744520', '1385482441', '2288352416', '1493209310', '1765121701', '1501016109', '2756813221', '729213532', '2172573582', '4054278936', '1547190008', '2717556627', '579428215', '1856553706', '1001260962', '2164597738', '1203058824', '2503582182', '2455675612', '813425778', '2675320617', '2832976622', '2637928018', '2423210200', '1741066916', '1603003315', '2319148243', '569224015', '255932225', '2684072407', '1760051071', '1675941711', '152407156', '970050080', '1783519829', '2299913219', '3153177368', '1781675424', '1257293064', '2087174320', '1829724815', '2337349333', '956294701', '758669708', '1245241931', '19096055', '2059840012', '1086809500', '2117231706', '326699122', '1080685362', '1864104324', '3134453086', '2020573419', '876939784', '784131762', '757952500', '1812765334', '1045303414', '1635099069', '643584322', '2590749841', '2684264505', '967241027', '2334916438', '1101310184', '262389415', '3103002817', '2180372310', '2461235384', '1983589135', '1573016480', '638431840', '840247039', '3137135945', '562303808', '1746559535', '2713519640', '2969754080', '1047987264', '177515743', '1933356607', '2379433900', '3399616126']"
[],[],0.0,0,"['1641611240', '2269869810', '2159392441', '2442790284', '599115720', '2328877060', '2629779934', '702055303', '703353614', '2969781725', '720174830', '2764677125', '1716145215', '3392992790', '2693880840', '2019395809', '1761656729', '142874241', '1262373779', '2478221520', '1369259942', '1286061441', '2191708843', '2589214206', '1487358631', '3061121813', '221501748', '3391275405', '2777878807', '477152651', '1471415825', '1123757718', '337521347', '1271445576', '2359445685', '10549157', '279975896', '818436727', '2366256717', '564096612', '940833039', '999217906', '2854215281', '2717951826', '4096303799', '1530115228', '466076942', '248463051', '2325436328', '920189206', '959405863', '1626053228', '2359176078', '147330011', '777227130', '1391341365', '758266130', '3488976231', '200325338', '895486461', '1519229862', '1907773427', '45075488', '2728822132', '2046042658', '2029349665', '3497913723', '1407927143', '2073635800', '245748208', '2713676434', '405916544', '1678650160', '2863165625', '2343045984', '2162523726', '3475862444', '808762141', '1757951662', '1437535247', '1894172899', '1882131604', '2686681025', '1086859517', '2481600837', '1770061235', '482460195', '1964160700', '762038229', '2486919901', '267681252', '2115859837', '1873839838', '3452185217', '52640962', '1034335312', '1103721686', '2005629717', '1442036351', '305434698', '2060185455']"
[],[],0.0,0,"['1639281062', '2975990840', '1231152706', '972895283', '1607932104', '802165102', '27319884', '1358664808', '690368698', '2244975641', '22176357', '2308054110', '1997760102', '2796667526', '3305630042', '894914302', '863768041', '1240797523', '1475716231', '902342690']"
"['2068243823', '283058263', '3659498907', '4060786280', '2588634075']","['2068243823', '283058263', '1206041685', '4010815560', '3659498907', '1279970553', '4060786280', '2588634075', '3643347535']",0.5555555820465088,14,"['2068243823', '283058263', '1614151070', '1647068416', '3444333968', '1206041685', '4010815560', '2834863256', '3659498907', '4161280339', '3167745922', '1532175234', '888446553', '2018631806', '2096885580', '1749720657', '1279970553', '3412020581', '69770055', '4060786280', '127214955', '701074262', '2600792119', '1552416311', '1338854100', '2189139118', '925879704', '2588634075', '2254785657', '377597637', '1046303598', '2131837039', '1545905847', '655948324', '3673257242', '2671573680', '1933485471', '1004120382', '3643347535', '2763622829', '4096351398', '6358393', '673311471', '1417253169', '354370079', '4153888832', '917947051', '3363769022', '3329384798', '645884922']"
[],[],0.0,0,"['2137883200', '835396862', '701239331', '2654885783', '2156596037', '2693550040', '609094040', '2888221282', '1510222384', '2290254041', '843515521', '787803221', '1760695126', '1543124963', '2269222606', '1396938263', '2440816201', '2554361461', '2986843921', '1961176210', '1997447411', '499665925', '714306701', '2780961342', '2013965978', '848167492', '1410514421', '1691809713', '1739437840', '2792294442', '2192018626', '2361731841', '2834940484', '1168761010', '3481100700', '2148207333']"
"['3035989437', '628179081', '4044603718', '965719785', '1702299248', '4139112176', '4115931825', '856664682', '3445025708', '4054772345', '3672734722', '1219045394', '4087716301', '4049314281', '1728940149']","['3035989437', '628179081', '4044603718', '965719785', '1702299248', '4139112176', '4115931825', '856664682', '3445025708', '4054772345', '3672734722', '1219045394', '4087716301', '4049314281', '1728940149']",1.0,5,"['3035989437', '628179081', '2078857389', '1399969678', '2657962747', '1841077169', '4044603718', '2654034405', '714602403', '263737295', '1302709150', '965719785', '2136701946', '1702299248', '1320233226', '2750449519', '1039534546', '3642602198', '1028573582', '1037755583', '693543926', '1540842742', '2464565449', '1232959112', '2658337663', '2517536034', '2109610849', '4139112176', '2978927300', '4115931825', '856664682', '3445025708', '4054772345', '3672734722', '1219045394', '1186619001', '4087716301', '3378627852', '4049314281', '1793657838', '621088843', '2089962533', '3327139834', '1728940149']"
[],[],0.0,0,"['2462846740', '223741240', '68186353', '3189736398', '1565323602', '1376004997', '92489672', '1555081211', '852492300', '1777781762', '763455434', '1575589241', '808959446', '394375707', '579632963', '129906306', '690393495', '2711690826', '3631699118', '1965370179', '2264500684', '630911408', '2201288006', '1465061667', '2234916531', '2474771137', '1591565935', '1016602133', '2013135707', '1236145561', '2527987983', '3633167221', '884132165', '3064437895', '1277168440', '452294312', '57450259', '1501196279', '1515154761', '1707566138', '2802486925', '944017615', '1443686292', '2000952823', '659056711', '1256161833', '903513821', '653001684', '2692495772', '2474721120', '2141343705', '2712578307', '883223320', '623945162', '1433787633', '2659703737', '2113395609', '2736964930', '876966903', '2861641881', '1083018711', '311051482', '1852058126', '2996829243', '270495601', '713861512', '1125957614', '4115273002', '1850217878', '2168349543', '533985574', '1557500732', '1309667463', '2447637132', '1007555703', '2089821096', '2661936614', '1018299731', '417087294', '2624877534', '2237363777', '1602848510', '1909480297', '677978580', '1816752087', '2502096322', '433419815', '3433948970', '1225626446', '1702644933', '115281526', '3447950754', '2767077741', '4031298976', '289838064', '2705923171', '839503041', '1962557501', '1484537282', '1929052903', '551145890']"
"['4034643022', '3611322134', '1123621292', '551982245', '478415903', '4155466471', '640897504', '2957154457', '4087941216', '2379497647', '3121048066', '649803016', '1378510289', '2949566603']","['4034643022', '3611322134', '1123621292', '551982245', '478415903', '4155466471', '640897504', '2957154457', '4087941216', '2379497647', '3121048066', '649803016', '1378510289', '2949566603']",1.0,3,"['4034643022', '3611322134', '1123621292', '313980009', '551982245', '478415903', '700947554', '510392769', '4155466471', '640897504', '2957154457', '4087941216', '2379497647', '3121048066', '995051082', '649803016', '1378510289', '2949566603']"
"['1962270292', '4059758521', '3153159152', '509145179', '1224085779']","['1962270292', '4059758521', '3153159152', '509145179', '1224085779']",1.0,6,"['1962270292', '3439840429', '1798444253', '2143015849', '4059758521', '3153159152', '509145179', '68773480', '1224085779', '3779982711']"
"['481443574', '87797711', '2212170443', '1513883149', '2636315772', '725539452', '967414927', '90081096', '1884018945', '1154793464', '1131645832', '2433943049', '1226334934', '2574418706', '964408988', '2366985984', '1300453391', '2933929731']","['481443574', '87797711', '2212170443', '1513883149', '2636315772', '725539452', '90081096', '1884018945', '1154793464', '1131645832', '2433943049', '1226334934', '628183262', '2574418706', '964408988', '2366985984', '1300453391', '2933929731']",0.8947368264198303,2,"['481443574', '87797711', '2212170443', '1513883149', '2636315772', '725539452', '967414927', '90081096', '1884018945', '1154793464', '1131645832', '2433943049', '1226334934', '305770992', '628183262', '707901046', '2953642981', '2574418706', '777320082', '964408988', '2366985984', '1300453391', '582027947', '2733340263', '2933929731']"
"['2679403982', '2655663950', '733751344', '2775893225', '1212060818', '3690702688', '2844246728', '4082608367']","['2679403982', '2655663950', '733751344', '2775893225', '1212060818', '3690702688', '2844246728', '4082608367']",1.0,6,"['2679403982', '2655663950', '733751344', '2775893225', '1212060818', '3690702688', '2844246728', '414748324', '650272578', '4082608367', '118697343', '4039854107', '2268540284', '589361739', '2583778826', '1959966687', '3486194191', '1235411266', '3153598051', '2014668667', '1219185185', '2979449754']"
[],[],0.0,0,"['1980800940', '957668323', '780404238', '918226009', '940811120', '2469968416', '2768284400', '49894106', '1990430315', '3334164305', '393567590', '72802372', '2305648699', '1308526064', '1099203191', '1634336137', '518703256', '1717294422', '2145980551', '1100494354', '1892874099', '464636081', '2266638229', '3643567998', '2513519520', '2711928746', '818509547', '1039943945', '2545186462', '376956666', '1834357022', '564644919', '1314569980', '2315577815', '2845146474', '3636574732', '1621401557', '1774516796', '507999464', '480672225', '1835313245', '871945154', '1663378200', '2779241325', '1307274294', '1282979385', '145480958', '639150098', '1972113073', '643062993', '1617332251', '2721461303', '2782391665', '3641607421', '316142241', '603539887', '635876288', '2254256399', '3766694145', '936876766', '3306820811', '423040326', '2705662770', '1412575542', '2022216493', '3650817033', '2203473678', '2117438565', '2002567820', '1212167722', '6506362', '1655552843', '70224187', '3040741127', '725893098', '1369563932', '3642627698', '1836751528', '3163510555', '1812297452', '875204801', '2790593418', '2686959623', '2401160366', '3155455982', '2730777415', '3786073802', '1877037559', '1865766796', '2870216730', '1494563737', '2334244558', '3128961901', '1342933327', '1690781765', '3389648264', '1911121103', '425046867', '4049003377', '501330537', '164308888']"
[],[],0.0,0,"['2385036804', '2914386702', '807716348', '1621487436', '1048201987', '3129065294', '3435227070', '2513191761', '1362987042', '1896802215', '2668624506', '513947737', '1303862060', '2410910310', '276070258', '2087160024', '2241366827', '1085966101', '1943289807', '1816740838', '1485309601', '2346619954', '1211324514', '3136477173', '2563942761', '2553530408', '3337618999', '3170517535', '707403469', '776978457', '1426136536', '488631302', '209805711', '3308335333', '92892066', '74109924', '2487311154', '223834227', '2558094906', '595620228', '1024825029', '1820931909', '3440706950', '3154668127', '2158136042', '1202423921', '785910025', '529482575', '361157092', '401803595', '1214335185', '1839452615', '1182967878', '1163579005', '324241903', '964139972', '2710759064', '2278735059', '1127925552', '2633179082', '4099894609', '2897953048', '2904893244', '967152291', '524931329', '4133311183', '2714224382', '1457866720', '667650927', '118648163', '1019124779', '388064711', '1499122775', '2072567306', '1357451317', '396913716', '374662757', '165440450', '3038885732', '2618761138', '621968010', '1241373684', '1459318930', '636617781', '1832046163', '1626753445', '2945193722', '2932920728', '3328405155', '2637634864', '2070263505', '37557234', '2415723012', '1202528804', '276421305', '11838319', '1193203251', '4155770778', '517622195']"
[],[],0.0,0,"['1794788301', '1836574784', '1289440123', '922078080', '655582142', '267280451', '718176187', '611597727', '1896287612', '1948585105', '2558228362', '2121490873', '2610264042', '98784354', '2940783616', '1356323054', '2224825757', '1914791681', '1185621741', '2378616759', '1012987052', '1838046268', '2693523618', '1744519991', '3142240493', '2057948812', '602131581', '2511326761', '2875509040', '1884488327', '1752683713', '2763080516', '1178712600', '1515792269', '2639354347', '1666457427', '1042102223', '2188375234', '2116292947', '294185012', '526554697', '1707670160', '567817695', '2837546713', '2968806503', '1272755811', '3067261107', '1266665725', '334604285', '2244414768', '1344985361', '749316310', '856369481', '779098297', '3155337564', '2691221455', '377842980', '903116206', '2647981125', '1079222484', '776497863', '2083896317', '127424106', '2706712907']"
"['240508002', '4059534191', '1012716298', '3409332742', '4044664162', '1637076674']","['240508002', '4059534191', '1012716298', '3409332742', '4044664162', '1637076674']",1.0,4,"['240508002', '2832285781', '4059534191', '2897583705', '1012716298', '123408724', '832893517', '1206568602', '2362202512', '1770751724', '3409332742', '1989739019', '4044664162', '1326025300', '3069710142', '3143309212', '1637076674']"
"['2183387588', '2011028414', '188245672', '2582898805', '2176934808', '1274283758', '2181272924', '110797630', '518466638', '756922118', '3130494107', '4156111197', '2844795636', '2385936599', '1852376502', '1834424709', '4022415046', '3364769089', '1121342324', '2984494671', '58440850', '4107145049', '989852046', '3435239099', '3651259634', '617447263', '3116244327']","['2183387588', '2011028414', '188245672', '4017838040', '2582898805', '2176934808', '1274283758', '2126121811', '1390949904', '2706961736', '2181272924', '2244252793', '110797630', '518466638', '2301712074', '1832593676', '756922118', '774934473', '3130494107', '4140967022', '4156111197', '2844795636', '2385936599', '1852376502', '1834424709', '1816362223', '875346697', '4022415046', '391363921', '3364769089', '4159307483', '4101771976', '1121342324', '2753804812', '2735106677', '2984494671', '4108808376', '432054331', '58440850', '1896520110', '4107145049', '1967190845', '989852046', '3435239099', '1412903002', '2738608440', '3651259634', '617447263', '3116244327']",0.5510203838348389,11,"['2183387588', '1770901076', '2011028414', '2153007300', '2736841706', '188245672', '2217161673', '783430910', '865277207', '4017838040', '2582898805', '2176934808', '1274283758', '2126121811', '1390949904', '2706961736', '2778369269', '227982803', '331525321', '2181272924', '617380301', '2244252793', '2326118711', '1988038670', '2804128878', '110797630', '962518604', '2920086016', '4096860645', '518466638', '2301712074', '1832593676', '756922118', '774934473', '3130494107', '4140967022', '4110853018', '1511431401', '4156111197', '2381274803', '2844795636', '2385936599', '1852376502', '4018499646', '941967848', '3314834025', '1834424709', '3407455910', '1269763278', '1816362223', '518905338', '4060708314', '875346697', '1211351314', '839314558', '1271297924', '1961595883', '1754052023', '4022415046', '587210444', '1254374434', '391363921', '3364769089', '4159307483', '1349298606', '4101771976', '1121342324', '2753804812', '4109134797', '2747767464', '2735106677', '313889875', '2984494671', '4108808376', '1810145716', '310723395', '2890091817', '432054331', '58440850', '597158955', '1896520110', '4107145049', '1902349665', '2211975255', '1967190845', '1819660109', '989852046', '143714246', '1000196400', '3435239099', '2371765406', '2976709224', '4099698948', '1412903002', '2738608440', '3651259634', '617447263', '4034200058', '3116244327', '607810855', '2016676802']"
"['454732548', '2158846866', '4007294961', '1369366517', '3608823795', '2221954082', '2871647652', '2179951279']","['454732548', '2158846866', '4007294961', '1369366517', '3608823795', '2871647652']",0.75,4,"['454732548', '1396173379', '2158846866', '4007294961', '1369366517', '3608823795', '1812066402', '2889789384', '1309358186', '1945426876', '2926290620', '217524326', '2149920592', '2733218030', '1014639581', '2732685781', '2567251317', '1588272077', '3189213975', '2221954082', '2359860503', '2871647652', '2614610811', '1982507841', '850713837', '1399996019', '1224766382', '3455700003', '1989898337', '2159396014', '2552874410', '2656102412', '1752337660', '2179951279', '1290946906', '266052340', '2826902224', '3468912533', '1421930372', '2165412714', '958616312', '930242515', '1439896271', '2032236373', '2100119476', '33322322', '1043202826', '640410208', '3381723178', '3320104422', '1922225230']"
[],[],0.0,0,"['1911553077', '1263011018', '2589459826', '3328447110', '3400978767', '380740941', '292103899', '218198138', '2494695220', '2948090727']"
"['1926703484', '2720039860', '470483122', '3397543371', '1144603257', '2244729376']","['1926703484', '3397543371', '2244729376']",0.5,2,"['1926703484', '2720039860', '2680487541', '2403609377', '172677457', '736278478', '2729205121', '470483122', '1430237732', '2799049118', '3397543371', '897546887', '3059203867', '466200100', '1144603257', '2244729376']"
"['4039173544', '111246274', '2035957744', '501220067', '658247904']","['4039173544', '111246274', '2035957744', '501220067', '658247904']",1.0,11,"['4039173544', '111246274', '2035957744', '501220067', '806826641', '862216261', '2633574577', '2207097020', '1710173105', '1296196846', '1821814425', '909448757', '638045135', '658247904', '706111994', '1822829554', '3684913145', '2463988205', '3666336376', '1069919017', '1723659710']"
[],[],0.0,0,"['99304280', '1948200529', '375313375', '1701175614', '2568101544', '1985433680', '4013841948', '2032526723', '1393599181', '518997024', '2666133623', '1601164027', '938757326', '669002535', '4030928781', '1172267526', '2955183029', '560749655', '764982096', '969102227', '245602791', '837112720', '4665914', '1530405749', '2301855155', '1664547326', '584210175', '1542235505', '272589076', '127245167', '2560430839', '2965990513', '815073530', '923223543', '450642101', '2049276840', '1233534275', '91619653', '652834435', '2077544511', '953269766', '402509531', '3185320145', '1829341778', '2925564676', '512078975', '2538341300', '3433065047', '2555970113', '2543362023', '1074032834', '2185933212', '509520049', '1770983509', '1814495220', '689082412', '1071165705', '865402197', '801426839', '1154693026', '65963502', '45175865', '2229579915', '1971030985', '1899661060', '231844275', '189108768', '935260603', '2083277374', '1555382960', '1979474148', '1388126182', '2595790412', '426105526', '640978953', '3397112898', '1881439123', '528090200', '4042981107', '1454216718', '691886029', '3444914013', '826626638', '1136411227', '1151895444', '1484337522', '2369976460', '2893673218', '795262837', '825862783', '2152708863', '2241437119', '1657026208', '215543320', '1751634799', '459782868', '2314168285', '3337091450', '3369071847', '1490246487', '1219609314']"
"['140400568', '2993793283', '3647860022', '1100855654', '1701490061', '1435850345', '3690907292', '205618829', '3632610284', '3420339170']","['140400568', '2993793283', '3647860022', '1100855654', '1701490061', '1435850345', '3690907292', '205618829', '3632610284', '3420339170']",1.0,7,"['140400568', '2993793283', '310010399', '2995999811', '1231237736', '3647860022', '2499218608', '3722042719', '3349983607', '1101043460', '2993720633', '1861284021', '1338219523', '2311864074', '33753568', '454777969', '124715407', '1009902500', '1347903900', '1360889141', '1635768340', '2461023239', '1821748582', '1759194087', '1846011580', '180050019', '2072406560', '711287621', '1130713177', '613623534', '1100855654', '1103313508', '814197831', '2549160718', '2822645061', '1056737929', '3118934991', '2746572441', '2876186613', '506004343', '3354739131', '1701490061', '3602387201', '415857220', '1884341981', '1350449622', '2030566488', '1435850345', '3690907292', '2679856276', '2744593400', '1295855789', '1921741100', '123730444', '2527981406', '2112772360', '205618829', '1939532036', '843034876', '2658278136', '3696660299', '509371286', '260075395', '588889687', '739971678', '623432099', '1472062897', '1871840831', '497255063', '1859153365', '3160959876', '881237164', '3609850158', '299447658', '1209432982', '125058421', '2071878880', '3483783463', '3632610284', '1391840264', '2138076882', '2012334604', '4075570507', '2116324100', '109424875', '1751216418', '866969031', '3420339170', '2856724749', '1371889571', '734853241', '466941251', '2368635141', '32571005', '346014098', '688641929', '2145216372', '851371474', '407530135', '179787834', '1726589660']"
[],[],0.0,0,"['1900778435', '680346523', '623132478', '2362625572', '1150823984', '934680714', '2973660740', '2361643107', '3768370208', '1631059123', '1697855044', '1232650622', '3666225715', '241614835', '2074518611', '129109188', '1549187566', '1638008831', '1460696281', '1351035666', '542647818', '1935442054', '4025051696', '849459419', '679807105', '2668912403', '562839879', '2334481689', '863280938', '1120437377', '214613160', '1427382739', '1043002370', '3461457446', '2317664612', '2534689701', '740584425', '3334925522', '127306146', '676335971', '2153676801', '1870533400', '1021444882', '122990508', '147572499', '471310457', '2669138480', '2134646280', '2138155403', '1949588380', '1768337759', '281580790', '2984596166', '3046744469', '2545505114', '2899954221', '1409429774', '183536274', '2419365311', '851211746', '2354467116', '1032560700', '1335988540', '451891314', '2945412938', '1841648102', '259592433', '922498529', '2210777481', '2752603466', '3463414018', '1048184081', '1892265500', '1184345725', '1290592840', '341558674', '1327655117', '2640479541', '2262301235', '1035321409', '639443735', '2051572626', '249752357', '3438059833', '1430208472', '399819975', '1596177360', '828537233', '1575279487', '755411511', '411989839', '2945445722', '2984207657', '3660636115', '2260411712', '1434402528', '2209787943', '2671335408', '2944421781', '929919862', '2346164562']"
"['2132782865', '1491808275', '141267013', '2477195157', '499697967']","['2132782865', '141267013', '2477195157', '499697967']",0.800000011920929,2,"['2132782865', '1491808275', '4000386773', '141267013', '2477195157', '499697967']"
"['1907584522', '3688042469', '2806305171', '2981601212', '1021855941', '2738679951', '552827278']","['1907584522', '3688042469', '2806305171', '2981601212', '2008122225', '1021855941', '2738679951', '1319348595', '552827278', '2108294124', '865469223']",0.6363636255264282,4,"['1907584522', '1751026793', '2342931971', '2735312944', '165003342', '3688042469', '2370095819', '4045572462', '538203064', '2379779293', '2818117435', '2677270312', '285769411', '2631366140', '2806305171', '163830982', '2981601212', '50043619', '2008122225', '1021855941', '2078931138', '2938714105', '405889714', '3057206675', '2348516316', '210681368', '3118065925', '1979543413', '1622537708', '796533681', '732356930', '1156012403', '1912877007', '1207349614', '776284783', '1508216277', '159428955', '2260717227', '1530615108', '1735578531', '2479713307', '541331591', '1677449356', '2434131220', '1675676711', '264506728', '655233267', '2214101275', '2747281421', '364206736', '2054746164', '464260775', '273386463', '1387300474', '1191753255', '817645219', '886537503', '2339356973', '112272275', '2337897230', '2386270663', '946489432', '4026705189', '1798277829', '1651513303', '2738679951', '740800438', '2051988735', '165466768', '1319348595', '2610228515', '2016250609', '2137119642', '1159882206', '3474142413', '2638564621', '552827278', '2108294124', '2500609037', '1286748961', '2765561855', '174664700', '3450479836', '59928385', '1457743423', '2708319100', '3111383404', '541999753', '151018103', '737332206', '3335452547', '1210887918', '1332701041', '2757724762', '1763983110', '1872584480', '95091647', '2261144076', '865469223', '1621255802', '451109960']"
[],[],0.0,0,"['2073056833', '1077193642', '2270699162', '717026419', '3461750732', '2109754714', '616451888', '2833597128', '1697720246', '985252339', '2662397300', '2091336738', '1969257539', '1065718562', '1511285870', '1964268823', '2344646911', '1231270766', '2482373463', '695194805', '2507325007', '1441199088', '2706322562', '2752318234', '1353988127', '2653174005', '335808106', '803804875', '1122924794', '3183881207', '1063788427', '1131392407', '1737752494', '4055554018', '3450626260', '799003508', '1919654502', '1528042507', '99376821', '3369632693', '1551115626', '931743918', '2989279560', '201652579', '1530690730', '1234614944', '3101058087', '1720265340', '2078549185', '3114329562', '241510334', '336079234', '1933484619', '2588798329', '3060147307', '2114097542', '2588718629', '1958839783', '2932966101', '744790364', '3413855225', '1296183558', '3322761488', '1725038706', '2984783052', '1951478872', '618271379', '2281953622', '2099758304', '2111863372', '224481420', '3665183405', '67117750', '1590686905', '1401125889', '3383162994', '3173592454', '858526827', '3743846210', '3358478381', '2170348395', '1653771540', '1976260838', '1566014967', '776282721', '2812234016', '1153895716', '2583745959', '1979331758', '974794327', '1185791909', '2048189304', '3180164846', '549099267', '2284763064', '2916898804', '2270577592', '1811030320', '689622412', '459485010', '2331735531']"
[],[],0.0,0,"['3393943967', '836260019', '622736506', '494733329', '1060282683', '1026939848', '1517275276', '644861175', '1316030364', '1670682227', '474343417', '1533738215', '2427834781', '2492146416', '2362345482', '1127551606', '2078752445', '2273236618', '502561645', '2998765040', '2686456305', '870995958', '1931635939', '3457248931', '225846544', '1602911152', '384390477', '2422392249', '2276766236', '1457860314', '1822322789', '760574436', '1042553028', '979364826', '987458908', '3603373368', '2372031802', '2513844361', '1123591860', '3623051408', '1078809415', '114069850', '1841709016', '1404220560', '132867444', '2987862225', '1067418320', '2857253781', '2431390630', '753648023', '108184915', '704388527', '842100367', '3136124125', '1808984300', '2269367774', '956652640', '322569355', '2801594801', '1444712206', '3316031494', '2525995180', '105410408', '515707295', '3650063692', '2984636300', '1649846007', '1039575770', '1129630616', '529027736', '2075337774', '142290680', '1327823326', '3380932630', '2287881225', '720984324', '3103468093', '134798600', '2461351012', '352109455', '569780575', '602760590', '589265899', '745513220', '1277222266', '851352985', '2176356857', '3344269023', '2351730915', '139385059', '4012384392', '2103490943', '351534322', '985262928', '1654132757', '1378133837', '942277102', '1745398451', '3308253509', '3477638356', '933513855']"
[],[],0.0,0,"['3642326213', '2919722718', '1272763726', '891728170', '1417739127', '3435721286', '16113562', '1689935733', '3181769446', '1581080858', '4055358611', '2670259208', '2842006917', '2412805355', '3364962178', '1627957214', '2439510048', '498732489', '3048300726', '1943967161', '855746681', '1992752785', '111669425', '2663297542', '1452030927', '3067238679', '2831697315', '3612363972', '1860725578', '3329867998', '1904357209', '973470049', '1623933861', '930077815', '2449011820', '2723204416', '455099499', '1141102239', '908576117', '1390563314', '998497244', '1711103436', '2081924420', '671057581', '2527941907', '170008704', '838030641', '1348209101', '1033313217', '753603880', '1964406963', '583758586', '473457663', '3373962412', '30864859', '2665625036', '929982643', '1304684061', '1694213877', '2124741028', '559413625', '1847375401', '4047946585', '557778095', '694554206', '3687415388', '1609422421', '646508375', '1103402140', '1078845431', '3365209428', '3156336863', '2387009139', '2153817130', '1460330145', '1571565533', '2357346472', '1806955917', '2930706881', '2679322625', '1337652238', '2865923710', '485167374', '1851205719', '1171068708', '1122477417', '2866403200', '2449011340', '1346769842', '1507712965']"
[],[],0.0,0,"['2820989823', '1853448904', '2692086622', '2107109323', '807865201', '2156065016', '2414872201', '2455806382', '1724443224', '2778802241', '1001159472', '1929039571', '3051092113', '2627164926', '890611105', '971020548', '164220758', '2338310743', '3381168977', '1371117433', '1158641564', '1304459224', '2918278236', '1153371109', '1583363631']"
"['4035988160', '1785157098', '1652851937', '3317935003', '2116576979', '3327735085', '1687480037', '3675311710', '965587952', '4159442405', '1022206710', '3720246408', '3123090850', '2990373531']","['4035988160', '1785157098', '155213621', '1652851937', '3317935003', '2116576979', '3327735085', '2105892189', '1687480037', '502153081', '3675311710', '965587952', '4159442405', '1022206710', '3720246408', '3123090850', '2990373531', '302833851']",0.7777777910232544,6,"['4035988160', '1785157098', '155213621', '1652851937', '3317935003', '2116576979', '2262915447', '3327735085', '2105892189', '1731796490', '1687480037', '502153081', '3675311710', '965587952', '4159442405', '1022206710', '3720246408', '3123090850', '2990373531', '302833851']"
"['1006979644', '53731397', '3753645035', '3051925275', '1958990589', '477789733']",[],0.0,2,"['1006979644', '861596419', '53731397', '343670045', '342747503', '1568473195', '1971317414', '501117012', '3753645035', '1269628504', '3772755216', '2179668476', '2913794857', '623191006', '3051925275', '3375335948', '1429912550', '2380909306', '1814454020', '2154870801', '1958990589', '477789733', '2156989484', '3060857724', '2572295229', '3623918053', '1902308595', '2234301394', '2135984030']"
[],[],0.0,0,"['2371235731', '1517434068', '1445473838', '3042015322', '2321922777', '2306459761', '2521718432', '974033903', '2904033126', '252706922', '1972368460', '1343565806', '1551390226', '1120926037', '3364919231', '359675313', '116645079', '1521492877', '92636565', '2920789681', '2413896036', '543736430', '5581602', '6074275', '2625460302', '86702670', '2842469056', '2197222191', '2773853929', '2362788101', '2686698002', '1867459010', '1237805009', '4023254713', '1194816846', '252850427', '2866745124', '2569019940', '3394333412', '796924620', '2889504636', '2417958161', '505315686', '3048020931', '2810469567', '2002982486', '878635700', '2731454562', '2291182609', '551401413', '1153589553', '436457135', '4101947814', '1401636128', '2552729081', '1437468676', '2497604918', '127971181', '3155865175', '1030773344', '2580411319', '780221670', '3927137', '824750711', '938499913', '230534809', '1578321737', '3171518297', '1145953637', '593728550', '1991083035', '3356281763', '897545543', '1341471575', '2764210329', '3113531421', '3104942966', '798786062', '2023311620', '2491436658', '2195611719', '1394680799', '2018001565', '2406996010', '1728064130', '1138142019', '1947822908', '1457025122', '2243802120', '3402988684', '1187457620', '828283968', '2383257712', '1995547708', '1599109244', '2567804011', '3046608728', '2675890418', '1692211615', '89431495', '2900287107']"
"['2198286133', '3614544735', '1561353521', '2827046813', '2556468540', '748213253', '2053085545']","['2198286133', '3614544735', '1561353521', '2827046813', '2556468540', '748213253', '2053085545']",1.0,2,"['2198286133', '3614544735', '1561353521', '2827046813', '2556468540', '571368902', '748213253', '2053085545']"
